site,site_idx,treat,y
Mexico,0,0,0.0
Mexico,0,1,513.2464916163547
Mexico,0,1,0.0
Mexico,0,0,0.0
Mexico,0,0,0.0
Mexico,0,1,0.0
Mexico,0,0,-174.50380714956057
Mexico,0,0,0.0
Mexico,0,0,0.0
Mexico,0,0,0.0
Mexico,0,0,0.0
Mexico,0,1,0.0
Mexico,0,0,0.0
Mexico,0,1,0.0
Mexico,0,1,0.0
Mexico,0,1,0.0
Mexico,0,0,205.29859664654185
Mexico,0,0,0.0
Mexico,0,0,0.0
Mexico,0,1,0.0
Mexico,0,1,0.0
Mexico,0,1,153.97394748490638
Mexico,0,1,0.0
Mexico,0,0,-61.589578993962554
Mexico,0,1,0.0
Mexico,0,1,0.0
Mexico,0,1,0.0
Mexico,0,1,0.0
Mexico,0,0,0.0
Mexico,0,1,0.0
Mexico,0,1,0.0
Mexico,0,0,0.0
Mexico,0,0,0.0
Mexico,0,0,0.0
Mexico,0,1,0.0
Mexico,0,1,0.0
Mexico,0,0,0.0
Mexico,0,0,0.0
Mexico,0,0,0.0
Mexico,0,0,0.0
Mexico,0,1,0.0
Mexico,0,0,0.0
Mexico,0,0,0.0
Mexico,0,0,0.0
Mexico,0,1,0.0
Mexico,0,0,0.0
Mexico,0,1,0.0
Mexico,0,1,0.0
Mexico,0,0,0.0
Mexico,0,1,0.0
Mexico,0,1,0.0
Mexico,0,0,0.0
Mexico,0,0,18.476873698188765
Mexico,0,0,0.0
Mexico,0,0,0.0
Mexico,0,0,-51.32464916163546
Mexico,0,0,0.0
Mexico,0,1,0.0
Mexico,0,0,0.0
Mexico,0,1,0.0
Mexico,0,0,0.0
Mexico,0,0,0.0
Mexico,0,1,0.0
Mexico,0,0,0.0
Mexico,0,0,0.0
Mexico,0,1,0.0
Mexico,0,0,0.0
Mexico,0,1,0.0
Mexico,0,1,410.5971932930837
Mexico,0,1,0.0
Mexico,0,1,0.0
Mexico,0,0,133.4440878202522
Mexico,0,0,0.0
Mexico,0,1,0.0
Mexico,0,0,1129.1422815559802
Mexico,0,0,0.0
Mexico,0,1,307.94789496981275
Mexico,0,1,0.0
Mexico,0,0,-14.37090176525793
Mexico,0,0,0.0
Mexico,0,1,0.0
Mexico,0,1,0.0
Mexico,0,0,0.0
Mexico,0,0,102.64929832327093
Mexico,0,0,0.0
Mexico,0,1,82.11943865861674
Mexico,0,0,0.0
Mexico,0,0,0.0
Mexico,0,1,0.0
Mexico,0,1,0.0
Mexico,0,1,0.0
Mexico,0,0,0.0
Mexico,0,1,0.0
Mexico,0,0,0.0
Mexico,0,0,30.794789496981277
Mexico,0,0,0.0
Mexico,0,1,153.97394748490638
Mexico,0,0,30.794789496981277
Mexico,0,0,0.0
Mexico,0,0,0.0
Mexico,0,0,0.0
Mexico,0,1,0.0
Mexico,0,0,0.0
Mexico,0,0,0.0
Mexico,0,1,0.0
Mexico,0,0,0.0
Mexico,0,1,0.0
Mexico,0,1,-1437.090176525793
Mexico,0,1,0.0
Mexico,0,0,-51.32464916163546
Mexico,0,0,0.0
Mexico,0,1,0.0
Mexico,0,1,0.0
Mexico,0,1,0.0
Mexico,0,1,0.0
Mexico,0,0,0.0
Mexico,0,1,0.0
Mexico,0,1,0.0
Mexico,0,1,0.0
Mexico,0,1,0.0
Mexico,0,1,0.0
Mexico,0,1,0.0
Mexico,0,0,0.0
Mexico,0,0,0.0
Mexico,0,0,0.0
Mexico,0,1,0.0
Mexico,0,0,0.0
Mexico,0,0,2720.2064055666797
Mexico,0,1,0.0
Mexico,0,1,0.0
Mexico,0,0,0.0
Mexico,0,1,82.11943865861674
Mexico,0,1,0.0
Mexico,0,0,0.0
Mexico,0,1,35.92725441314482
Mexico,0,1,0.0
Mexico,0,0,0.0
Mexico,0,0,0.0
Mexico,0,1,0.0
Mexico,0,0,0.0
Mexico,0,0,0.0
Mexico,0,1,0.0
Mexico,0,0,0.0
Mexico,0,0,0.0
Mexico,0,1,0.0
Mexico,0,0,0.0
Mexico,0,0,0.0
Mexico,0,0,0.0
Mexico,0,1,0.0
Mexico,0,0,0.0
Mexico,0,1,41.05971932930837
Mexico,0,0,0.0
Mexico,0,0,0.0
Mexico,0,0,0.0
Mexico,0,0,0.0
Mexico,0,1,0.0
Mexico,0,0,0.0
Mexico,0,1,0.0
Mexico,0,1,0.0
Mexico,0,1,102.64929832327093
Mexico,0,0,0.0
Mexico,0,1,0.0
Mexico,0,1,0.0
Mexico,0,1,10.264929832327093
Mexico,0,1,0.0
Mexico,0,0,61.589578993962554
Mexico,0,1,0.0
Mexico,0,0,0.0
Mexico,0,1,102.64929832327093
Mexico,0,1,0.0
Mexico,0,0,0.0
Mexico,0,1,0.0
Mexico,0,0,0.0
Mexico,0,1,0.0
Mexico,0,0,0.0
Mexico,0,1,0.0
Mexico,0,0,0.0
Mexico,0,0,0.0
Mexico,0,1,0.0
Mexico,0,1,0.0
Mexico,0,0,205.29859664654185
Mexico,0,0,0.0
Mexico,0,1,0.0
Mexico,0,1,0.0
Mexico,0,1,0.0
Mexico,0,1,102.64929832327093
Mexico,0,1,30.794789496981277
Mexico,0,0,0.0
Mexico,0,1,30.794789496981277
Mexico,0,1,71.85450882628965
Mexico,0,0,0.0
Mexico,0,1,0.0
Mexico,0,1,0.0
Mexico,0,1,0.0
Mexico,0,0,0.0
Mexico,0,0,0.0
Mexico,0,0,0.0
Mexico,0,0,0.0
Mexico,0,1,0.0
Mexico,0,0,0.0
Mexico,0,1,0.0
Mexico,0,0,0.0
Mexico,0,0,0.0
Mexico,0,0,0.0
Mexico,0,0,20.529859664654186
Mexico,0,0,0.0
Mexico,0,1,0.0
Mexico,0,0,0.0
Mexico,0,1,0.0
Mexico,0,0,0.0
Mexico,0,0,0.0
Mexico,0,0,0.0
Mexico,0,1,0.0
Mexico,0,1,-20.529859664654186
Mexico,0,1,0.0
Mexico,0,1,0.0
Mexico,0,0,0.0
Mexico,0,1,0.0
Mexico,0,0,0.0
Mexico,0,0,0.0
Mexico,0,1,0.0
Mexico,0,0,61.589578993962554
Mexico,0,1,0.0
Mexico,0,1,0.0
Mexico,0,0,0.0
Mexico,0,0,133.4440878202522
Mexico,0,0,20.529859664654186
Mexico,0,0,0.0
Mexico,0,1,0.0
Mexico,0,1,20.529859664654186
Mexico,0,0,0.0
Mexico,0,1,-256.62324580817733
Mexico,0,1,0.0
Mexico,0,1,0.0
Mexico,0,1,0.0
Mexico,0,0,0.0
Mexico,0,0,0.0
Mexico,0,1,0.0
Mexico,0,0,0.0
Mexico,0,1,25.66232458081773
Mexico,0,1,184.76873698188766
Mexico,0,1,0.0
Mexico,0,0,0.0
Mexico,0,0,0.0
Mexico,0,0,0.0
Mexico,0,1,0.0
Mexico,0,0,0.0
Mexico,0,1,0.0
Mexico,0,1,0.0
Mexico,0,0,0.0
Mexico,0,1,0.0
Mexico,0,1,0.0
Mexico,0,1,0.0
Mexico,0,0,0.0
Mexico,0,0,0.0
Mexico,0,0,0.0
Mexico,0,1,0.0
Mexico,0,0,205.29859664654185
Mexico,0,0,0.0
Mexico,0,0,123.17915798792511
Mexico,0,1,0.0
Mexico,0,1,0.0
Mexico,0,1,0.0
Mexico,0,1,0.0
Mexico,0,0,0.0
Mexico,0,1,0.0
Mexico,0,1,0.0
Mexico,0,1,0.0
Mexico,0,1,0.0
Mexico,0,0,0.0
Mexico,0,1,0.0
Mexico,0,1,0.0
Mexico,0,1,102.64929832327093
Mexico,0,1,0.0
Mexico,0,1,0.0
Mexico,0,1,0.0
Mexico,0,0,0.0
Mexico,0,0,0.0
Mexico,0,1,0.0
Mexico,0,0,0.0
Mexico,0,0,0.0
Mexico,0,0,0.0
Mexico,0,1,0.0
Mexico,0,0,0.0
Mexico,0,0,0.0
Mexico,0,1,0.0
Mexico,0,1,51.32464916163546
Mexico,0,1,0.0
Mexico,0,1,-18.476873698188765
Mexico,0,1,0.0
Mexico,0,1,0.0
Mexico,0,0,0.0
Mexico,0,1,0.0
Mexico,0,0,205.29859664654185
Mexico,0,1,51.32464916163546
Mexico,0,1,0.0
Mexico,0,0,0.0
Mexico,0,0,0.0
Mexico,0,1,0.0
Mexico,0,0,0.0
Mexico,0,0,0.0
Mexico,0,0,0.0
Mexico,0,1,0.0
Mexico,0,1,0.0
Mexico,0,1,0.0
Mexico,0,1,0.0
Mexico,0,0,0.0
Mexico,0,0,0.0
Mexico,0,1,0.0
Mexico,0,1,0.0
Mexico,0,1,-307.94789496981275
Mexico,0,1,0.0
Mexico,0,1,0.0
Mexico,0,1,0.0
Mexico,0,1,0.0
Mexico,0,0,0.0
Mexico,0,1,0.0
Mexico,0,1,0.0
Mexico,0,1,0.0
Mexico,0,1,0.0
Mexico,0,0,0.0
Mexico,0,1,0.0
Mexico,0,1,0.0
Mexico,0,0,0.0
Mexico,0,0,0.0
Mexico,0,1,0.0
Mexico,0,0,0.0
Mexico,0,1,0.0
Mexico,0,1,-92.38436849094383
Mexico,0,0,0.0
Mexico,0,1,0.0
Mexico,0,1,0.0
Mexico,0,1,0.0
Mexico,0,0,0.0
Mexico,0,1,0.0
Mexico,0,1,0.0
Mexico,0,0,0.0
Mexico,0,0,0.0
Mexico,0,1,0.0
Mexico,0,1,0.0
Mexico,0,1,0.0
Mexico,0,1,0.0
Mexico,0,1,0.0
Mexico,0,0,205.29859664654185
Mexico,0,1,0.0
Mexico,0,1,0.0
Mexico,0,1,-30.794789496981277
Mexico,0,0,0.0
Mexico,0,0,184.76873698188766
Mexico,0,1,0.0
Mexico,0,0,0.0
Mexico,0,0,0.0
Mexico,0,1,0.0
Mexico,0,1,25.66232458081773
Mexico,0,0,0.0
Mexico,0,0,0.0
Mexico,0,1,0.0
Mexico,0,0,0.0
Mexico,0,0,0.0
Mexico,0,1,0.0
Mexico,0,0,209.40456857947268
Mexico,0,0,0.0
Mexico,0,1,0.0
Mexico,0,0,0.0
Mexico,0,0,0.0
Mexico,0,0,0.0
Mexico,0,0,0.0
Mexico,0,1,0.0
Mexico,0,0,0.0
Mexico,0,0,0.0
Mexico,0,1,-27.71531054728315
Mexico,0,0,20.529859664654186
Mexico,0,1,0.0
Mexico,0,1,0.0
Mexico,0,0,0.0
Mexico,0,0,0.0
Mexico,0,0,0.0
Mexico,0,0,0.0
Mexico,0,0,-10.264929832327093
Mexico,0,0,0.0
Mexico,0,0,0.0
Mexico,0,0,0.0
Mexico,0,1,0.0
Mexico,0,0,143.7090176525793
Mexico,0,0,0.0
Mexico,0,1,0.0
Mexico,0,0,0.0
Mexico,0,0,0.0
Mexico,0,1,-153.97394748490638
Mexico,0,1,115.4804606136798
Mexico,0,0,0.0
Mexico,0,0,0.0
Mexico,0,0,0.0
Mexico,0,1,0.0
Mexico,0,0,0.0
Mexico,0,0,0.0
Mexico,0,0,0.0
Mexico,0,1,102.64929832327093
Mexico,0,1,0.0
Mexico,0,0,71.85450882628965
Mexico,0,1,-205.29859664654185
Mexico,0,0,82.11943865861674
Mexico,0,0,0.0
Mexico,0,0,0.0
Mexico,0,1,0.0
Mexico,0,1,0.0
Mexico,0,1,102.64929832327093
Mexico,0,1,0.0
Mexico,0,0,0.0
Mexico,0,0,0.0
Mexico,0,0,0.0
Mexico,0,1,0.0
Mexico,0,1,0.0
Mexico,0,1,0.0
Mexico,0,1,0.0
Mexico,0,1,0.0
Mexico,0,0,0.0
Mexico,0,0,0.0
Mexico,0,0,0.0
Mexico,0,1,-98.54332639034008
Mexico,0,0,0.0
Mexico,0,0,0.0
Mexico,0,1,0.0
Mexico,0,1,0.0
Mexico,0,1,0.0
Mexico,0,1,0.0
Mexico,0,1,0.0
Mexico,0,0,0.0
Mexico,0,1,0.0
Mexico,0,0,102.64929832327093
Mexico,0,1,0.0
Mexico,0,1,0.0
Mexico,0,1,0.0
Mexico,0,0,153.97394748490638
Mexico,0,1,0.0
Mexico,0,1,0.0
Mexico,0,1,20.529859664654186
Mexico,0,0,0.0
Mexico,0,0,0.0
Mexico,0,0,0.0
Mexico,0,0,0.0
Mexico,0,1,0.0
Mexico,0,0,0.0
Mexico,0,1,0.0
Mexico,0,0,0.0
Mexico,0,0,0.0
Mexico,0,0,0.0
Mexico,0,1,0.0
Mexico,0,1,0.0
Mexico,0,0,11.702020008852886
Mexico,0,1,0.0
Mexico,0,0,51.32464916163546
Mexico,0,1,0.0
Mexico,0,1,0.0
Mexico,0,1,112.91422815559801
Mexico,0,1,0.0
Mexico,0,0,0.0
Mexico,0,0,61.589578993962554
Mexico,0,0,0.0
Mexico,0,0,307.94789496981275
Mexico,0,0,0.0
Mexico,0,1,0.0
Mexico,0,0,0.0
Mexico,0,1,0.0
Mexico,0,1,0.0
Mexico,0,0,0.0
Mexico,0,1,0.0
Mexico,0,1,0.0
Mexico,0,0,0.0
Mexico,0,1,0.0
Mexico,0,1,0.0
Mexico,0,1,0.0
Mexico,0,0,0.0
Mexico,0,0,0.0
Mexico,0,1,0.0
Mexico,0,0,0.0
Mexico,0,1,0.0
Mexico,0,0,102.64929832327093
Mexico,0,1,102.64929832327093
Mexico,0,1,153.97394748490638
Mexico,0,1,0.0
Mexico,0,0,0.0
Mexico,0,1,0.0
Mexico,0,0,184.76873698188766
Mexico,0,0,0.0
Mexico,0,0,0.0
Mexico,0,1,0.0
Mexico,0,0,0.0
Mexico,0,1,123.17915798792511
Mexico,0,0,0.0
Mexico,0,0,0.0
Mexico,0,1,102.64929832327093
Mexico,0,0,0.0
Mexico,0,0,0.0
Mexico,0,1,0.0
Mexico,0,1,0.0
Mexico,0,0,0.0
Mexico,0,0,0.0
Mexico,0,0,0.0
Mexico,0,1,-205.29859664654185
Mexico,0,1,-51.32464916163546
Mexico,0,0,0.0
Mexico,0,0,0.0
Mexico,0,1,246.66626387082002
Mexico,0,1,30.794789496981277
Mexico,0,0,0.0
Mexico,0,0,0.0
Mexico,0,1,0.0
Mexico,0,0,0.0
Mexico,0,0,71.85450882628965
Mexico,0,1,0.0
Mexico,0,0,0.0
Mexico,0,0,-41.57296582092472
Mexico,0,0,0.0
Mexico,0,1,0.0
Mexico,0,0,0.0
Mexico,0,1,41.05971932930837
Mexico,0,0,0.0
Mexico,0,0,0.0
Mexico,0,1,0.0
Mexico,0,0,0.0
Mexico,0,1,0.0
Mexico,0,0,71.85450882628965
Mexico,0,1,0.0
Mexico,0,1,0.0
Mexico,0,1,0.0
Mexico,0,1,0.0
Mexico,0,0,0.0
Mexico,0,1,0.0
Mexico,0,1,0.0
Mexico,0,0,0.0
Mexico,0,1,0.0
Mexico,0,1,0.0
Mexico,0,1,0.0
Mexico,0,0,0.0
Mexico,0,0,0.0
Mexico,0,0,0.0
Mexico,0,0,0.0
Mexico,0,0,0.0
Mexico,0,1,20.529859664654186
Mexico,0,0,0.0
Mexico,0,1,0.0
Mexico,0,0,0.0
Mexico,0,1,0.0
Mexico,0,1,0.0
Mexico,0,0,0.0
Mexico,0,1,61.589578993962554
Mexico,0,0,0.0
Mexico,0,0,0.0
Mexico,0,1,0.0
Mexico,0,1,0.0
Mexico,0,1,0.0
Mexico,0,0,0.0
Mexico,0,1,92.38436849094383
Mexico,0,1,0.0
Mexico,0,1,0.0
Mexico,0,1,102.64929832327093
Mexico,0,0,0.0
Mexico,0,1,0.0
Mexico,0,0,0.0
Mexico,0,0,61.589578993962554
Mexico,0,0,143.7090176525793
Mexico,0,0,0.0
Mexico,0,0,0.0
Mexico,0,0,0.0
Mexico,0,1,0.0
Mexico,0,0,513.2464916163547
Mexico,0,0,0.0
Mexico,0,1,0.0
Mexico,0,0,0.0
Mexico,0,0,0.0
Mexico,0,0,0.0
Mexico,0,1,-461.9218424547192
Mexico,0,1,0.0
Mexico,0,1,225.82845631119602
Mexico,0,1,0.0
Mexico,0,0,0.0
Mexico,0,0,30.794789496981277
Mexico,0,0,410.5971932930837
Mexico,0,1,0.0
Mexico,0,0,-30.794789496981277
Mexico,0,0,0.0
Mexico,0,1,0.0
Mexico,0,0,10.264929832327093
Mexico,0,0,0.0
Mexico,0,1,0.0
Mexico,0,1,0.0
Mexico,0,1,0.0
Mexico,0,0,0.0
Mexico,0,1,138.57655273641575
Mexico,0,0,0.0
Mexico,0,0,0.0
Mexico,0,1,0.0
Mexico,0,1,0.0
Mexico,0,1,0.0
Mexico,0,0,0.0
Mexico,0,1,0.0
Mexico,0,0,0.0
Mexico,0,0,0.0
Mexico,0,0,0.0
Mexico,0,1,0.0
Mexico,0,0,0.0
Mexico,0,1,0.0
Mexico,0,1,0.0
Mexico,0,0,0.0
Mexico,0,1,0.0
Mexico,0,1,0.0
Mexico,0,1,0.0
Mexico,0,1,0.0
Mexico,0,0,0.0
Mexico,0,1,0.0
Mexico,0,0,30.794789496981277
Mexico,0,0,0.0
Mexico,0,0,349.00761429912114
Mexico,0,1,61.589578993962554
Mexico,0,1,0.0
Mexico,0,1,0.0
Mexico,0,0,0.0
Mexico,0,0,66.7220439101261
Mexico,0,0,-10.264929832327093
Mexico,0,1,0.0
Mexico,0,0,0.0
Mexico,0,1,0.0
Mexico,0,0,0.0
Mexico,0,1,16.423887731723347
Mexico,0,0,0.0
Mexico,0,0,143.7090176525793
Mexico,0,0,0.0
Mexico,0,0,-128.31162290408867
Mexico,0,1,0.0
Mexico,0,1,123.17915798792511
Mexico,0,1,0.0
Mexico,0,1,0.0
Mexico,0,0,0.0
Mexico,0,0,0.0
Mexico,0,0,0.0
Mexico,0,1,0.0
Mexico,0,0,0.0
Mexico,0,1,0.0
Mexico,0,0,0.0
Mexico,0,0,0.0
Mexico,0,1,0.0
Mexico,0,1,71.85450882628965
Mexico,0,1,0.0
Mexico,0,1,0.0
Mexico,0,0,0.0
Mexico,0,0,0.0
Mexico,0,1,0.0
Mexico,0,1,0.0
Mexico,0,0,0.0
Mexico,0,0,0.0
Mexico,0,1,53.37763512810088
Mexico,0,0,0.0
Mexico,0,1,0.0
Mexico,0,0,0.0
Mexico,0,1,0.0
Mexico,0,1,10.264929832327093
Mexico,0,1,10.264929832327093
Mexico,0,0,0.0
Mexico,0,0,0.0
Mexico,0,1,0.0
Mexico,0,1,0.0
Mexico,0,0,0.0
Mexico,0,1,0.0
Mexico,0,0,0.0
Mexico,0,1,0.0
Mexico,0,0,572.7830846438518
Mexico,0,0,0.0
Mexico,0,1,0.0
Mexico,0,0,0.0
Mexico,0,0,0.0
Mexico,0,0,0.0
Mexico,0,0,0.0
Mexico,0,1,0.0
Mexico,0,0,0.0
Mexico,0,0,0.0
Mexico,0,0,0.0
Mexico,0,1,0.0
Mexico,0,1,0.0
Mexico,0,1,0.0
Mexico,0,1,0.0
Mexico,0,0,0.0
Mexico,0,0,-102.64929832327093
Mexico,0,0,0.0
Mexico,0,1,0.0
Mexico,0,0,133.4440878202522
Mexico,0,0,0.0
Mexico,0,1,0.0
Mexico,0,0,461.9218424547192
Mexico,0,0,6.158957899396255
Mexico,0,1,0.0
Mexico,0,0,0.0
Mexico,0,1,51.32464916163546
Mexico,0,1,0.0
Mexico,0,1,0.0
Mexico,0,1,0.0
Mexico,0,1,0.0
Mexico,0,0,195.03366681421477
Mexico,0,0,-61.589578993962554
Mexico,0,0,0.0
Mexico,0,0,0.0
Mexico,0,0,0.0
Mexico,0,1,0.0
Mexico,0,1,0.0
Mexico,0,1,0.0
Mexico,0,0,0.0
Mexico,0,0,0.0
Mexico,0,1,0.0
Mexico,0,1,0.0
Mexico,0,1,0.0
Mexico,0,0,0.0
Mexico,0,1,0.0
Mexico,0,1,0.0
Mexico,0,1,102.64929832327093
Mexico,0,1,0.0
Mexico,0,1,0.0
Mexico,0,1,0.0
Mexico,0,1,0.0
Mexico,0,0,102.64929832327093
Mexico,0,0,10.264929832327093
Mexico,0,0,0.0
Mexico,0,1,0.0
Mexico,0,1,0.0
Mexico,0,1,0.0
Mexico,0,0,0.0
Mexico,0,0,0.0
Mexico,0,1,5.1324649161635465
Mexico,0,0,0.0
Mexico,0,0,0.0
Mexico,0,1,0.0
Mexico,0,0,0.0
Mexico,0,0,0.0
Mexico,0,1,0.0
Mexico,0,1,123.17915798792511
Mexico,0,1,0.0
Mexico,0,0,0.0
Mexico,0,0,0.0
Mexico,0,0,0.0
Mexico,0,1,153.97394748490638
Mexico,0,0,0.0
Mexico,0,0,-133.4440878202522
Mexico,0,1,0.0
Mexico,0,1,0.0
Mexico,0,1,0.0
Mexico,0,1,0.0
Mexico,0,1,0.0
Mexico,0,0,0.0
Mexico,0,0,0.0
Mexico,0,1,3.0794789496981276
Mexico,0,1,0.0
Mexico,0,1,0.0
Mexico,0,1,0.0
Mexico,0,0,0.0
Mexico,0,0,0.0
Mexico,0,1,0.0
Mexico,0,1,0.0
Mexico,0,1,0.0
Mexico,0,1,0.0
Mexico,0,0,0.0
Mexico,0,1,0.0
Mexico,0,1,0.0
Mexico,0,0,0.0
Mexico,0,0,0.0
Mexico,0,0,0.0
Mexico,0,1,0.0
Mexico,0,0,0.0
Mexico,0,1,0.0
Mexico,0,1,0.0
Mexico,0,0,0.0
Mexico,0,0,0.0
Mexico,0,1,0.0
Mexico,0,1,307.94789496981275
Mexico,0,0,82.11943865861674
Mexico,0,1,0.0
Mexico,0,0,0.0
Mexico,0,0,0.0
Mexico,0,0,0.0
Mexico,0,0,0.0
Mexico,0,0,0.0
Mexico,0,0,0.0
Mexico,0,0,0.0
Mexico,0,1,0.0
Mexico,0,1,0.0
Mexico,0,1,0.0
Mexico,0,1,0.0
Mexico,0,1,0.0
Mexico,0,1,0.0
Mexico,0,1,61.589578993962554
Mexico,0,0,1026.4929832327093
Mexico,0,0,0.0
Mexico,0,0,153.97394748490638
Mexico,0,1,0.0
Mexico,0,1,-153.97394748490638
Mexico,0,1,82.11943865861674
Mexico,0,0,0.0
Mexico,0,1,0.0
Mexico,0,1,0.0
Mexico,0,0,0.0
Mexico,0,0,0.0
Mexico,0,1,0.0
Mexico,0,0,0.0
Mexico,0,1,0.0
Mexico,0,1,0.0
Mexico,0,0,0.0
Mexico,0,0,0.0
Mexico,0,0,0.0
Mexico,0,1,0.0
Mexico,0,0,51.32464916163546
Mexico,0,1,0.0
Mexico,0,1,10.264929832327093
Mexico,0,1,0.0
Mexico,0,1,0.0
Mexico,0,1,0.0
Mexico,0,0,0.0
Mexico,0,1,0.0
Mexico,0,0,0.0
Mexico,0,0,0.0
Mexico,0,1,0.0
Mexico,0,1,0.0
Mexico,0,1,0.0
Mexico,0,1,0.0
Mexico,0,0,0.0
Mexico,0,0,0.0
Mexico,0,1,123.17915798792511
Mexico,0,0,0.0
Mexico,0,1,0.0
Mexico,0,0,0.0
Mexico,0,1,0.0
Mexico,0,0,0.0
Mexico,0,1,0.0
Mexico,0,1,0.0
Mexico,0,0,-12.31791579879251
Mexico,0,1,0.0
Mexico,0,0,0.0
Mexico,0,0,0.0
Mexico,0,0,0.0
Mexico,0,0,0.0
Mexico,0,0,71.85450882628965
Mexico,0,1,41.05971932930837
Mexico,0,0,0.0
Mexico,0,0,0.0
Mexico,0,1,0.0
Mexico,0,0,0.0
Mexico,0,0,0.0
Mexico,0,0,0.0
Mexico,0,0,0.0
Mexico,0,0,0.0
Mexico,0,1,0.0
Mexico,0,0,0.0
Mexico,0,0,0.0
Mexico,0,0,0.0
Mexico,0,1,0.0
Mexico,0,1,0.0
Mexico,0,0,205.29859664654185
Mexico,0,0,0.0
Mexico,0,1,0.0
Mexico,0,0,0.0
Mexico,0,0,0.0
Mexico,0,0,0.0
Mexico,0,1,0.0
Mexico,0,1,0.0
Mexico,0,0,0.0
Mexico,0,0,0.0
Mexico,0,1,0.0
Mexico,0,0,0.0
Mexico,0,1,0.0
Mexico,0,1,0.0
Mexico,0,0,0.0
Mexico,0,1,0.0
Mexico,0,1,0.0
Mexico,0,1,0.0
Mexico,0,0,0.0
Mexico,0,0,0.0
Mexico,0,1,0.0
Mexico,0,1,0.0
Mexico,0,0,0.0
Mexico,0,1,0.0
Mexico,0,1,-30.794789496981277
Mexico,0,1,-46.192184245471914
Mexico,0,0,0.0
Mexico,0,0,225.82845631119602
Mexico,0,1,0.0
Mexico,0,1,0.0
Mexico,0,1,0.0
Mexico,0,1,71.85450882628965
Mexico,0,0,8.725190357478029
Mexico,0,1,0.0
Mexico,0,1,0.0
Mexico,0,1,33.8742684466794
Mexico,0,0,0.0
Mexico,0,1,0.0
Mexico,0,0,143.7090176525793
Mexico,0,0,0.0
Mexico,0,1,0.0
Mexico,0,0,0.0
Mexico,0,1,0.0
Mexico,0,1,0.0
Mexico,0,0,0.0
Mexico,0,0,0.0
Mexico,0,0,0.0
Mexico,0,1,0.0
Mexico,0,1,0.0
Mexico,0,0,0.0
Mexico,0,1,0.0
Mexico,0,0,0.0
Mexico,0,1,0.0
Mexico,0,0,0.0
Mexico,0,1,0.0
Mexico,0,1,0.0
Mexico,0,1,102.64929832327093
Mexico,0,1,0.0
Mexico,0,1,61.589578993962554
Mexico,0,1,0.0
Mexico,0,1,0.0
Mexico,0,0,256.62324580817733
Mexico,0,0,0.0
Mexico,0,1,-205.29859664654185
Mexico,0,0,0.0
Mexico,0,1,0.0
Mexico,0,0,0.0
Mexico,0,1,0.0
Mexico,0,1,0.0
Mexico,0,0,0.0
Mexico,0,0,0.0
Mexico,0,1,0.0
Mexico,0,0,0.0
Mexico,0,0,0.0
Mexico,0,1,0.0
Mexico,0,1,0.0
Mexico,0,0,0.0
Mexico,0,1,20.529859664654186
Mexico,0,1,0.0
Mexico,0,1,0.0
Mexico,0,1,0.0
Mexico,0,1,0.0
Mexico,0,1,0.0
Mexico,0,0,0.0
Mexico,0,0,102.64929832327093
Mexico,0,0,0.0
Mexico,0,0,0.0
Mexico,0,0,0.0
Mexico,0,1,0.0
Mexico,0,0,0.0
Mexico,0,0,0.0
Mexico,0,1,0.0
Mexico,0,0,0.0
Mexico,0,0,0.0
Mexico,0,1,0.0
Mexico,0,0,0.0
Mexico,0,0,0.0
Mexico,0,0,0.0
Mexico,0,0,0.0
Mexico,0,1,0.0
Mexico,0,1,0.0
Mexico,0,1,0.0
Mexico,0,0,0.0
Mexico,0,0,0.0
Mexico,0,0,0.0
Mexico,0,1,0.0
Mexico,0,0,0.0
Mexico,0,1,0.0
Mexico,0,1,0.0
Mexico,0,0,0.0
Mexico,0,0,0.0
Mexico,0,1,0.0
Mexico,0,1,0.0
Mexico,0,1,0.0
Mexico,0,1,0.0
Mexico,0,0,123.17915798792511
Mexico,0,1,0.0
Mexico,0,0,0.0
Mexico,0,1,0.0
Mexico,0,1,-51.32464916163546
Mexico,0,1,0.0
Mexico,0,0,0.0
Mexico,0,1,143.7090176525793
Mexico,0,1,-10.264929832327093
Mexico,0,0,0.0
Mexico,0,0,0.0
Mexico,0,1,0.0
Mexico,0,1,0.0
Mexico,0,0,0.0
Mexico,0,0,0.0
Mexico,0,1,0.0
Mexico,0,0,0.0
Mexico,0,1,0.0
Mexico,0,0,0.0
Mexico,0,0,0.0
Mexico,0,0,0.0
Mexico,0,1,821.1943865861674
Mexico,0,0,0.0
Mexico,0,1,0.0
Mexico,0,1,394.6865520529767
Mexico,0,0,30.794789496981277
Mexico,0,0,0.0
Mexico,0,0,92.38436849094383
Mexico,0,1,0.0
Mexico,0,0,0.0
Mexico,0,1,0.0
Mexico,0,1,0.0
Mexico,0,1,20.529859664654186
Mexico,0,1,0.0
Mexico,0,0,0.0
Mexico,0,1,0.0
Mexico,0,0,0.0
Mexico,0,1,0.0
Mexico,0,0,0.0
Mexico,0,1,0.0
Mexico,0,1,0.0
Mexico,0,1,0.0
Mexico,0,1,0.0
Mexico,0,1,0.0
Mexico,0,1,0.0
Mexico,0,1,0.0
Mexico,0,0,0.0
Mexico,0,1,0.0
Mexico,0,0,0.0
Mexico,0,1,0.0
Mexico,0,1,0.0
Mexico,0,1,0.0
Mexico,0,1,0.0
Mexico,0,1,0.0
Mexico,0,0,0.0
Mexico,0,1,0.0
Mexico,0,1,0.0
Mexico,0,0,0.0
Mexico,0,0,0.0
Mexico,0,1,0.0
Mexico,0,0,0.0
Mexico,0,0,0.0
Mexico,0,1,-205.29859664654185
Mexico,0,0,-41.05971932930837
Mexico,0,0,0.0
Mexico,0,0,0.0
Mexico,0,0,0.0
Mexico,0,1,0.0
Mexico,0,0,0.0
Mexico,0,1,0.0
Mexico,0,1,0.0
Mexico,0,1,0.0
Mexico,0,1,0.0
Mexico,0,0,0.0
Mexico,0,1,0.0
Mexico,0,1,0.0
Mexico,0,0,0.0
Mexico,0,1,41.05971932930837
Mexico,0,0,0.0
Mexico,0,1,0.0
Mexico,0,0,0.0
Mexico,0,0,0.0
Mexico,0,1,2.0529859664654184
Mexico,0,1,0.0
Mexico,0,0,0.0
Mexico,0,1,0.0
Mexico,0,0,0.0
Mexico,0,0,0.0
Mexico,0,1,0.0
Mexico,0,1,0.0
Mexico,0,0,0.0
Mexico,0,0,0.0
Mexico,0,1,51.32464916163546
Mexico,0,0,0.0
Mexico,0,1,0.0
Mexico,0,0,61.589578993962554
Mexico,0,0,102.64929832327093
Mexico,0,0,0.0
Mexico,0,1,0.0
Mexico,0,1,51.32464916163546
Mexico,0,1,0.0
Mexico,0,1,0.0
Mexico,0,1,0.0
Mexico,0,0,0.0
Mexico,0,1,66.7220439101261
Mexico,0,0,0.0
Mexico,0,1,0.0
Mexico,0,1,0.0
Mexico,0,1,0.0
Mexico,0,0,0.0
Mexico,0,0,338.74268446679406
Mexico,0,1,523.5114214486817
Mexico,0,1,0.0
Mexico,0,0,0.0
Mexico,0,0,0.0
Mexico,0,0,0.0
Mexico,0,0,0.0
Mexico,0,1,0.0
Mexico,0,0,0.0
Mexico,0,1,0.0
Mexico,0,1,0.0
Mexico,0,1,0.0
Mexico,0,0,0.0
Mexico,0,0,0.0
Mexico,0,1,0.0
Mexico,0,1,0.0
Mexico,0,0,0.0
Mexico,0,0,0.0
Mexico,0,1,71.85450882628965
Mexico,0,1,0.0
Mexico,0,1,0.0
Mexico,0,0,0.0
Mexico,0,1,0.0
Mexico,0,1,0.0
Mexico,0,1,0.0
Mexico,0,0,20.529859664654186
Mexico,0,1,0.0
Mexico,0,0,0.0
Mexico,0,1,0.0
Mexico,0,1,0.0
Mexico,0,0,0.0
Mexico,0,1,-30.794789496981277
Mexico,0,1,-153.97394748490638
Mexico,0,1,0.0
Mexico,0,0,10.264929832327093
Mexico,0,1,0.0
Mexico,0,0,0.0
Mexico,0,1,359.2725441314482
Mexico,0,0,0.0
Mexico,0,0,0.0
Mexico,0,1,0.0
Mexico,0,1,0.0
Mexico,0,0,10.264929832327093
Mexico,0,0,0.0
Mexico,0,1,0.0
Mexico,0,1,0.0
Mexico,0,1,0.0
Mexico,0,0,0.0
Mexico,0,0,0.0
Mexico,0,1,0.0
Mexico,0,1,0.0
Mexico,0,1,0.0
Mexico,0,0,4773.192372032098
Mexico,0,0,0.0
Mexico,0,0,41.05971932930837
Mexico,0,1,51.32464916163546
Mexico,0,0,0.0
Mexico,0,0,0.0
Mexico,0,0,0.0
Mexico,0,1,0.0
Mexico,0,1,0.0
Mexico,0,0,0.0
Mexico,0,0,0.0
Mexico,0,0,0.0
Mexico,0,0,0.0
Mexico,0,1,143.7090176525793
Mexico,0,1,0.0
Mexico,0,1,0.0
Mexico,0,1,0.0
Mexico,0,1,0.0
Mexico,0,0,0.0
Mexico,0,0,0.0
Mexico,0,0,41.05971932930837
Mexico,0,0,0.0
Mexico,0,0,0.0
Mexico,0,1,0.0
Mexico,0,0,0.0
Mexico,0,0,0.0
Mexico,0,1,0.0
Mexico,0,1,0.0
Mexico,0,0,0.0
Mexico,0,0,0.0
Mexico,0,1,71.85450882628965
Mexico,0,1,0.0
Mexico,0,0,0.0
Mexico,0,1,205.29859664654185
Mexico,0,1,-236.09338614352313
Mexico,0,0,0.0
Mexico,0,1,0.0
Mexico,0,1,0.0
Mexico,0,0,0.0
Mexico,0,1,0.0
Mexico,0,1,0.0
Mexico,0,1,0.0
Mexico,0,0,0.0
Mexico,0,0,30.794789496981277
Mexico,0,0,-82.9406330452029
Mexico,0,0,0.0
Mexico,0,0,0.0
Mexico,0,0,61.589578993962554
Mexico,0,1,0.0
Mexico,0,0,0.0
Mexico,0,0,0.0
Mexico,0,0,0.0
Mexico,0,1,0.0
Mexico,0,0,0.0
Mexico,0,1,-359.2725441314482
Mexico,0,1,-30.794789496981277
Mexico,0,0,0.0
Mexico,0,1,0.0
Mexico,0,0,0.0
Mexico,0,1,0.0
Mexico,0,0,0.0
Mexico,0,0,133.4440878202522
Mexico,0,0,0.0
Mexico,0,0,0.0
Mexico,0,1,0.0
Mexico,0,1,0.0
Mexico,0,1,0.0
Mexico,0,1,0.0
Mexico,0,1,0.0
Mexico,0,1,0.0
Mexico,0,1,82.11943865861674
Mexico,0,0,41.05971932930837
Mexico,0,0,0.0
Mexico,0,0,0.0
Mexico,0,0,0.0
Mexico,0,0,0.0
Mexico,0,1,0.0
Mexico,0,0,0.0
Mexico,0,0,0.0
Mexico,0,1,61.589578993962554
Mexico,0,0,0.0
Mexico,0,1,0.0
Mexico,0,1,0.0
Mexico,0,0,0.0
Mexico,0,1,0.0
Mexico,0,0,0.0
Mexico,0,0,0.0
Mexico,0,1,0.0
Mexico,0,0,0.0
Mexico,0,0,0.0
Mexico,0,1,0.0
Mexico,0,1,0.0
Mexico,0,0,51.32464916163546
Mexico,0,0,0.0
Mexico,0,0,0.0
Mexico,0,0,0.0
Mexico,0,1,0.0
Mexico,0,1,156.0269334513718
Mexico,0,0,0.0
Mexico,0,1,0.0
Mexico,0,0,0.0
Mexico,0,1,41.05971932930837
Mexico,0,0,0.0
Mexico,0,1,0.0
Mexico,0,0,0.0
Mexico,0,0,0.0
Mexico,0,1,0.0
Mexico,0,1,0.0
Mexico,0,0,0.0
Mexico,0,0,0.0
Mexico,0,0,102.64929832327093
Mexico,0,0,160.13290538430263
Mexico,0,0,-25.66232458081773
Mexico,0,1,0.0
Mexico,0,1,0.0
Mexico,0,0,82.11943865861674
Mexico,0,1,0.0
Mexico,0,1,0.0
Mexico,0,1,0.0
Mexico,0,1,0.0
Mexico,0,0,0.0
Mexico,0,1,5.1324649161635465
Mexico,0,0,0.0
Mexico,0,1,0.0
Mexico,0,1,0.0
Mexico,0,0,0.0
Mexico,0,1,-513.2464916163547
Mexico,0,0,492.71663195170044
Mexico,0,0,513.2464916163547
Mexico,0,1,153.97394748490638
Mexico,0,0,0.0
Mexico,0,0,0.0
Mexico,0,0,0.0
Mexico,0,1,246.35831597585022
Mexico,0,1,0.0
Mexico,0,0,307.94789496981275
Mexico,0,1,82.11943865861674
Mexico,0,0,0.0
Mexico,0,1,15.397394748490639
Mexico,0,1,0.0
Mexico,0,0,30.794789496981277
Mexico,0,1,0.0
Mexico,0,1,0.0
Mexico,0,0,0.0
Mexico,0,1,0.0
Mexico,0,0,0.0
Mexico,0,0,0.0
Mexico,0,1,0.0
Mexico,0,0,0.0
Mexico,0,1,0.0
Mexico,0,1,0.0
Mexico,0,0,0.0
Mexico,0,0,0.0
Mexico,0,0,0.0
Mexico,0,1,0.0
Mexico,0,1,0.0
Mexico,0,1,0.0
Mexico,0,1,92.38436849094383
Mexico,0,1,0.0
Mexico,0,0,0.0
Mexico,0,1,20.529859664654186
Mexico,0,1,0.0
Mexico,0,0,0.0
Mexico,0,0,-513.2464916163547
Mexico,0,0,0.0
Mexico,0,0,0.0
Mexico,0,1,-205.29859664654185
Mexico,0,1,0.0
Mexico,0,0,0.0
Mexico,0,1,0.0
Mexico,0,1,0.0
Mexico,0,0,0.0
Mexico,0,1,71.85450882628965
Mexico,0,1,0.0
Mexico,0,1,0.0
Mexico,0,1,0.0
Mexico,0,0,30.794789496981277
Mexico,0,0,0.0
Mexico,0,0,0.0
Mexico,0,1,0.0
Mexico,0,1,123.17915798792511
Mexico,0,1,0.0
Mexico,0,1,0.0
Mexico,0,0,0.0
Mexico,0,1,0.0
Mexico,0,0,0.0
Mexico,0,0,0.0
Mexico,0,1,0.0
Mexico,0,1,0.0
Mexico,0,1,0.0
Mexico,0,0,0.0
Mexico,0,0,-6.158957899396255
Mexico,0,1,0.0
Mexico,0,1,0.0
Mexico,0,0,0.0
Mexico,0,0,0.0
Mexico,0,0,50.09285758175621
Mexico,0,0,0.0
Mexico,0,1,0.0
Mexico,0,1,0.0
Mexico,0,0,410.5971932930837
Mexico,0,0,0.0
Mexico,0,1,0.0
Mexico,0,1,0.0
Mexico,0,0,0.0
Mexico,0,0,0.0
Mexico,0,1,0.0
Mexico,0,0,0.0
Mexico,0,0,0.0
Mexico,0,1,-20.529859664654186
Mexico,0,0,0.0
Mexico,0,1,-2.0529859664654184
Mexico,0,1,0.0
Mexico,0,0,0.0
Mexico,0,0,0.0
Mexico,0,1,410.5971932930837
Mexico,0,0,0.0
Mexico,0,1,0.0
Mexico,0,0,0.0
Mexico,0,1,102.64929832327093
Mexico,0,1,0.0
Mexico,0,0,0.0
Mexico,0,0,-10.264929832327093
Mexico,0,1,0.0
Mexico,0,1,0.0
Mexico,0,1,0.0
Mexico,0,0,0.0
Mexico,0,1,-513.2464916163547
Mexico,0,1,0.0
Mexico,0,0,0.0
Mexico,0,1,0.0
Mexico,0,1,0.0
Mexico,0,1,184.76873698188766
Mexico,0,0,0.0
Mexico,0,0,0.0
Mexico,0,0,0.0
Mexico,0,1,0.0
Mexico,0,1,0.0
Mexico,0,1,0.0
Mexico,0,0,0.0
Mexico,0,0,0.0
Mexico,0,0,0.0
Mexico,0,0,0.0
Mexico,0,1,0.0
Mexico,0,1,0.0
Mexico,0,1,0.0
Mexico,0,1,0.0
Mexico,0,0,0.0
Mexico,0,1,0.0
Mexico,0,0,0.0
Mexico,0,1,0.0
Mexico,0,1,0.0
Mexico,0,0,0.0
Mexico,0,1,0.0
Mexico,0,0,25.66232458081773
Mexico,0,0,0.0
Mexico,0,1,30.794789496981277
Mexico,0,1,0.0
Mexico,0,0,0.0
Mexico,0,0,0.0
Mexico,0,1,0.0
Mexico,0,0,0.0
Mexico,0,0,0.0
Mexico,0,0,0.0
Mexico,0,1,0.0
Mexico,0,0,0.0
Mexico,0,0,-112.91422815559801
Mexico,0,1,0.0
Mexico,0,0,-30.794789496981277
Mexico,0,1,0.0
Mexico,0,0,41.05971932930837
Mexico,0,0,46.192184245471914
Mexico,0,1,0.0
Mexico,0,1,0.0
Mexico,0,1,138.57655273641575
Mexico,0,1,0.0
Mexico,0,1,0.0
Mexico,0,0,0.0
Mexico,0,0,0.0
Mexico,0,0,0.0
Mexico,0,1,0.0
Mexico,0,1,0.0
Mexico,0,0,0.0
Mexico,0,0,0.0
Mexico,0,0,153.97394748490638
Mexico,0,1,0.0
Mexico,0,0,0.0
Mexico,0,1,0.0
Mexico,0,1,0.0
Mexico,0,0,0.0
Mexico,0,1,0.0
Mexico,0,1,0.0
Mexico,0,0,0.0
Mexico,0,0,0.0
Mexico,0,1,0.0
Mexico,0,0,0.0
Mexico,0,1,0.0
Mexico,0,0,0.0
Mexico,0,1,0.0
Mexico,0,1,0.0
Mexico,0,1,0.0
Mexico,0,0,0.0
Mexico,0,1,0.0
Mexico,0,1,0.0
Mexico,0,1,15.397394748490639
Mexico,0,1,148.84148256874283
Mexico,0,1,-102.64929832327093
Mexico,0,0,0.0
Mexico,0,0,0.0
Mexico,0,0,0.0
Mexico,0,1,0.0
Mexico,0,1,205.29859664654185
Mexico,0,0,0.0
Mexico,0,0,0.0
Mexico,0,1,0.0
Mexico,0,0,0.0
Mexico,0,0,0.0
Mexico,0,0,0.0
Mexico,0,1,0.0
Mexico,0,1,205.29859664654185
Mexico,0,1,0.0
Mexico,0,0,0.0
Mexico,0,0,0.0
Mexico,0,0,0.0
Mexico,0,1,0.0
Mexico,0,0,0.0
Mexico,0,0,0.0
Mexico,0,1,0.0
Mexico,0,0,0.0
Mexico,0,0,0.0
Mexico,0,0,-164.2388773172335
Mexico,0,0,0.0
Mexico,0,1,0.0
Mexico,0,1,0.0
Mexico,0,1,0.0
Mexico,0,1,0.0
Mexico,0,0,123.17915798792511
Mexico,0,1,0.0
Mexico,0,1,0.0
Mexico,0,0,0.0
Mexico,0,0,0.0
Mexico,0,0,205.29859664654185
Mexico,0,0,0.0
Mexico,0,1,0.0
Mexico,0,1,0.0
Mexico,0,0,0.0
Mexico,0,1,0.0
Mexico,0,0,0.0
Mexico,0,1,0.0
Mexico,0,0,0.0
Mexico,0,0,0.0
Mexico,0,1,0.0
Mexico,0,1,0.0
Mexico,0,1,0.0
Mexico,0,1,0.0
Mexico,0,0,0.0
Mexico,0,0,0.0
Mexico,0,1,-20.529859664654186
Mexico,0,0,0.0
Mexico,0,0,2463.583159758502
Mexico,0,0,0.0
Mexico,0,0,82.11943865861674
Mexico,0,0,0.0
Mexico,0,0,0.0
Mexico,0,0,0.0
Mexico,0,1,0.0
Mexico,0,1,0.0
Mexico,0,1,0.0
Mexico,0,0,0.0
Mexico,0,0,0.0
Mexico,0,0,0.0
Mexico,0,0,0.0
Mexico,0,0,0.0
Mexico,0,1,0.0
Mexico,0,0,0.0
Mexico,0,1,41.05971932930837
Mexico,0,0,-30.794789496981277
Mexico,0,1,0.0
Mexico,0,0,0.0
Mexico,0,1,0.0
Mexico,0,1,0.0
Mexico,0,0,0.0
Mexico,0,1,0.0
Mexico,0,1,0.0
Mexico,0,1,0.0
Mexico,0,1,0.0
Mexico,0,0,0.0
Mexico,0,0,0.0
Mexico,0,1,0.0
Mexico,0,1,0.0
Mexico,0,1,0.0
Mexico,0,0,0.0
Mexico,0,1,0.0
Mexico,0,1,0.0
Mexico,0,0,0.0
Mexico,0,1,0.0
Mexico,0,0,0.0
Mexico,0,0,0.0
Mexico,0,0,0.0
Mexico,0,1,0.0
Mexico,0,0,0.0
Mexico,0,0,0.0
Mexico,0,1,123.17915798792511
Mexico,0,1,0.0
Mexico,0,0,0.0
Mexico,0,1,0.0
Mexico,0,1,0.0
Mexico,0,1,-410.5971932930837
Mexico,0,0,0.0
Mexico,0,1,0.0
Mexico,0,0,0.0
Mexico,0,1,0.0
Mexico,0,0,0.0
Mexico,0,0,0.0
Mexico,0,1,0.0
Mexico,0,1,0.0
Mexico,0,0,0.0
Mexico,0,1,0.0
Mexico,0,1,133.4440878202522
Mexico,0,0,0.0
Mexico,0,0,0.0
Mexico,0,1,153.97394748490638
Mexico,0,0,0.0
Mexico,0,0,0.0
Mexico,0,0,0.0
Mexico,0,1,0.0
Mexico,0,1,0.0
Mexico,0,1,0.0
Mexico,0,1,0.0
Mexico,0,0,0.0
Mexico,0,0,0.0
Mexico,0,1,0.0
Mexico,0,0,0.0
Mexico,0,0,0.0
Mexico,0,1,0.0
Mexico,0,1,133.4440878202522
Mexico,0,1,0.0
Mexico,0,0,0.0
Mexico,0,0,0.0
Mexico,0,0,615.8957899396255
Mexico,0,1,0.0
Mexico,0,0,0.0
Mexico,0,0,0.0
Mexico,0,0,0.0
Mexico,0,1,0.0
Mexico,0,0,0.0
Mexico,0,1,0.0
Mexico,0,1,195.03366681421477
Mexico,0,0,-5.1324649161635465
Mexico,0,1,0.0
Mexico,0,1,0.0
Mexico,0,0,0.0
Mexico,0,1,307.94789496981275
Mexico,0,0,0.0
Mexico,0,0,0.0
Mexico,0,1,0.0
Mexico,0,0,0.0
Mexico,0,0,-102.64929832327093
Mexico,0,0,0.0
Mexico,0,0,0.0
Mexico,0,1,0.0
Mexico,0,1,0.0
Mexico,0,0,0.0
Mexico,0,0,0.0
Mexico,0,1,41.05971932930837
Mexico,0,0,0.0
Mexico,0,0,0.0
Mexico,0,0,0.0
Mexico,0,0,0.0
Mexico,0,0,0.0
Mexico,0,1,0.0
Mexico,0,1,0.0
Mexico,0,0,0.0
Mexico,0,1,0.0
Mexico,0,1,0.0
Mexico,0,1,0.0
Mexico,0,1,0.0
Mexico,0,1,0.0
Mexico,0,1,0.0
Mexico,0,0,1642.3887731723348
Mexico,0,0,0.0
Mexico,0,0,0.0
Mexico,0,0,123.17915798792511
Mexico,0,0,0.0
Mexico,0,0,0.0
Mexico,0,1,0.0
Mexico,0,0,0.0
Mexico,0,1,0.0
Mexico,0,0,0.0
Mexico,0,0,0.0
Mexico,0,1,-20.529859664654186
Mexico,0,1,41.05971932930837
Mexico,0,1,-71.85450882628965
Mexico,0,0,0.0
Mexico,0,1,205.29859664654185
Mexico,0,1,0.0
Mexico,0,1,0.0
Mexico,0,1,0.0
Mexico,0,1,0.0
Mexico,0,1,0.0
Mexico,0,1,0.0
Mexico,0,0,0.0
Mexico,0,1,153.97394748490638
Mexico,0,1,0.0
Mexico,0,1,0.0
Mexico,0,1,0.0
Mexico,0,0,0.0
Mexico,0,0,0.0
Mexico,0,0,0.0
Mexico,0,1,0.0
Mexico,0,0,0.0
Mexico,0,1,0.0
Mexico,0,0,0.0
Mexico,0,0,0.0
Mexico,0,1,0.0
Mexico,0,0,0.0
Mexico,0,0,0.0
Mexico,0,1,0.0
Mexico,0,1,0.0
Mexico,0,1,0.0
Mexico,0,1,0.0
Mexico,0,0,0.0
Mexico,0,1,0.0
Mexico,0,0,0.0
Mexico,0,1,0.0
Mexico,0,1,0.0
Mexico,0,1,0.0
Mexico,0,1,0.0
Mexico,0,0,615.8957899396255
Mexico,0,0,0.0
Mexico,0,0,0.0
Mexico,0,1,0.0
Mexico,0,0,0.0
Mexico,0,1,-51.32464916163546
Mexico,0,1,205.29859664654185
Mexico,0,1,0.0
Mexico,0,0,0.0
Mexico,0,0,0.0
Mexico,0,1,0.0
Mexico,0,0,0.0
Mexico,0,1,0.0
Mexico,0,1,0.0
Mexico,0,1,0.0
Mexico,0,1,0.0
Mexico,0,1,0.0
Mexico,0,0,0.0
Mexico,0,1,0.0
Mexico,0,0,0.0
Mexico,0,0,0.0
Mexico,0,0,0.0
Mexico,0,0,0.0
Mexico,0,0,0.0
Mexico,0,1,0.0
Mexico,0,1,0.0
Mexico,0,1,0.0
Mexico,0,1,0.0
Mexico,0,1,0.0
Mexico,0,0,0.0
Mexico,0,1,0.0
Mexico,0,0,0.0
Mexico,0,0,0.0
Mexico,0,1,0.0
Mexico,0,1,0.0
Mexico,0,1,0.0
Mexico,0,1,0.0
Mexico,0,0,0.0
Mexico,0,1,964.9034042387467
Mexico,0,0,0.0
Mexico,0,1,0.0
Mexico,0,0,0.0
Mexico,0,0,307.94789496981275
Mexico,0,1,0.0
Mexico,0,1,0.0
Mexico,0,1,0.0
Mexico,0,1,0.0
Mexico,0,1,92.38436849094383
Mexico,0,0,0.0
Mexico,0,0,0.0
Mexico,0,1,205.29859664654185
Mexico,0,1,0.0
Mexico,0,0,0.0
Mexico,0,0,0.0
Mexico,0,1,0.0
Mexico,0,1,0.0
Mexico,0,1,-30.794789496981277
Mexico,0,1,0.0
Mexico,0,1,0.0
Mexico,0,0,0.0
Mexico,0,1,0.0
Mexico,0,1,0.0
Mexico,0,0,5.1324649161635465
Mexico,0,0,0.0
Mexico,0,0,0.0
Mexico,0,0,0.0
Mexico,0,0,0.0
Mexico,0,1,61.589578993962554
Mexico,0,1,0.0
Mexico,0,0,0.0
Mexico,0,1,0.0
Mexico,0,0,0.0
Mexico,0,1,0.0
Mexico,0,0,0.0
Mexico,0,1,-10.264929832327093
Mexico,0,1,0.0
Mexico,0,1,0.0
Mexico,0,0,0.0
Mexico,0,0,0.0
Mexico,0,0,0.0
Mexico,0,0,0.0
Mexico,0,0,0.0
Mexico,0,0,0.0
Mexico,0,1,0.0
Mexico,0,1,-102.64929832327093
Mexico,0,0,0.0
Mexico,0,0,0.0
Mexico,0,0,102.64929832327093
Mexico,0,0,0.0
Mexico,0,1,24.63583159758502
Mexico,0,0,0.0
Mexico,0,0,0.0
Mexico,0,1,0.0
Mexico,0,1,0.0
Mexico,0,1,0.0
Mexico,0,0,410.5971932930837
Mexico,0,1,0.0
Mexico,0,1,0.0
Mexico,0,0,0.0
Mexico,0,0,0.0
Mexico,0,1,61.589578993962554
Mexico,0,0,0.0
Mexico,0,0,0.0
Mexico,0,1,0.0
Mexico,0,1,0.0
Mexico,0,0,0.0
Mexico,0,0,0.0
Mexico,0,0,0.0
Mexico,0,0,0.0
Mexico,0,0,0.0
Mexico,0,1,0.0
Mexico,0,0,97.51683340710738
Mexico,0,1,0.0
Mexico,0,1,0.0
Mexico,0,0,184.76873698188766
Mexico,0,1,61.589578993962554
Mexico,0,1,102.64929832327093
Mexico,0,1,30.794789496981277
Mexico,0,1,0.0
Mexico,0,0,0.0
Mexico,0,1,0.0
Mexico,0,0,0.0
Mexico,0,0,0.0
Mexico,0,1,0.0
Mexico,0,1,0.0
Mexico,0,1,0.0
Mexico,0,0,0.0
Mexico,0,0,0.0
Mexico,0,1,0.0
Mexico,0,0,0.0
Mexico,0,1,0.0
Mexico,0,0,0.0
Mexico,0,1,0.0
Mexico,0,0,0.0
Mexico,0,0,-71.85450882628965
Mexico,0,0,0.0
Mexico,0,1,102.64929832327093
Mexico,0,1,0.0
Mexico,0,0,0.0
Mexico,0,1,0.0
Mexico,0,1,20.529859664654186
Mexico,0,0,0.0
Mexico,0,1,0.0
Mexico,0,1,0.0
Mexico,0,0,0.0
Mexico,0,0,0.0
Mexico,0,1,0.0
Mexico,0,0,0.0
Mexico,0,1,0.0
Mexico,0,0,0.0
Mexico,0,1,-112.91422815559801
Mexico,0,0,-30.794789496981277
Mexico,0,0,0.0
Mexico,0,0,148.84148256874283
Mexico,0,1,0.0
Mexico,0,1,0.0
Mexico,0,1,0.0
Mexico,0,1,0.0
Mexico,0,1,0.0
Mexico,0,1,172.45082118309514
Mexico,0,0,0.0
Mexico,0,1,0.0
Mexico,0,0,20.529859664654186
Mexico,0,0,153.97394748490638
Mexico,0,0,0.0
Mexico,0,0,0.0
Mexico,0,0,0.0
Mexico,0,1,0.0
Mexico,0,1,0.0
Mexico,0,1,51.32464916163546
Mexico,0,0,0.0
Mexico,0,0,133.4440878202522
Mexico,0,1,0.0
Mexico,0,0,-256.62324580817733
Mexico,0,1,0.0
Mexico,0,0,205.29859664654185
Mexico,0,0,0.0
Mexico,0,0,0.0
Mexico,0,0,20.529859664654186
Mexico,0,1,59.53659302749713
Mexico,0,0,0.0
Mexico,0,0,0.0
Mexico,0,1,0.0
Mexico,0,1,0.0
Mexico,0,1,20.529859664654186
Mexico,0,1,0.0
Mexico,0,1,0.0
Mexico,0,0,0.0
Mexico,0,0,0.0
Mexico,0,1,0.0
Mexico,0,0,0.0
Mexico,0,1,0.0
Mexico,0,0,0.0
Mexico,0,1,0.0
Mexico,0,0,0.0
Mexico,0,1,0.0
Mexico,0,0,102.64929832327093
Mexico,0,1,0.0
Mexico,0,1,0.0
Mexico,0,1,0.0
Mexico,0,0,0.0
Mexico,0,1,82.11943865861674
Mexico,0,1,30.794789496981277
Mexico,0,1,410.5971932930837
Mexico,0,0,51.32464916163546
Mexico,0,0,0.0
Mexico,0,0,0.0
Mexico,0,1,0.0
Mexico,0,1,0.0
Mexico,0,0,0.0
Mexico,0,1,0.0
Mexico,0,1,0.0
Mexico,0,1,0.0
Mexico,0,0,0.0
Mexico,0,0,0.0
Mexico,0,0,5.1324649161635465
Mexico,0,1,164.2388773172335
Mexico,0,1,0.0
Mexico,0,1,0.0
Mexico,0,1,0.0
Mexico,0,0,0.0
Mexico,0,0,0.0
Mexico,0,0,0.0
Mexico,0,1,525.3591088185005
Mexico,0,1,0.0
Mexico,0,1,0.0
Mexico,0,1,0.0
Mexico,0,1,0.0
Mexico,0,0,123.17915798792511
Mexico,0,1,-153.97394748490638
Mexico,0,1,0.0
Mexico,0,1,0.0
Mexico,0,0,0.0
Mexico,0,1,0.0
Mexico,0,0,0.0
Mexico,0,1,82.11943865861674
Mexico,0,1,0.0
Mexico,0,1,0.0
Mexico,0,1,-51.32464916163546
Mexico,0,1,0.0
Mexico,0,1,0.0
Mexico,0,1,0.0
Mexico,0,1,41.05971932930837
Mexico,0,0,0.0
Mexico,0,1,0.0
Mexico,0,0,164.2388773172335
Mexico,0,0,0.0
Mexico,0,0,82.11943865861674
Mexico,0,1,0.0
Mexico,0,1,0.0
Mexico,0,0,71.85450882628965
Mexico,0,0,631.2931846881162
Mexico,0,0,0.0
Mexico,0,1,0.0
Mexico,0,0,0.0
Mexico,0,0,0.0
Mexico,0,1,0.0
Mexico,0,0,0.0
Mexico,0,0,0.0
Mexico,0,0,0.0
Mexico,0,1,0.0
Mexico,0,0,0.0
Mexico,0,1,30.794789496981277
Mexico,0,0,-143.7090176525793
Mexico,0,1,400.3322634607566
Mexico,0,0,0.0
Mexico,0,1,0.0
Mexico,0,0,0.0
Mexico,0,0,0.0
Mexico,0,0,0.0
Mexico,0,1,0.0
Mexico,0,0,0.0
Mexico,0,0,0.0
Mexico,0,0,0.0
Mexico,0,0,0.0
Mexico,0,0,0.0
Mexico,0,1,0.0
Mexico,0,0,0.0
Mexico,0,0,-1437.090176525793
Mexico,0,0,-20.529859664654186
Mexico,0,1,0.0
Mexico,0,1,0.0
Mexico,0,0,0.0
Mexico,0,0,0.0
Mexico,0,0,0.0
Mexico,0,0,0.0
Mexico,0,1,0.0
Mexico,0,1,0.0
Mexico,0,1,0.0
Mexico,0,1,0.0
Mexico,0,1,0.0
Mexico,0,1,-82.11943865861674
Mexico,0,1,0.0
Mexico,0,1,0.0
Mexico,0,1,0.0
Mexico,0,1,30.794789496981277
Mexico,0,1,0.0
Mexico,0,0,0.0
Mexico,0,0,0.0
Mexico,0,1,-39.827927749429115
Mexico,0,1,-102.64929832327093
Mexico,0,0,0.0
Mexico,0,1,0.0
Mexico,0,1,143.7090176525793
Mexico,0,0,205.29859664654185
Mexico,0,0,0.0
Mexico,0,1,0.0
Mexico,0,1,153.97394748490638
Mexico,0,1,0.0
Mexico,0,0,0.0
Mexico,0,1,0.0
Mexico,0,0,0.0
Mexico,0,1,0.0
Mexico,0,1,0.0
Mexico,0,0,0.0
Mexico,0,1,0.0
Mexico,0,0,0.0
Mexico,0,0,0.0
Mexico,0,1,0.0
Mexico,0,1,0.0
Mexico,0,0,-153.97394748490638
Mexico,0,0,0.0
Mexico,0,1,0.0
Mexico,0,1,0.0
Mexico,0,1,0.0
Mexico,0,1,0.0
Mexico,0,0,0.0
Mexico,0,1,0.0
Mexico,0,1,0.0
Mexico,0,1,0.0
Mexico,0,0,0.0
Mexico,0,0,0.0
Mexico,0,1,0.0
Mexico,0,0,-205.29859664654185
Mexico,0,1,0.0
Mexico,0,0,0.0
Mexico,0,0,-102.64929832327093
Mexico,0,1,0.0
Mexico,0,0,0.0
Mexico,0,1,0.0
Mexico,0,1,0.0
Mexico,0,0,0.0
Mexico,0,0,0.0
Mexico,0,0,0.0
Mexico,0,1,0.0
Mexico,0,1,0.0
Mexico,0,1,0.0
Mexico,0,0,0.0
Mexico,0,1,0.0
Mexico,0,1,0.0
Mexico,0,1,0.0
Mexico,0,0,0.0
Mexico,0,0,25.66232458081773
Mexico,0,1,-20.529859664654186
Mexico,0,1,0.0
Mexico,0,0,0.0
Mexico,0,1,205.29859664654185
Mexico,0,0,0.0
Mexico,0,1,112.91422815559801
Mexico,0,1,0.0
Mexico,0,0,0.0
Mexico,0,0,0.0
Mexico,0,1,0.0
Mexico,0,1,0.0
Mexico,0,1,0.0
Mexico,0,0,0.0
Mexico,0,0,0.0
Mexico,0,1,0.0
Mexico,0,0,0.0
Mexico,0,0,0.0
Mexico,0,1,0.0
Mexico,0,1,195.03366681421477
Mexico,0,1,0.0
Mexico,0,0,0.0
Mexico,0,1,0.0
Mexico,0,1,0.0
Mexico,0,1,0.0
Mexico,0,0,0.0
Mexico,0,1,0.0
Mexico,0,0,0.0
Mexico,0,1,0.0
Mexico,0,1,0.0
Mexico,0,1,0.0
Mexico,0,1,0.0
Mexico,0,0,153.97394748490638
Mexico,0,0,0.0
Mexico,0,1,0.0
Mexico,0,0,0.0
Mexico,0,1,30.794789496981277
Mexico,0,0,0.0
Mexico,0,0,0.0
Mexico,0,0,0.0
Mexico,0,1,0.0
Mexico,0,0,0.0
Mexico,0,1,0.0
Mexico,0,0,0.0
Mexico,0,0,0.0
Mexico,0,0,0.0
Mexico,0,1,0.0
Mexico,0,0,0.0
Mexico,0,0,0.0
Mexico,0,0,0.0
Mexico,0,1,0.0
Mexico,0,1,0.0
Mexico,0,0,0.0
Mexico,0,1,0.0
Mexico,0,0,0.0
Mexico,0,1,0.0
Mexico,0,0,0.0
Mexico,0,0,0.0
Mexico,0,1,0.0
Mexico,0,0,0.0
Mexico,0,0,0.0
Mexico,0,0,0.0
Mexico,0,1,0.0
Mexico,0,1,0.0
Mexico,0,1,0.0
Mexico,0,0,0.0
Mexico,0,0,0.0
Mexico,0,1,0.0
Mexico,0,1,0.0
Mexico,0,1,0.0
Mexico,0,0,0.0
Mexico,0,1,0.0
Mexico,0,1,0.0
Mexico,0,0,0.0
Mexico,0,0,0.0
Mexico,0,0,0.0
Mexico,0,1,256.62324580817733
Mexico,0,1,0.0
Mexico,0,1,0.0
Mexico,0,1,0.0
Mexico,0,0,0.0
Mexico,0,0,0.0
Mexico,0,0,0.0
Mexico,0,0,0.0
Mexico,0,1,0.0
Mexico,0,0,0.0
Mexico,0,0,0.0
Mexico,0,1,0.0
Mexico,0,0,0.0
Mexico,0,1,0.0
Mexico,0,0,0.0
Mexico,0,1,0.0
Mexico,0,1,0.0
Mexico,0,0,0.0
Mexico,0,1,0.0
Mexico,0,0,0.0
Mexico,0,0,0.0
Mexico,0,1,0.0
Mexico,0,1,0.0
Mexico,0,0,0.0
Mexico,0,1,0.0
Mexico,0,0,0.0
Mexico,0,1,102.64929832327093
Mexico,0,0,0.0
Mexico,0,1,0.0
Mexico,0,1,0.0
Mexico,0,1,0.0
Mexico,0,1,0.0
Mexico,0,1,0.0
Mexico,0,0,0.0
Mexico,0,1,0.0
Mexico,0,1,0.0
Mexico,0,1,82.11943865861674
Mexico,0,0,0.0
Mexico,0,1,0.0
Mexico,0,1,0.0
Mexico,0,1,0.0
Mexico,0,0,0.0
Mexico,0,1,-41.05971932930837
Mexico,0,0,-34.900761429912116
Mexico,0,1,205.29859664654185
Mexico,0,0,153.97394748490638
Mexico,0,0,0.0
Mexico,0,0,0.0
Mexico,0,0,0.0
Mexico,0,1,0.0
Mexico,0,1,0.0
Mexico,0,1,0.0
Mexico,0,1,0.0
Mexico,0,0,-51.32464916163546
Mexico,0,1,0.0
Mexico,0,1,0.0
Mexico,0,0,0.0
Mexico,0,1,20.529859664654186
Mexico,0,1,0.0
Mexico,0,1,0.0
Mexico,0,0,0.0
Mexico,0,1,0.0
Mexico,0,1,0.0
Mexico,0,1,0.0
Mexico,0,0,0.0
Mexico,0,1,0.0
Mexico,0,0,0.0
Mexico,0,0,-133.4440878202522
Mexico,0,0,0.0
Mexico,0,0,0.0
Mexico,0,0,51.32464916163546
Mexico,0,1,0.0
Mexico,0,0,0.0
Mexico,0,1,0.0
Mexico,0,0,225.82845631119602
Mexico,0,1,0.0
Mexico,0,0,0.0
Mexico,0,0,0.0
Mexico,0,1,0.0
Mexico,0,1,0.0
Mexico,0,0,0.0
Mexico,0,0,0.0
Mexico,0,0,230.9609212273596
Mexico,0,1,27.71531054728315
Mexico,0,0,0.0
Mexico,0,1,0.0
Mexico,0,0,0.0
Mexico,0,1,0.0
Mexico,0,0,0.0
Mexico,0,1,0.0
Mexico,0,1,0.0
Mexico,0,0,0.0
Mexico,0,0,0.0
Mexico,0,0,0.0
Mexico,0,1,0.0
Mexico,0,1,0.0
Mexico,0,0,0.0
Mexico,0,1,0.0
Mexico,0,0,0.0
Mexico,0,1,0.0
Mexico,0,0,102.64929832327093
Mexico,0,1,0.0
Mexico,0,0,41.05971932930837
Mexico,0,0,0.0
Mexico,0,0,0.0
Mexico,0,0,164.2388773172335
Mexico,0,1,0.0
Mexico,0,1,0.0
Mexico,0,1,0.0
Mexico,0,0,718.5450882628965
Mexico,0,0,0.0
Mexico,0,1,0.0
Mexico,0,0,0.0
Mexico,0,1,0.0
Mexico,0,0,0.0
Mexico,0,1,0.0
Mexico,0,0,0.0
Mexico,0,1,0.0
Mexico,0,0,0.0
Mexico,0,0,0.0
Mexico,0,0,160.13290538430263
Mexico,0,0,0.0
Mexico,0,1,0.0
Mexico,0,1,0.0
Mexico,0,0,0.0
Mexico,0,0,30.794789496981277
Mexico,0,0,20.529859664654186
Mexico,0,1,0.0
Mexico,0,1,0.0
Mexico,0,1,0.0
Mexico,0,1,0.0
Mexico,0,0,0.0
Mexico,0,1,0.0
Mexico,0,0,0.0
Mexico,0,1,0.0
Mexico,0,0,0.0
Mexico,0,1,0.0
Mexico,0,0,0.0
Mexico,0,0,0.0
Mexico,0,1,0.0
Mexico,0,0,0.0
Mexico,0,0,0.0
Mexico,0,1,51.32464916163546
Mexico,0,0,0.0
Mexico,0,0,0.0
Mexico,0,1,0.0
Mexico,0,0,0.0
Mexico,0,1,0.0
Mexico,0,1,-112.91422815559801
Mexico,0,0,0.0
Mexico,0,0,0.0
Mexico,0,0,0.0
Mexico,0,1,51.32464916163546
Mexico,0,1,0.0
Mexico,0,0,37.980240379610244
Mexico,0,1,0.0
Mexico,0,0,0.0
Mexico,0,1,0.0
Mexico,0,1,0.0
Mexico,0,0,0.0
Mexico,0,1,0.0
Mexico,0,0,0.0
Mexico,0,1,0.0
Mexico,0,1,0.0
Mexico,0,0,0.0
Mexico,0,1,-1847.6873698188767
Mexico,0,1,0.0
Mexico,0,0,0.0
Mexico,0,1,0.0
Mexico,0,0,0.0
Mexico,0,0,0.0
Mexico,0,1,123.17915798792511
Mexico,0,0,0.0
Mexico,0,1,123.17915798792511
Mexico,0,1,0.0
Mexico,0,1,0.0
Mexico,0,0,0.0
Mexico,0,1,0.0
Mexico,0,1,-121.53676921475278
Mexico,0,1,0.0
Mexico,0,0,0.0
Mexico,0,0,0.0
Mexico,0,0,0.0
Mexico,0,0,0.0
Mexico,0,1,0.0
Mexico,0,0,0.0
Mexico,0,0,0.0
Mexico,0,1,0.0
Mexico,0,1,0.0
Mexico,0,0,0.0
Mexico,0,1,0.0
Mexico,0,1,0.0
Mexico,0,1,0.0
Mexico,0,0,0.0
Mexico,0,0,0.0
Mexico,0,0,0.0
Mexico,0,0,0.0
Mexico,0,0,-67.7485368933588
Mexico,0,1,123.17915798792511
Mexico,0,0,0.0
Mexico,0,0,0.0
Mexico,0,0,0.0
Mexico,0,1,0.0
Mexico,0,0,0.0
Mexico,0,0,0.0
Mexico,0,1,0.0
Mexico,0,0,0.0
Mexico,0,1,-205.29859664654185
Mexico,0,0,61.589578993962554
Mexico,0,1,0.0
Mexico,0,1,0.0
Mexico,0,1,0.0
Mexico,0,0,0.0
Mexico,0,1,0.0
Mexico,0,0,205.29859664654185
Mexico,0,0,0.0
Mexico,0,0,51.32464916163546
Mexico,0,0,-41.05971932930837
Mexico,0,1,13.34440878202522
Mexico,0,0,0.0
Mexico,0,1,0.0
Mexico,0,1,0.0
Mexico,0,1,41.05971932930837
Mexico,0,1,0.0
Mexico,0,1,0.0
Mexico,0,0,0.0
Mexico,0,0,0.0
Mexico,0,1,0.0
Mexico,0,0,0.0
Mexico,0,1,0.0
Mexico,0,1,0.0
Mexico,0,0,0.0
Mexico,0,0,0.0
Mexico,0,1,0.0
Mexico,0,0,0.0
Mexico,0,0,0.0
Mexico,0,1,0.0
Mexico,0,1,15.397394748490639
Mexico,0,1,-9.751683340710738
Mexico,0,1,0.0
Mexico,0,0,25.66232458081773
Mexico,0,0,0.0
Mexico,0,0,0.0
Mexico,0,1,0.0
Mexico,0,1,0.0
Mexico,0,0,82.11943865861674
Mexico,0,0,0.0
Mexico,0,1,0.0
Mexico,0,1,0.0
Mexico,0,1,0.0
Mexico,0,1,0.0
Mexico,0,0,0.0
Mexico,0,0,0.0
Mexico,0,1,0.0
Mexico,0,0,0.0
Mexico,0,0,0.0
Mexico,0,1,0.0
Mexico,0,1,41.05971932930837
Mexico,0,0,0.0
Mexico,0,0,0.0
Mexico,0,1,0.0
Mexico,0,1,0.0
Mexico,0,1,0.0
Mexico,0,1,0.0
Mexico,0,1,0.0
Mexico,0,0,0.0
Mexico,0,0,41.05971932930837
Mexico,0,0,0.0
Mexico,0,0,0.0
Mexico,0,1,0.0
Mexico,0,1,0.0
Mexico,0,1,61.589578993962554
Mexico,0,0,0.0
Mexico,0,1,46.192184245471914
Mexico,0,1,123.17915798792511
Mexico,0,1,0.0
Mexico,0,0,0.0
Mexico,0,1,0.0
Mexico,0,1,0.0
Mexico,0,1,0.0
Mexico,0,0,0.0
Mexico,0,0,0.0
Mexico,0,1,0.0
Mexico,0,1,0.0
Mexico,0,1,0.0
Mexico,0,1,0.0
Mexico,0,0,0.0
Mexico,0,1,0.0
Mexico,0,0,41.05971932930837
Mexico,0,1,-30.794789496981277
Mexico,0,1,0.0
Mexico,0,0,0.0
Mexico,0,1,0.0
Mexico,0,1,0.0
Mexico,0,1,-102.64929832327093
Mexico,0,1,20.529859664654186
Mexico,0,0,0.0
Mexico,0,1,0.0
Mexico,0,0,0.0
Mexico,0,0,0.0
Mexico,0,1,164.2388773172335
Mexico,0,0,-8.211943865861674
Mexico,0,1,0.0
Mexico,0,0,0.0
Mexico,0,1,0.0
Mexico,0,0,0.0
Mexico,0,1,0.0
Mexico,0,0,0.0
Mexico,0,0,0.0
Mexico,0,0,0.0
Mexico,0,0,0.0
Mexico,0,1,0.0
Mexico,0,1,0.0
Mexico,0,0,0.0
Mexico,0,1,0.0
Mexico,0,1,0.0
Mexico,0,1,0.0
Mexico,0,1,0.0
Mexico,0,1,0.0
Mexico,0,1,0.0
Mexico,0,1,975.1683340710738
Mexico,0,0,0.0
Mexico,0,0,0.0
Mexico,0,1,0.0
Mexico,0,1,0.0
Mexico,0,0,821.1943865861674
Mexico,0,0,0.0
Mexico,0,1,0.0
Mexico,0,0,-246.35831597585022
Mexico,0,0,0.0
Mexico,0,0,0.0
Mexico,0,1,0.0
Mexico,0,1,0.0
Mexico,0,0,0.0
Mexico,0,1,0.0
Mexico,0,1,0.0
Mexico,0,0,0.0
Mexico,0,0,10.264929832327093
Mexico,0,0,0.0
Mexico,0,0,215.56352647886894
Mexico,0,0,0.0
Mexico,0,1,0.0
Mexico,0,0,0.0
Mexico,0,0,0.0
Mexico,0,1,0.0
Mexico,0,0,20.529859664654186
Mexico,0,0,102.64929832327093
Mexico,0,0,0.0
Mexico,0,0,197.08665278068017
Mexico,0,1,112.91422815559801
Mexico,0,1,307.94789496981275
Mexico,0,1,0.0
Mexico,0,0,51.32464916163546
Mexico,0,0,0.0
Mexico,0,0,0.0
Mexico,0,1,0.0
Mexico,0,0,0.0
Mexico,0,0,92.38436849094383
Mexico,0,0,0.0
Mexico,0,1,0.0
Mexico,0,0,0.0
Mexico,0,1,0.0
Mexico,0,0,-73.90749479275506
Mexico,0,1,7.185450882628965
Mexico,0,0,0.0
Mexico,0,0,41.05971932930837
Mexico,0,0,0.0
Mexico,0,1,0.0
Mexico,0,0,0.0
Mexico,0,1,0.0
Mexico,0,1,0.0
Mexico,0,1,0.0
Mexico,0,0,0.0
Mexico,0,0,0.0
Mexico,0,0,0.0
Mexico,0,0,0.0
Mexico,0,1,0.0
Mexico,0,0,201.08997541528774
Mexico,0,1,0.0
Mexico,0,0,0.0
Mexico,0,1,71.85450882628965
Mexico,0,1,0.0
Mexico,0,1,0.0
Mexico,0,1,0.0
Mexico,0,1,0.0
Mexico,0,1,71.85450882628965
Mexico,0,1,0.0
Mexico,0,1,0.0
Mexico,0,1,0.0
Mexico,0,1,0.0
Mexico,0,1,0.0
Mexico,0,1,0.0
Mexico,0,1,0.0
Mexico,0,0,0.0
Mexico,0,0,0.0
Mexico,0,0,0.0
Mexico,0,0,0.0
Mexico,0,1,0.0
Mexico,0,1,20.529859664654186
Mexico,0,0,0.0
Mexico,0,1,41.05971932930837
Mexico,0,1,0.0
Mexico,0,1,0.0
Mexico,0,1,0.0
Mexico,0,0,0.0
Mexico,0,1,0.0
Mexico,0,1,0.0
Mexico,0,1,0.0
Mexico,0,0,-431.1270529577379
Mexico,0,0,123.17915798792511
Mexico,0,0,0.0
Mexico,0,0,359.2725441314482
Mexico,0,0,0.0
Mexico,0,1,123.17915798792511
Mexico,0,0,0.0
Mexico,0,1,205.29859664654185
Mexico,0,1,0.0
Mexico,0,1,0.0
Mexico,0,1,0.0
Mexico,0,1,0.0
Mexico,0,0,0.0
Mexico,0,0,0.0
Mexico,0,0,30.794789496981277
Mexico,0,0,0.0
Mexico,0,0,0.0
Mexico,0,1,51.32464916163546
Mexico,0,0,513.2464916163547
Mexico,0,0,0.0
Mexico,0,1,0.0
Mexico,0,1,0.0
Mexico,0,0,0.0
Mexico,0,0,0.0
Mexico,0,0,0.0
Mexico,0,0,0.0
Mexico,0,0,0.0
Mexico,0,1,0.0
Mexico,0,1,0.0
Mexico,0,1,0.0
Mexico,0,0,0.0
Mexico,0,0,0.0
Mexico,0,1,0.0
Mexico,0,0,0.0
Mexico,0,0,0.0
Mexico,0,0,0.0
Mexico,0,0,66.7220439101261
Mexico,0,0,0.0
Mexico,0,1,0.0
Mexico,0,1,0.0
Mexico,0,0,0.0
Mexico,0,0,0.0
Mexico,0,0,184.76873698188766
Mexico,0,1,71.85450882628965
Mexico,0,0,0.0
Mexico,0,0,0.0
Mexico,0,0,0.0
Mexico,0,1,41.05971932930837
Mexico,0,1,0.0
Mexico,0,1,0.0
Mexico,0,1,0.0
Mexico,0,0,0.0
Mexico,0,0,82.11943865861674
Mexico,0,1,0.0
Mexico,0,0,0.0
Mexico,0,1,0.0
Mexico,0,0,513.2464916163547
Mexico,0,1,0.0
Mexico,0,0,0.0
Mexico,0,1,0.0
Mexico,0,1,0.0
Mexico,0,1,0.0
Mexico,0,0,0.0
Mexico,0,0,0.0
Mexico,0,0,30.794789496981277
Mexico,0,0,41.05971932930837
Mexico,0,1,-256.62324580817733
Mexico,0,1,0.0
Mexico,0,1,0.0
Mexico,0,1,564.5711407779901
Mexico,0,1,0.0
Mexico,0,1,0.0
Mexico,0,1,0.0
Mexico,0,1,0.0
Mexico,0,1,0.0
Mexico,0,1,0.0
Mexico,0,1,0.0
Mexico,0,1,0.0
Mexico,0,1,0.0
Mexico,0,0,0.0
Mexico,0,0,0.0
Mexico,0,1,0.0
Mexico,0,1,123.17915798792511
Mexico,0,0,0.0
Mexico,0,0,0.0
Mexico,0,0,0.0
Mexico,0,1,0.0
Mexico,0,1,0.0
Mexico,0,1,307.94789496981275
Mexico,0,0,0.0
Mexico,0,1,0.0
Mexico,0,0,0.0
Mexico,0,0,0.0
Mexico,0,0,0.0
Mexico,0,1,0.0
Mexico,0,0,0.0
Mexico,0,1,-10.264929832327093
Mexico,0,0,0.0
Mexico,0,0,0.0
Mexico,0,0,0.0
Mexico,0,1,0.0
Mexico,0,0,0.0
Mexico,0,1,0.0
Mexico,0,1,0.0
Mexico,0,0,0.0
Mexico,0,1,0.0
Mexico,0,1,0.0
Mexico,0,0,0.0
Mexico,0,1,0.0
Mexico,0,1,0.0
Mexico,0,1,0.0
Mexico,0,0,0.0
Mexico,0,0,0.0
Mexico,0,1,0.0
Mexico,0,1,0.0
Mexico,0,0,0.0
Mexico,0,1,0.0
Mexico,0,0,0.0
Mexico,0,1,0.0
Mexico,0,0,0.0
Mexico,0,0,0.0
Mexico,0,1,0.0
Mexico,0,1,0.0
Mexico,0,0,0.0
Mexico,0,1,0.0
Mexico,0,0,0.0
Mexico,0,0,0.0
Mexico,0,1,0.0
Mexico,0,1,0.0
Mexico,0,1,0.0
Mexico,0,1,0.0
Mexico,0,0,0.0
Mexico,0,1,0.0
Mexico,0,1,0.0
Mexico,0,0,0.0
Mexico,0,0,0.0
Mexico,0,1,0.0
Mexico,0,0,0.0
Mexico,0,0,0.0
Mexico,0,0,0.0
Mexico,0,1,0.0
Mexico,0,0,0.0
Mexico,0,1,0.0
Mexico,0,1,164.2388773172335
Mexico,0,1,205.29859664654185
Mexico,0,0,0.0
Mexico,0,1,0.0
Mexico,0,1,0.0
Mexico,0,1,0.0
Mexico,0,0,0.0
Mexico,0,1,0.0
Mexico,0,0,0.0
Mexico,0,0,3079.4789496981275
Mexico,0,0,0.0
Mexico,0,0,0.0
Mexico,0,0,0.0
Mexico,0,1,0.0
Mexico,0,0,0.0
Mexico,0,1,0.0
Mexico,0,0,20.529859664654186
Mexico,0,0,0.0
Mexico,0,1,0.0
Mexico,0,1,0.0
Mexico,0,0,0.0
Mexico,0,1,-20.529859664654186
Mexico,0,1,0.0
Mexico,0,0,0.0
Mexico,0,0,0.0
Mexico,0,0,-82.11943865861674
Mexico,0,1,0.0
Mexico,0,0,3.0794789496981276
Mexico,0,0,0.0
Mexico,0,0,0.0
Mexico,0,0,0.0
Mexico,0,0,0.0
Mexico,0,0,0.0
Mexico,0,0,0.0
Mexico,0,0,0.0
Mexico,0,0,0.0
Mexico,0,0,-205.29859664654185
Mexico,0,1,0.0
Mexico,0,1,0.0
Mexico,0,0,0.0
Mexico,0,1,0.0
Mexico,0,0,0.0
Mexico,0,1,76.98697374245319
Mexico,0,1,0.0
Mexico,0,1,112.91422815559801
Mexico,0,0,0.0
Mexico,0,0,0.0
Mexico,0,1,0.0
Mexico,0,1,0.0
Mexico,0,1,51.32464916163546
Mexico,0,1,0.0
Mexico,0,1,184.76873698188766
Mexico,0,0,0.0
Mexico,0,0,0.0
Mexico,0,1,0.0
Mexico,0,0,0.0
Mexico,0,1,0.0
Mexico,0,1,0.0
Mexico,0,0,0.0
Mexico,0,1,0.0
Mexico,0,0,0.0
Mexico,0,1,0.0
Mexico,0,0,102.64929832327093
Mexico,0,0,0.0
Mexico,0,1,0.0
Mexico,0,0,0.0
Mexico,0,0,0.0
Mexico,0,0,0.0
Mexico,0,1,0.0
Mexico,0,1,0.0
Mexico,0,1,0.0
Mexico,0,1,0.0
Mexico,0,1,0.0
Mexico,0,1,0.0
Mexico,0,1,0.0
Mexico,0,0,0.0
Mexico,0,1,0.0
Mexico,0,0,0.0
Mexico,0,1,0.0
Mexico,0,0,0.0
Mexico,0,1,0.0
Mexico,0,1,-102.64929832327093
Mexico,0,0,0.0
Mexico,0,1,0.0
Mexico,0,0,299.2227046123347
Mexico,0,0,0.0
Mexico,0,1,30.794789496981277
Mexico,0,1,102.64929832327093
Mexico,0,1,0.0
Mexico,0,0,0.0
Mexico,0,0,0.0
Mexico,0,0,0.0
Mexico,0,1,0.0
Mexico,0,0,-61.589578993962554
Mexico,0,1,718.5450882628965
Mexico,0,1,20.529859664654186
Mexico,0,0,0.0
Mexico,0,1,3079.4789496981275
Mexico,0,0,0.0
Mexico,0,1,-66.7220439101261
Mexico,0,1,0.0
Mexico,0,1,0.0
Mexico,0,1,0.0
Mexico,0,0,153.97394748490638
Mexico,0,0,51.32464916163546
Mexico,0,1,513.2464916163547
Mexico,0,0,0.0
Mexico,0,0,71.85450882628965
Mexico,0,1,0.0
Mexico,0,0,0.0
Mexico,0,0,0.0
Mexico,0,0,0.0
Mexico,0,0,0.0
Mexico,0,1,0.0
Mexico,0,1,0.0
Mexico,0,0,0.0
Mexico,0,1,0.0
Mexico,0,0,0.0
Mexico,0,0,0.0
Mexico,0,0,0.0
Mexico,0,1,307.94789496981275
Mexico,0,0,0.0
Mexico,0,1,30.794789496981277
Mexico,0,0,0.0
Mexico,0,0,51.32464916163546
Mexico,0,0,0.0
Mexico,0,1,0.0
Mexico,0,1,0.0
Mexico,0,0,0.0
Mexico,0,0,0.0
Mexico,0,1,82.11943865861674
Mexico,0,1,0.0
Mexico,0,1,-30.794789496981277
Mexico,0,1,0.0
Mexico,0,0,0.0
Mexico,0,1,0.0
Mexico,0,1,0.0
Mexico,0,0,0.0
Mexico,0,0,-328.477754634467
Mexico,0,0,30.794789496981277
Mexico,0,1,0.0
Mexico,0,1,0.0
Mexico,0,0,0.0
Mexico,0,0,0.0
Mexico,0,1,51.32464916163546
Mexico,0,0,0.0
Mexico,0,1,-246.35831597585022
Mexico,0,1,0.0
Mexico,0,1,0.0
Mexico,0,1,0.0
Mexico,0,0,0.0
Mexico,0,0,0.0
Mexico,0,1,0.0
Mexico,0,0,0.0
Mexico,0,1,0.0
Mexico,0,1,0.0
Mexico,0,0,0.0
Mexico,0,0,0.0
Mexico,0,0,0.0
Mexico,0,1,0.0
Mexico,0,1,0.0
Mexico,0,0,0.0
Mexico,0,1,0.0
Mexico,0,1,92.38436849094383
Mexico,0,1,0.0
Mexico,0,1,0.0
Mexico,0,1,0.0
Mexico,0,0,174.50380714956057
Mexico,0,1,0.0
Mexico,0,1,0.0
Mexico,0,1,0.0
Mexico,0,1,0.0
Mexico,0,1,0.0
Mexico,0,1,0.0
Mexico,0,0,0.0
Mexico,0,0,0.0
Mexico,0,1,-30.794789496981277
Mexico,0,1,0.0
Mexico,0,1,307.94789496981275
Mexico,0,0,0.0
Mexico,0,1,0.0
Mexico,0,0,0.0
Mexico,0,1,28.74180353051586
Mexico,0,1,0.0
Mexico,0,1,0.0
Mexico,0,1,0.0
Mexico,0,0,0.0
Mexico,0,0,0.0
Mexico,0,1,0.0
Mexico,0,1,0.0
Mexico,0,0,205.29859664654185
Mexico,0,1,0.0
Mexico,0,0,0.0
Mexico,0,1,0.0
Mexico,0,1,0.0
Mexico,0,1,0.0
Mexico,0,1,0.0
Mexico,0,1,0.0
Mexico,0,0,0.0
Mexico,0,1,1601.3290538430265
Mexico,0,1,0.0
Mexico,0,1,0.0
Mexico,0,1,0.0
Mexico,0,1,0.0
Mexico,0,1,0.0
Mexico,0,1,0.0
Mexico,0,1,0.0
Mexico,0,1,0.0
Mexico,0,0,0.0
Mexico,0,1,0.0
Mexico,0,0,0.0
Mexico,0,0,0.0
Mexico,0,0,205.29859664654185
Mexico,0,1,0.0
Mexico,0,1,0.0
Mexico,0,1,0.0
Mexico,0,0,0.0
Mexico,0,1,0.0
Mexico,0,1,0.0
Mexico,0,1,51.32464916163546
Mexico,0,0,0.0
Mexico,0,1,0.0
Mexico,0,0,0.0
Mexico,0,1,0.0
Mexico,0,0,0.0
Mexico,0,1,-102.64929832327093
Mexico,0,1,0.0
Mexico,0,1,0.0
Mexico,0,0,0.0
Mexico,0,1,0.0
Mexico,0,0,102.64929832327093
Mexico,0,1,0.0
Mexico,0,1,0.0
Mexico,0,1,0.0
Mexico,0,1,0.0
Mexico,0,0,0.0
Mexico,0,0,0.0
Mexico,0,1,0.0
Mexico,0,0,0.0
Mexico,0,0,0.0
Mexico,0,1,0.0
Mexico,0,1,0.0
Mexico,0,0,0.0
Mexico,0,0,0.0
Mexico,0,1,0.0
Mexico,0,1,0.0
Mexico,0,0,0.0
Mexico,0,0,0.0
Mexico,0,0,0.0
Mexico,0,1,0.0
Mexico,0,0,0.0
Mexico,0,1,0.0
Mexico,0,0,0.0
Mexico,0,1,10.264929832327093
Mexico,0,0,0.0
Mexico,0,0,0.0
Mexico,0,1,0.0
Mexico,0,1,0.0
Mexico,0,1,0.0
Mexico,0,1,0.0
Mexico,0,0,0.0
Mexico,0,0,0.0
Mexico,0,0,0.0
Mexico,0,0,0.0
Mexico,0,1,0.0
Mexico,0,0,0.0
Mexico,0,0,-92.38436849094383
Mexico,0,0,0.0
Mexico,0,0,0.0
Mexico,0,1,0.0
Mexico,0,0,0.0
Mexico,0,1,0.0
Mexico,0,0,0.0
Mexico,0,0,205.29859664654185
Mexico,0,1,0.0
Mexico,0,0,0.0
Mexico,0,1,0.0
Mexico,0,1,0.0
Mexico,0,1,0.0
Mexico,0,1,0.0
Mexico,0,0,0.0
Mexico,0,0,0.0
Mexico,0,1,0.0
Mexico,0,0,0.0
Mexico,0,0,0.0
Mexico,0,0,0.0
Mexico,0,1,0.0
Mexico,0,0,0.0
Mexico,0,0,0.0
Mexico,0,1,0.0
Mexico,0,0,0.0
Mexico,0,0,0.0
Mexico,0,1,0.0
Mexico,0,0,0.0
Mexico,0,0,0.0
Mexico,0,0,0.0
Mexico,0,0,0.0
Mexico,0,0,0.0
Mexico,0,1,0.0
Mexico,0,0,0.0
Mexico,0,0,0.0
Mexico,0,0,0.0
Mexico,0,1,0.0
Mexico,0,0,0.0
Mexico,0,0,0.0
Mexico,0,1,0.0
Mexico,0,1,0.0
Mexico,0,0,0.0
Mexico,0,0,0.0
Mexico,0,1,41.05971932930837
Mexico,0,0,0.0
Mexico,0,1,0.0
Mexico,0,1,0.0
Mexico,0,0,0.0
Mexico,0,1,0.0
Mexico,0,0,0.0
Mexico,0,1,0.0
Mexico,0,1,0.0
Mexico,0,1,0.0
Mexico,0,0,0.0
Mexico,0,1,0.0
Mexico,0,1,0.0
Mexico,0,0,0.0
Mexico,0,0,0.0
Mexico,0,0,0.0
Mexico,0,1,0.0
Mexico,0,1,0.0
Mexico,0,0,0.0
Mexico,0,0,0.0
Mexico,0,1,0.0
Mexico,0,1,0.0
Mexico,0,0,0.0
Mexico,0,1,1231.791579879251
Mexico,0,1,0.0
Mexico,0,0,-51.32464916163546
Mexico,0,0,0.0
Mexico,0,0,0.0
Mexico,0,0,0.0
Mexico,0,0,0.0
Mexico,0,0,0.0
Mexico,0,0,0.0
Mexico,0,1,0.0
Mexico,0,0,0.0
Mexico,0,1,0.0
Mexico,0,0,0.0
Mexico,0,0,0.0
Mexico,0,0,0.0
Mexico,0,0,205.29859664654185
Mexico,0,1,20.529859664654186
Mexico,0,0,0.0
Mexico,0,0,0.0
Mexico,0,1,0.0
Mexico,0,1,0.0
Mexico,0,0,0.0
Mexico,0,0,0.0
Mexico,0,0,0.0
Mexico,0,1,51.32464916163546
Mexico,0,0,0.0
Mexico,0,1,0.0
Mexico,0,1,0.0
Mexico,0,1,0.0
Mexico,0,1,0.0
Mexico,0,0,0.0
Mexico,0,1,153.97394748490638
Mexico,0,1,0.0
Mexico,0,0,0.0
Mexico,0,0,0.0
Mexico,0,1,0.0
Mexico,0,1,0.0
Mexico,0,1,256.62324580817733
Mexico,0,1,0.0
Mexico,0,1,0.0
Mexico,0,1,0.0
Mexico,0,0,0.0
Mexico,0,1,0.0
Mexico,0,0,0.0
Mexico,0,0,205.29859664654185
Mexico,0,1,0.0
Mexico,0,0,0.0
Mexico,0,0,0.0
Mexico,0,0,0.0
Mexico,0,0,0.0
Mexico,0,1,0.0
Mexico,0,1,0.0
Mexico,0,1,0.0
Mexico,0,0,0.0
Mexico,0,1,0.0
Mexico,0,0,0.0
Mexico,0,1,102.64929832327093
Mexico,0,1,0.0
Mexico,0,1,307.94789496981275
Mexico,0,0,0.0
Mexico,0,1,0.0
Mexico,0,0,0.0
Mexico,0,1,0.0
Mexico,0,0,102.64929832327093
Mexico,0,1,0.0
Mexico,0,0,0.0
Mexico,0,1,0.0
Mexico,0,0,0.0
Mexico,0,1,51.32464916163546
Mexico,0,1,0.0
Mexico,0,0,0.0
Mexico,0,1,0.0
Mexico,0,1,20.529859664654186
Mexico,0,0,0.0
Mexico,0,0,123.17915798792511
Mexico,0,0,0.0
Mexico,0,0,0.0
Mexico,0,0,0.0
Mexico,0,0,0.0
Mexico,0,0,51.32464916163546
Mexico,0,1,0.0
Mexico,0,1,0.0
Mexico,0,1,0.0
Mexico,0,1,0.0
Mexico,0,1,0.0
Mexico,0,1,0.0
Mexico,0,1,0.0
Mexico,0,1,0.0
Mexico,0,1,0.0
Mexico,0,1,1601.3290538430265
Mexico,0,1,82.11943865861674
Mexico,0,1,0.0
Mexico,0,1,0.0
Mexico,0,1,0.0
Mexico,0,1,0.0
Mexico,0,1,0.0
Mexico,0,1,0.0
Mexico,0,1,0.0
Mexico,0,0,0.0
Mexico,0,1,410.5971932930837
Mexico,0,0,0.0
Mexico,0,1,51.32464916163546
Mexico,0,0,0.0
Mexico,0,0,0.0
Mexico,0,0,0.0
Mexico,0,1,0.0
Mexico,0,0,0.0
Mexico,0,0,0.0
Mexico,0,0,0.0
Mexico,0,0,0.0
Mexico,0,0,0.0
Mexico,0,1,0.0
Mexico,0,1,0.0
Mexico,0,1,0.0
Mexico,0,1,0.0
Mexico,0,1,143.7090176525793
Mexico,0,1,71.85450882628965
Mexico,0,0,0.0
Mexico,0,1,0.0
Mexico,0,1,0.0
Mexico,0,0,0.0
Mexico,0,0,0.0
Mexico,0,1,0.0
Mexico,0,1,0.0
Mexico,0,1,0.0
Mexico,0,1,0.0
Mexico,0,0,0.0
Mexico,0,0,0.0
Mexico,0,0,0.0
Mexico,0,0,0.0
Mexico,0,0,0.0
Mexico,0,1,0.0
Mexico,0,1,0.0
Mexico,0,1,0.0
Mexico,0,0,0.0
Mexico,0,0,-256.62324580817733
Mexico,0,0,0.0
Mexico,0,1,0.0
Mexico,0,0,0.0
Mexico,0,1,0.0
Mexico,0,1,-20.529859664654186
Mexico,0,0,0.0
Mexico,0,1,0.0
Mexico,0,1,0.0
Mexico,0,0,0.0
Mexico,0,1,0.0
Mexico,0,1,0.0
Mexico,0,0,0.0
Mexico,0,1,0.0
Mexico,0,1,51.32464916163546
Mexico,0,0,0.0
Mexico,0,1,0.0
Mexico,0,1,0.0
Mexico,0,1,102.64929832327093
Mexico,0,0,0.0
Mexico,0,0,0.0
Mexico,0,0,0.0
Mexico,0,0,0.0
Mexico,0,1,0.0
Mexico,0,0,0.0
Mexico,0,0,0.0
Mexico,0,0,0.0
Mexico,0,1,0.0
Mexico,0,1,0.0
Mexico,0,1,0.0
Mexico,0,1,0.0
Mexico,0,1,0.0
Mexico,0,1,0.0
Mexico,0,1,-20.529859664654186
Mexico,0,0,0.0
Mexico,0,0,0.0
Mexico,0,1,0.0
Mexico,0,0,0.0
Mexico,0,1,0.0
Mexico,0,0,0.0
Mexico,0,1,153.97394748490638
Mexico,0,1,0.0
Mexico,0,0,-51.32464916163546
Mexico,0,1,0.0
Mexico,0,1,143.2984204592862
Mexico,0,0,0.0
Mexico,0,1,0.0
Mexico,0,1,0.0
Mexico,0,0,0.0
Mexico,0,1,0.0
Mexico,0,0,0.0
Mexico,0,1,0.0
Mexico,0,1,0.0
Mexico,0,1,0.0
Mexico,0,1,0.0
Mexico,0,0,0.0
Mexico,0,0,0.0
Mexico,0,1,0.0
Mexico,0,1,0.0
Mexico,0,1,30.794789496981277
Mexico,0,0,0.0
Mexico,0,0,0.0
Mexico,0,0,0.0
Mexico,0,0,0.0
Mexico,0,1,0.0
Mexico,0,0,51.32464916163546
Mexico,0,0,0.0
Mexico,0,0,30.794789496981277
Mexico,0,1,-51.32464916163546
Mexico,0,0,0.0
Mexico,0,1,0.0
Mexico,0,0,0.0
Mexico,0,1,0.0
Mexico,0,0,307.94789496981275
Mexico,0,1,0.0
Mexico,0,1,0.0
Mexico,0,1,0.0
Mexico,0,1,0.0
Mexico,0,0,0.0
Mexico,0,1,0.0
Mexico,0,1,0.0
Mexico,0,0,0.0
Mexico,0,0,0.0
Mexico,0,0,0.0
Mexico,0,1,297.68296513748567
Mexico,0,0,0.0
Mexico,0,0,0.0
Mexico,0,1,0.0
Mexico,0,0,0.0
Mexico,0,1,0.0
Mexico,0,1,0.0
Mexico,0,0,0.0
Mexico,0,1,0.0
Mexico,0,1,0.0
Mexico,0,1,0.0
Mexico,0,0,0.0
Mexico,0,0,0.0
Mexico,0,0,51.32464916163546
Mexico,0,1,0.0
Mexico,0,1,0.0
Mexico,0,0,61.589578993962554
Mexico,0,0,0.0
Mexico,0,0,0.0
Mexico,0,0,0.0
Mexico,0,1,0.0
Mexico,0,1,0.0
Mexico,0,1,0.0
Mexico,0,0,73.90749479275506
Mexico,0,1,61.589578993962554
Mexico,0,1,-513.2464916163547
Mexico,0,0,0.0
Mexico,0,1,0.0
Mexico,0,1,0.0
Mexico,0,1,0.0
Mexico,0,1,0.0
Mexico,0,0,0.0
Mexico,0,1,0.0
Mexico,0,0,0.0
Mexico,0,1,0.0
Mexico,0,1,-30.794789496981277
Mexico,0,0,0.0
Mexico,0,1,61.589578993962554
Mexico,0,1,0.0
Mexico,0,0,102.64929832327093
Mexico,0,0,0.0
Mexico,0,1,0.0
Mexico,0,1,0.0
Mexico,0,0,0.0
Mexico,0,0,0.0
Mexico,0,0,0.0
Mexico,0,0,0.0
Mexico,0,0,0.0
Mexico,0,0,0.0
Mexico,0,1,1026.4929832327093
Mexico,0,1,0.0
Mexico,0,1,56.457114077799005
Mexico,0,0,0.0
Mexico,0,1,0.0
Mexico,0,1,0.0
Mexico,0,0,0.0
Mexico,0,0,0.0
Mexico,0,0,0.0
Mexico,0,0,153.97394748490638
Mexico,0,1,0.0
Mexico,0,1,0.0
Mexico,0,1,102.64929832327093
Mexico,0,0,102.64929832327093
Mexico,0,1,0.0
Mexico,0,1,759.6048075922048
Mexico,0,0,0.0
Mexico,0,1,0.0
Mexico,0,0,0.0
Mexico,0,1,0.0
Mexico,0,1,0.0
Mexico,0,1,0.0
Mexico,0,0,0.0
Mexico,0,1,0.0
Mexico,0,1,0.0
Mexico,0,0,0.0
Mexico,0,0,0.0
Mexico,0,1,0.0
Mexico,0,0,0.0
Mexico,0,0,0.0
Mexico,0,1,0.0
Mexico,0,1,0.0
Mexico,0,1,0.0
Mexico,0,1,0.0
Mexico,0,0,0.0
Mexico,0,0,0.0
Mexico,0,0,0.0
Mexico,0,0,153.97394748490638
Mexico,0,0,0.0
Mexico,0,1,0.0
Mexico,0,1,0.0
Mexico,0,1,0.0
Mexico,0,0,0.0
Mexico,0,0,0.0
Mexico,0,0,0.0
Mexico,0,1,0.0
Mexico,0,1,0.0
Mexico,0,1,0.0
Mexico,0,1,0.0
Mexico,0,1,0.0
Mexico,0,0,0.0
Mexico,0,0,0.0
Mexico,0,0,0.0
Mexico,0,0,0.0
Mexico,0,0,0.0
Mexico,0,0,0.0
Mexico,0,0,0.0
Mexico,0,0,0.0
Mexico,0,0,0.0
Mexico,0,1,0.0
Mexico,0,1,0.0
Mexico,0,0,0.0
Mexico,0,1,359.2725441314482
Mexico,0,0,0.0
Mexico,0,0,0.0
Mexico,0,1,0.0
Mexico,0,1,-184.76873698188766
Mexico,0,1,0.0
Mexico,0,0,287.4180353051586
Mexico,0,0,0.0
Mexico,0,0,0.0
Mexico,0,0,0.0
Mexico,0,1,0.0
Mexico,0,1,82.11943865861674
Mexico,0,1,0.0
Mexico,0,1,-66.7220439101261
Mexico,0,0,0.0
Mexico,0,1,205.29859664654185
Mexico,0,1,0.0
Mexico,0,1,0.0
Mexico,0,1,0.0
Mexico,0,0,0.0
Mexico,0,1,0.0
Mexico,0,0,-1.0264929832327092
Mexico,0,0,0.0
Mexico,0,0,0.0
Mexico,0,0,0.0
Mexico,0,1,0.0
Mexico,0,1,256.62324580817733
Mexico,0,1,0.0
Mexico,0,0,0.0
Mexico,0,0,-102.64929832327093
Mexico,0,0,0.0
Mexico,0,1,0.0
Mexico,0,1,0.0
Mexico,0,0,0.0
Mexico,0,0,0.0
Mexico,0,1,0.0
Mexico,0,1,0.0
Mexico,0,0,0.0
Mexico,0,0,0.0
Mexico,0,1,0.0
Mexico,0,0,0.0
Mexico,0,0,20.529859664654186
Mexico,0,0,0.0
Mexico,0,0,0.0
Mexico,0,1,0.0
Mexico,0,0,0.0
Mexico,0,0,102.64929832327093
Mexico,0,1,0.0
Mexico,0,0,-82.11943865861674
Mexico,0,0,0.0
Mexico,0,0,0.0
Mexico,0,1,-102.64929832327093
Mexico,0,1,0.0
Mexico,0,1,0.0
Mexico,0,0,51.32464916163546
Mexico,0,1,0.0
Mexico,0,1,0.0
Mexico,0,0,199.4475866421154
Mexico,0,0,0.0
Mexico,0,1,0.0
Mexico,0,0,0.0
Mexico,0,1,0.0
Mexico,0,0,143.7090176525793
Mexico,0,0,0.0
Mexico,0,1,0.0
Mexico,0,1,0.0
Mexico,0,0,0.0
Mexico,0,0,0.0
Mexico,0,1,0.0
Mexico,0,0,0.0
Mexico,0,1,0.0
Mexico,0,1,0.0
Mexico,0,1,0.0
Mexico,0,1,0.0
Mexico,0,1,0.0
Mexico,0,1,0.0
Mexico,0,0,0.0
Mexico,0,0,0.0
Mexico,0,1,5.1324649161635465
Mexico,0,0,0.0
Mexico,0,0,0.0
Mexico,0,1,0.0
Mexico,0,1,0.0
Mexico,0,0,0.0
Mexico,0,0,0.0
Mexico,0,1,0.0
Mexico,0,1,0.0
Mexico,0,0,0.0
Mexico,0,1,0.0
Mexico,0,0,0.0
Mexico,0,0,0.0
Mexico,0,0,0.0
Mexico,0,0,0.0
Mexico,0,0,256.62324580817733
Mexico,0,0,0.0
Mexico,0,0,123.17915798792511
Mexico,0,0,0.0
Mexico,0,1,0.0
Mexico,0,0,0.0
Mexico,0,0,0.0
Mexico,0,0,0.0
Mexico,0,0,0.0
Mexico,0,0,0.0
Mexico,0,1,0.0
Mexico,0,1,0.0
Mexico,0,1,0.0
Mexico,0,0,0.0
Mexico,0,0,0.0
Mexico,0,0,0.0
Mexico,0,1,0.0
Mexico,0,0,0.0
Mexico,0,1,0.0
Mexico,0,1,0.0
Mexico,0,1,0.0
Mexico,0,1,174.50380714956057
Mexico,0,0,0.0
Mexico,0,1,0.0
Mexico,0,1,0.0
Mexico,0,1,0.0
Mexico,0,0,0.0
Mexico,0,1,0.0
Mexico,0,0,0.0
Mexico,0,0,0.0
Mexico,0,0,41.05971932930837
Mexico,0,0,-369.5374739637753
Mexico,0,0,0.0
Mexico,0,1,0.0
Mexico,0,1,0.0
Mexico,0,0,0.0
Mexico,0,1,0.0
Mexico,0,1,0.0
Mexico,0,0,0.0
Mexico,0,1,0.0
Mexico,0,1,0.0
Mexico,0,0,0.0
Mexico,0,1,307.94789496981275
Mexico,0,0,0.0
Mexico,0,0,0.0
Mexico,0,1,0.0
Mexico,0,0,0.0
Mexico,0,1,0.0
Mexico,0,1,-153.97394748490638
Mexico,0,0,0.0
Mexico,0,0,0.0
Mexico,0,0,0.0
Mexico,0,1,0.0
Mexico,0,0,0.0
Mexico,0,1,0.0
Mexico,0,1,0.0
Mexico,0,0,0.0
Mexico,0,0,0.0
Mexico,0,1,102.64929832327093
Mexico,0,0,0.0
Mexico,0,1,-61.589578993962554
Mexico,0,0,0.0
Mexico,0,1,0.0
Mexico,0,1,0.0
Mexico,0,1,0.0
Mexico,0,1,0.0
Mexico,0,0,0.0
Mexico,0,0,0.0
Mexico,0,1,0.0
Mexico,0,1,0.0
Mexico,0,1,0.0
Mexico,0,0,0.0
Mexico,0,1,0.0
Mexico,0,0,0.0
Mexico,0,0,0.0
Mexico,0,0,0.0
Mexico,0,0,0.0
Mexico,0,1,0.0
Mexico,0,1,102.64929832327093
Mexico,0,0,0.0
Mexico,0,1,0.0
Mexico,0,1,0.0
Mexico,0,1,0.0
Mexico,0,0,0.0
Mexico,0,1,0.0
Mexico,0,1,0.0
Mexico,0,1,0.0
Mexico,0,0,0.0
Mexico,0,0,0.0
Mexico,0,0,0.0
Mexico,0,1,0.0
Mexico,0,0,0.0
Mexico,0,0,61.589578993962554
Mexico,0,0,24.63583159758502
Mexico,0,1,0.0
Mexico,0,1,0.0
Mexico,0,0,0.0
Mexico,0,1,0.0
Mexico,0,0,0.0
Mexico,0,1,15.397394748490639
Mexico,0,1,0.0
Mexico,0,1,0.0
Mexico,0,1,0.0
Mexico,0,1,0.0
Mexico,0,0,0.0
Mexico,0,0,0.0
Mexico,0,1,0.0
Mexico,0,0,102.64929832327093
Mexico,0,0,0.0
Mexico,0,1,0.0
Mexico,0,1,0.0
Mexico,0,0,-20.529859664654186
Mexico,0,1,0.0
Mexico,0,1,0.0
Mexico,0,0,410.5971932930837
Mexico,0,1,0.0
Mexico,0,0,0.0
Mexico,0,1,0.0
Mexico,0,0,0.0
Mexico,0,1,102.64929832327093
Mexico,0,0,0.0
Mexico,0,1,102.64929832327093
Mexico,0,0,61.589578993962554
Mexico,0,1,0.0
Mexico,0,1,0.0
Mexico,0,1,0.0
Mexico,0,1,0.0
Mexico,0,1,0.0
Mexico,0,0,0.0
Mexico,0,1,0.0
Mexico,0,1,0.0
Mexico,0,1,0.0
Mexico,0,1,0.0
Mexico,0,1,0.0
Mexico,0,1,0.0
Mexico,0,1,0.0
Mexico,0,1,0.0
Mexico,0,0,0.0
Mexico,0,1,0.0
Mexico,0,0,0.0
Mexico,0,1,0.0
Mexico,0,0,0.0
Mexico,0,1,0.0
Mexico,0,1,0.0
Mexico,0,1,0.0
Mexico,0,0,513.2464916163547
Mexico,0,0,0.0
Mexico,0,1,0.0
Mexico,0,1,82.11943865861674
Mexico,0,0,102.64929832327093
Mexico,0,1,215.56352647886894
Mexico,0,1,0.0
Mexico,0,0,0.0
Mexico,0,1,307.94789496981275
Mexico,0,0,0.0
Mexico,0,0,0.0
Mexico,0,0,0.0
Mexico,0,1,15.397394748490639
Mexico,0,0,0.0
Mexico,0,1,0.0
Mexico,0,0,0.0
Mexico,0,0,0.0
Mexico,0,0,0.0
Mexico,0,1,0.0
Mexico,0,1,0.0
Mexico,0,1,102.64929832327093
Mexico,0,0,0.0
Mexico,0,0,0.0
Mexico,0,0,0.0
Mexico,0,1,0.0
Mexico,0,0,0.0
Mexico,0,0,0.0
Mexico,0,0,0.0
Mexico,0,0,20.529859664654186
Mexico,0,0,0.0
Mexico,0,0,102.64929832327093
Mexico,0,1,0.0
Mexico,0,1,0.0
Mexico,0,1,0.0
Mexico,0,0,0.0
Mexico,0,1,0.0
Mexico,0,1,0.0
Mexico,0,1,0.0
Mexico,0,0,0.0
Mexico,0,1,0.0
Mexico,0,0,0.0
Mexico,0,0,0.0
Mexico,0,0,0.0
Mexico,0,1,10.264929832327093
Mexico,0,0,0.0
Mexico,0,0,0.0
Mexico,0,1,0.0
Mexico,0,1,0.0
Mexico,0,1,0.0
Mexico,0,0,61.589578993962554
Mexico,0,0,61.589578993962554
Mexico,0,0,0.0
Mexico,0,1,0.0
Mexico,0,0,0.0
Mexico,0,0,0.0
Mexico,0,0,0.0
Mexico,0,1,0.0
Mexico,0,0,0.0
Mexico,0,0,0.0
Mexico,0,0,256.62324580817733
Mexico,0,0,0.0
Mexico,0,1,0.0
Mexico,0,0,0.0
Mexico,0,1,0.0
Mexico,0,0,0.0
Mexico,0,0,-102.64929832327093
Mexico,0,0,0.0
Mexico,0,0,0.0
Mexico,0,0,-205.29859664654185
Mexico,0,1,0.0
Mexico,0,1,0.0
Mexico,0,1,0.0
Mexico,0,0,0.0
Mexico,0,0,0.0
Mexico,0,1,0.0
Mexico,0,1,0.0
Mexico,0,0,0.0
Mexico,0,1,0.0
Mexico,0,0,30.794789496981277
Mexico,0,1,0.0
Mexico,0,1,0.0
Mexico,0,0,0.0
Mexico,0,0,0.0
Mexico,0,1,0.0
Mexico,0,1,0.0
Mexico,0,0,0.0
Mexico,0,1,0.0
Mexico,0,0,0.0
Mexico,0,0,0.0
Mexico,0,1,-307.94789496981275
Mexico,0,0,0.0
Mexico,0,0,0.0
Mexico,0,1,0.0
Mexico,0,1,0.0
Mexico,0,0,0.0
Mexico,0,0,0.0
Mexico,0,1,-98.54332639034008
Mexico,0,0,0.0
Mexico,0,0,0.0
Mexico,0,0,0.0
Mexico,0,1,0.0
Mexico,0,1,0.0
Mexico,0,1,0.0
Mexico,0,1,0.0
Mexico,0,0,0.0
Mexico,0,0,0.0
Mexico,0,0,0.0
Mexico,0,0,0.0
Mexico,0,1,0.0
Mexico,0,0,0.0
Mexico,0,0,0.0
Mexico,0,0,0.0
Mexico,0,1,0.0
Mexico,0,1,0.0
Mexico,0,1,0.0
Mexico,0,1,-51.32464916163546
Mexico,0,0,0.0
Mexico,0,1,0.0
Mexico,0,0,0.0
Mexico,0,0,5.1324649161635465
Mexico,0,1,0.0
Mexico,0,0,0.0
Mexico,0,0,0.0
Mexico,0,1,0.0
Mexico,0,1,0.0
Mexico,0,1,0.0
Mexico,0,0,0.0
Mexico,0,1,0.0
Mexico,0,0,0.0
Mexico,0,1,0.0
Mexico,0,1,0.0
Mexico,0,0,0.0
Mexico,0,1,0.0
Mexico,0,0,0.0
Mexico,0,1,0.0
Mexico,0,1,0.0
Mexico,0,1,0.0
Mexico,0,1,0.0
Mexico,0,1,0.0
Mexico,0,0,-3387.4268446679407
Mexico,0,1,0.0
Mexico,0,1,0.0
Mexico,0,1,0.0
Mexico,0,1,0.0
Mexico,0,0,2.0529859664654184
Mexico,0,0,0.0
Mexico,0,1,0.0
Mexico,0,0,0.0
Mexico,0,1,0.0
Mexico,0,0,0.0
Mexico,0,1,30.794789496981277
Mexico,0,1,0.0
Mexico,0,1,0.0
Mexico,0,0,0.0
Mexico,0,1,0.0
Mexico,0,0,0.0
Mexico,0,0,0.0
Mexico,0,1,0.0
Mexico,0,0,0.0
Mexico,0,0,0.0
Mexico,0,1,0.0
Mexico,0,0,0.0
Mexico,0,0,0.0
Mexico,0,0,0.0
Mexico,0,1,0.0
Mexico,0,1,82.11943865861674
Mexico,0,1,2566.232458081773
Mexico,0,1,0.0
Mexico,0,0,0.0
Mexico,0,1,0.0
Mexico,0,1,0.0
Mexico,0,1,0.0
Mexico,0,0,0.0
Mexico,0,1,-36.95374739637753
Mexico,0,1,0.0
Mexico,0,1,0.0
Mexico,0,1,0.0
Mexico,0,0,-10.264929832327093
Mexico,0,0,0.0
Mexico,0,0,0.0
Mexico,0,1,0.0
Mexico,0,0,0.0
Mexico,0,1,0.0
Mexico,0,1,0.0
Mexico,0,0,102.64929832327093
Mexico,0,1,0.0
Mexico,0,1,0.0
Mexico,0,0,0.0
Mexico,0,0,0.0
Mexico,0,1,0.0
Mexico,0,0,0.0
Mexico,0,0,0.0
Mexico,0,0,0.0
Mexico,0,1,0.0
Mexico,0,0,0.0
Mexico,0,0,0.0
Mexico,0,0,0.0
Mexico,0,0,102.64929832327093
Mexico,0,1,0.0
Mexico,0,1,-61.589578993962554
Mexico,0,0,0.0
Mexico,0,0,0.0
Mexico,0,1,0.0
Mexico,0,1,0.0
Mexico,0,1,0.0
Mexico,0,1,0.0
Mexico,0,1,0.0
Mexico,0,1,0.0
Mexico,0,0,0.0
Mexico,0,1,0.0
Mexico,0,1,0.0
Mexico,0,1,0.0
Mexico,0,0,0.0
Mexico,0,0,0.0
Mexico,0,0,0.0
Mexico,0,1,0.0
Mexico,0,0,0.0
Mexico,0,0,0.0
Mexico,0,1,0.0
Mexico,0,1,0.0
Mexico,0,1,0.0
Mexico,0,0,0.0
Mexico,0,1,0.0
Mexico,0,0,0.0
Mexico,0,0,0.0
Mexico,0,0,0.0
Mexico,0,0,184.76873698188766
Mexico,0,0,0.0
Mexico,0,0,97.51683340710738
Mexico,0,0,0.0
Mexico,0,1,82.11943865861674
Mexico,0,1,0.0
Mexico,0,1,0.0
Mexico,0,0,0.0
Mexico,0,0,0.0
Mexico,0,1,92.38436849094383
Mexico,0,1,30.794789496981277
Mexico,0,1,0.0
Mexico,0,1,0.0
Mexico,0,0,0.0
Mexico,0,0,0.0
Mexico,0,1,0.0
Mexico,0,1,0.0
Mexico,0,1,0.0
Mexico,0,0,0.0
Mexico,0,0,0.0
Mexico,0,0,0.0
Mexico,0,0,0.0
Mexico,0,0,0.0
Mexico,0,1,143.7090176525793
Mexico,0,1,0.0
Mexico,0,1,0.0
Mexico,0,1,0.0
Mexico,0,1,0.0
Mexico,0,1,-102.64929832327093
Mexico,0,0,0.0
Mexico,0,0,0.0
Mexico,0,0,0.0
Mexico,0,1,0.0
Mexico,0,1,384.93486871226594
Mexico,0,0,0.0
Mexico,0,1,0.0
Mexico,0,0,205.29859664654185
Mexico,0,1,0.0
Mexico,0,1,112.91422815559801
Mexico,0,0,0.0
Mexico,0,0,0.0
Mexico,0,1,0.0
Mexico,0,0,0.0
Mexico,0,0,0.0
Mexico,0,1,0.0
Mexico,0,1,256.62324580817733
Mexico,0,0,102.64929832327093
Mexico,0,1,0.0
Mexico,0,1,0.0
Mexico,0,1,0.0
Mexico,0,1,0.0
Mexico,0,1,0.0
Mexico,0,0,0.0
Mexico,0,1,10.264929832327093
Mexico,0,1,131.39110185378678
Mexico,0,0,0.0
Mexico,0,0,0.0
Mexico,0,1,0.0
Mexico,0,1,0.0
Mexico,0,0,0.0
Mexico,0,0,51.32464916163546
Mexico,0,0,0.0
Mexico,0,1,10.264929832327093
Mexico,0,0,0.0
Mexico,0,1,0.0
Mexico,0,1,0.0
Mexico,0,0,0.0
Mexico,0,0,0.0
Mexico,0,1,0.0
Mexico,0,0,0.0
Mexico,0,1,0.0
Mexico,0,1,0.0
Mexico,0,0,0.0
Mexico,0,1,0.0
Mexico,0,0,0.0
Mexico,0,0,0.0
Mexico,0,0,179.6362720657241
Mexico,0,1,0.0
Mexico,0,1,0.0
Mexico,0,0,0.0
Mexico,0,0,0.0
Mexico,0,0,0.0
Mexico,0,0,0.0
Mexico,0,0,-205.29859664654185
Mexico,0,1,0.0
Mexico,0,1,20.529859664654186
Mexico,0,1,61.589578993962554
Mexico,0,0,0.0
Mexico,0,0,0.0
Mexico,0,0,0.0
Mexico,0,1,0.0
Mexico,0,1,0.0
Mexico,0,1,0.0
Mexico,0,1,0.0
Mexico,0,1,51.32464916163546
Mexico,0,0,30.794789496981277
Mexico,0,1,0.0
Mexico,0,1,0.0
Mexico,0,0,0.0
Mexico,0,0,0.0
Mexico,0,1,0.0
Mexico,0,1,0.0
Mexico,0,1,0.0
Mexico,0,0,0.0
Mexico,0,1,0.0
Mexico,0,1,0.0
Mexico,0,0,0.0
Mexico,0,1,0.0
Mexico,0,1,0.0
Mexico,0,1,0.0
Mexico,0,0,0.0
Mexico,0,0,0.0
Mexico,0,0,10.264929832327093
Mexico,0,1,0.0
Mexico,0,1,0.0
Mexico,0,0,0.0
Mexico,0,1,51.32464916163546
Mexico,0,1,0.0
Mexico,0,1,20.529859664654186
Mexico,0,0,0.0
Mexico,0,1,0.0
Mexico,0,1,0.0
Mexico,0,1,0.0
Mexico,0,0,-143.7090176525793
Mexico,0,0,0.0
Mexico,0,0,0.0
Mexico,0,1,0.0
Mexico,0,1,0.0
Mexico,0,0,0.0
Mexico,0,0,0.0
Mexico,0,1,6.158957899396255
Mexico,0,1,0.0
Mexico,0,0,0.0
Mexico,0,0,0.0
Mexico,0,1,-102.64929832327093
Mexico,0,1,0.0
Mexico,0,1,0.0
Mexico,0,0,0.0
Mexico,0,1,51.32464916163546
Mexico,0,0,0.0
Mexico,0,0,30.794789496981277
Mexico,0,1,0.0
Mexico,0,0,30.794789496981277
Mexico,0,0,0.0
Mexico,0,0,307.94789496981275
Mexico,0,0,0.0
Mexico,0,1,0.0
Mexico,0,0,0.0
Mexico,0,1,51.32464916163546
Mexico,0,0,0.0
Mexico,0,1,0.0
Mexico,0,0,0.0
Mexico,0,0,0.0
Mexico,0,1,102.64929832327093
Mexico,0,1,0.0
Mexico,0,0,-82.11943865861674
Mexico,0,0,0.0
Mexico,0,0,0.0
Mexico,0,1,61.589578993962554
Mexico,0,1,0.0
Mexico,0,0,20.529859664654186
Mexico,0,0,0.0
Mexico,0,0,0.0
Mexico,0,1,0.0
Mexico,0,0,0.0
Mexico,0,1,0.0
Mexico,0,1,0.0
Mexico,0,1,0.0
Mexico,0,1,0.0
Mexico,0,1,0.0
Mexico,0,1,3202.658107686053
Mexico,0,0,0.0
Mexico,0,1,15.397394748490639
Mexico,0,0,0.0
Mexico,0,0,0.0
Mexico,0,0,0.0
Mexico,0,1,0.0
Mexico,0,1,0.0
Mexico,0,1,0.0
Mexico,0,1,0.0
Mexico,0,0,0.0
Mexico,0,1,0.0
Mexico,0,0,0.0
Mexico,0,1,0.0
Mexico,0,0,0.0
Mexico,0,1,92.38436849094383
Mexico,0,0,0.0
Mexico,0,1,0.0
Mexico,0,0,0.0
Mexico,0,1,0.0
Mexico,0,0,0.0
Mexico,0,1,41.05971932930837
Mexico,0,1,0.0
Mexico,0,1,0.0
Mexico,0,1,0.0
Mexico,0,1,71.85450882628965
Mexico,0,1,0.0
Mexico,0,1,0.0
Mexico,0,1,41.05971932930837
Mexico,0,1,0.0
Mexico,0,1,0.0
Mexico,0,1,30.794789496981277
Mexico,0,1,51.32464916163546
Mexico,0,0,55.4306210945663
Mexico,0,1,0.0
Mexico,0,0,90.33138252447841
Mexico,0,1,0.0
Mexico,0,1,0.0
Mexico,0,0,0.0
Mexico,0,1,0.0
Mexico,0,0,0.0
Mexico,0,1,-20.529859664654186
Mexico,0,0,-102.64929832327093
Mexico,0,1,0.0
Mexico,0,0,0.0
Mexico,0,0,0.0
Mexico,0,0,0.0
Mexico,0,0,0.0
Mexico,0,1,0.0
Mexico,0,1,0.0
Mexico,0,0,0.0
Mexico,0,0,-71.85450882628965
Mexico,0,0,0.0
Mexico,0,0,0.0
Mexico,0,0,0.0
Mexico,0,1,0.0
Mexico,0,1,122.1526650046924
Mexico,0,1,0.0
Mexico,0,0,0.0
Mexico,0,1,0.0
Mexico,0,1,0.0
Mexico,0,0,0.0
Mexico,0,0,0.0
Mexico,0,1,0.0
Mexico,0,1,0.0
Mexico,0,0,0.0
Mexico,0,1,0.0
Mexico,0,1,0.0
Mexico,0,0,0.0
Mexico,0,1,0.0
Mexico,0,1,0.0
Mexico,0,1,0.0
Mexico,0,0,0.0
Mexico,0,0,-102.64929832327093
Mexico,0,1,0.0
Mexico,0,0,0.0
Mexico,0,0,0.0
Mexico,0,0,82.11943865861674
Mexico,0,1,0.0
Mexico,0,1,0.0
Mexico,0,0,0.0
Mexico,0,0,0.0
Mexico,0,0,0.0
Mexico,0,0,33.36102195506305
Mexico,0,1,0.0
Mexico,0,0,0.0
Mexico,0,1,0.0
Mexico,0,0,0.0
Mexico,0,1,0.0
Mexico,0,1,0.0
Mexico,0,0,61.589578993962554
Mexico,0,0,0.0
Mexico,0,1,51.32464916163546
Mexico,0,1,0.0
Mexico,0,0,0.0
Mexico,0,1,0.0
Mexico,0,1,0.0
Mexico,0,1,0.0
Mexico,0,0,0.0
Mexico,0,1,0.0
Mexico,0,0,0.0
Mexico,0,1,0.0
Mexico,0,1,0.0
Mexico,0,0,0.0
Mexico,0,1,0.0
Mexico,0,0,0.0
Mexico,0,0,0.0
Mexico,0,0,0.0
Mexico,0,1,0.0
Mexico,0,0,0.0
Mexico,0,1,0.0
Mexico,0,0,0.0
Mexico,0,0,0.0
Mexico,0,0,0.0
Mexico,0,1,0.0
Mexico,0,1,0.0
Mexico,0,1,0.0
Mexico,0,1,20.529859664654186
Mexico,0,1,0.0
Mexico,0,0,82.11943865861674
Mexico,0,0,0.0
Mexico,0,0,0.0
Mexico,0,0,0.0
Mexico,0,0,0.0
Mexico,0,1,0.0
Mexico,0,1,0.0
Mexico,0,0,0.0
Mexico,0,1,51.32464916163546
Mexico,0,1,0.0
Mexico,0,1,0.0
Mexico,0,0,0.0
Mexico,0,1,0.0
Mexico,0,0,0.0
Mexico,0,0,0.0
Mexico,0,1,0.0
Mexico,0,1,0.0
Mexico,0,1,0.0
Mexico,0,0,0.0
Mexico,0,1,102.64929832327093
Mexico,0,1,0.0
Mexico,0,1,0.0
Mexico,0,0,0.0
Mexico,0,0,82.11943865861674
Mexico,0,1,0.0
Mexico,0,1,30.794789496981277
Mexico,0,1,0.0
Mexico,0,1,-61.589578993962554
Mexico,0,1,20.529859664654186
Mexico,0,1,0.0
Mexico,0,1,0.0
Mexico,0,1,-307.94789496981275
Mexico,0,1,-287.4180353051586
Mexico,0,0,0.0
Mexico,0,0,0.0
Mexico,0,1,0.0
Mexico,0,1,0.0
Mexico,0,0,0.0
Mexico,0,1,0.0
Mexico,0,0,0.0
Mexico,0,1,102.64929832327093
Mexico,0,0,0.0
Mexico,0,1,0.0
Mexico,0,0,0.0
Mexico,0,0,0.0
Mexico,0,0,102.64929832327093
Mexico,0,1,35.92725441314482
Mexico,0,0,0.0
Mexico,0,0,-153.97394748490638
Mexico,0,0,0.0
Mexico,0,1,0.0
Mexico,0,0,0.0
Mexico,0,0,0.0
Mexico,0,1,0.0
Mexico,0,1,61.589578993962554
Mexico,0,1,0.0
Mexico,0,1,0.0
Mexico,0,1,0.0
Mexico,0,0,0.0
Mexico,0,1,-61.589578993962554
Mexico,0,1,0.0
Mexico,0,0,0.0
Mexico,0,0,0.0
Mexico,0,0,0.0
Mexico,0,1,0.0
Mexico,0,0,0.0
Mexico,0,1,0.0
Mexico,0,1,51.32464916163546
Mexico,0,1,0.0
Mexico,0,1,0.0
Mexico,0,0,0.0
Mexico,0,1,0.0
Mexico,0,0,0.0
Mexico,0,0,0.0
Mexico,0,0,0.0
Mexico,0,1,0.0
Mexico,0,0,0.0
Mexico,0,0,0.0
Mexico,0,0,0.0
Mexico,0,0,0.0
Mexico,0,1,0.0
Mexico,0,1,-123.17915798792511
Mexico,0,0,0.0
Mexico,0,0,0.0
Mexico,0,0,61.589578993962554
Mexico,0,1,0.0
Mexico,0,0,41.05971932930837
Mexico,0,1,0.0
Mexico,0,0,0.0
Mexico,0,1,0.0
Mexico,0,0,0.0
Mexico,0,0,0.0
Mexico,0,0,0.0
Mexico,0,0,0.0
Mexico,0,1,0.0
Mexico,0,1,0.0
Mexico,0,1,0.0
Mexico,0,1,0.0
Mexico,0,0,0.0
Mexico,0,1,30.794789496981277
Mexico,0,1,0.0
Mexico,0,0,0.0
Mexico,0,1,0.0
Mexico,0,1,0.0
Mexico,0,0,0.0
Mexico,0,1,0.0
Mexico,0,0,0.0
Mexico,0,1,102.64929832327093
Mexico,0,1,0.0
Mexico,0,1,-41.05971932930837
Mexico,0,0,0.0
Mexico,0,0,0.0
Mexico,0,1,0.0
Mexico,0,0,0.0
Mexico,0,1,0.0
Mexico,0,1,0.0
Mexico,0,0,0.0
Mexico,0,0,0.0
Mexico,0,1,0.0
Mexico,0,0,0.0
Mexico,0,0,0.0
Mexico,0,0,51.32464916163546
Mexico,0,1,205.29859664654185
Mexico,0,0,0.0
Mexico,0,0,153.97394748490638
Mexico,0,1,-82.11943865861674
Mexico,0,1,41.05971932930837
Mexico,0,1,0.0
Mexico,0,0,82.11943865861674
Mexico,0,1,0.0
Mexico,0,0,0.0
Mexico,0,1,0.0
Mexico,0,0,0.0
Mexico,0,0,30.794789496981277
Mexico,0,0,0.0
Mexico,0,0,0.0
Mexico,0,0,0.0
Mexico,0,0,0.0
Mexico,0,0,0.0
Mexico,0,0,0.0
Mexico,0,1,0.0
Mexico,0,0,0.0
Mexico,0,1,0.0
Mexico,0,0,0.0
Mexico,0,1,0.0
Mexico,0,1,0.0
Mexico,0,1,0.0
Mexico,0,1,0.0
Mexico,0,0,41.05971932930837
Mexico,0,1,0.0
Mexico,0,1,0.0
Mexico,0,0,0.0
Mexico,0,1,769.8697374245319
Mexico,0,1,0.0
Mexico,0,1,0.0
Mexico,0,1,0.0
Mexico,0,0,0.0
Mexico,0,1,0.0
Mexico,0,0,0.0
Mexico,0,0,0.0
Mexico,0,1,0.0
Mexico,0,1,0.0
Mexico,0,0,307.94789496981275
Mexico,0,1,0.0
Mexico,0,0,349.00761429912114
Mexico,0,0,0.0
Mexico,0,0,0.0
Mexico,0,0,0.0
Mexico,0,0,0.0
Mexico,0,1,0.0
Mexico,0,0,0.0
Mexico,0,1,0.0
Mexico,0,1,0.0
Mexico,0,1,0.0
Mexico,0,1,0.0
Mexico,0,0,0.0
Mexico,0,1,0.0
Mexico,0,0,0.0
Mexico,0,0,0.0
Mexico,0,1,0.0
Mexico,0,0,0.0
Mexico,0,0,0.0
Mexico,0,1,1026.4929832327093
Mexico,0,0,0.0
Mexico,0,0,0.0
Mexico,0,1,0.0
Mexico,0,0,0.0
Mexico,0,1,0.0
Mexico,0,1,0.0
Mexico,0,0,0.0
Mexico,0,1,287.4180353051586
Mexico,0,0,51.32464916163546
Mexico,0,0,0.0
Mexico,0,0,0.0
Mexico,0,0,0.0
Mexico,0,1,0.0
Mexico,0,0,0.0
Mexico,0,0,0.0
Mexico,0,0,0.0
Mexico,0,0,51.32464916163546
Mexico,0,1,20.529859664654186
Mexico,0,0,0.0
Mexico,0,1,0.0
Mexico,0,1,0.0
Mexico,0,0,0.0
Mexico,0,1,0.0
Mexico,0,1,0.0
Mexico,0,1,0.0
Mexico,0,0,0.0
Mexico,0,1,0.0
Mexico,0,1,0.0
Mexico,0,1,0.0
Mexico,0,1,0.0
Mexico,0,1,0.0
Mexico,0,1,0.0
Mexico,0,0,0.0
Mexico,0,1,0.0
Mexico,0,1,0.0
Mexico,0,1,0.0
Mexico,0,1,0.0
Mexico,0,1,0.0
Mexico,0,1,0.0
Mexico,0,0,0.0
Mexico,0,1,0.0
Mexico,0,1,0.0
Mexico,0,1,0.0
Mexico,0,1,0.0
Mexico,0,0,0.0
Mexico,0,1,0.0
Mexico,0,0,0.0
Mexico,0,1,0.0
Mexico,0,0,0.0
Mexico,0,1,0.0
Mexico,0,1,0.0
Mexico,0,1,0.0
Mexico,0,0,0.0
Mexico,0,1,0.0
Mexico,0,1,0.0
Mexico,0,1,0.0
Mexico,0,1,0.0
Mexico,0,0,0.0
Mexico,0,1,-184.76873698188766
Mexico,0,0,0.0
Mexico,0,0,0.0
Mexico,0,0,71.85450882628965
Mexico,0,1,0.0
Mexico,0,0,0.0
Mexico,0,1,197.08665278068017
Mexico,0,1,71.85450882628965
Mexico,0,1,0.0
Mexico,0,0,0.0
Mexico,0,1,0.0
Mexico,0,0,61.589578993962554
Mexico,0,0,-82.11943865861674
Mexico,0,0,0.0
Mexico,0,0,0.0
Mexico,0,0,0.0
Mexico,0,1,0.0
Mexico,0,1,30.794789496981277
Mexico,0,1,0.0
Mexico,0,1,0.0
Mexico,0,0,0.0
Mexico,0,0,0.0
Mexico,0,1,0.0
Mexico,0,1,0.0
Mexico,0,1,0.0
Mexico,0,1,0.0
Mexico,0,1,0.0
Mexico,0,1,0.0
Mexico,0,1,0.0
Mexico,0,1,20.529859664654186
Mexico,0,0,0.0
Mexico,0,0,0.0
Mexico,0,1,0.0
Mexico,0,0,0.0
Mexico,0,0,0.0
Mexico,0,0,0.0
Mexico,0,1,256.62324580817733
Mexico,0,1,0.0
Mexico,0,1,0.0
Mexico,0,0,0.0
Mexico,0,1,0.0
Mexico,0,1,0.0
Mexico,0,1,0.0
Mexico,0,0,0.0
Mexico,0,0,0.0
Mexico,0,1,0.0
Mexico,0,1,20.529859664654186
Mexico,0,1,25.66232458081773
Mexico,0,0,0.0
Mexico,0,0,0.0
Mexico,0,0,0.0
Mexico,0,1,0.0
Mexico,0,1,513.2464916163547
Mexico,0,1,0.0
Mexico,0,1,0.0
Mexico,0,0,0.0
Mexico,0,1,0.0
Mexico,0,1,0.0
Mexico,0,1,0.0
Mexico,0,0,0.0
Mexico,0,0,0.0
Mexico,0,0,0.0
Mexico,0,1,-102.64929832327093
Mexico,0,1,0.0
Mexico,0,0,0.0
Mexico,0,0,0.0
Mexico,0,0,-205.29859664654185
Mexico,0,1,0.0
Mexico,0,0,0.0
Mexico,0,0,0.0
Mexico,0,0,0.0
Mexico,0,0,0.0
Mexico,0,0,0.0
Mexico,0,0,0.0
Mexico,0,0,0.0
Mexico,0,1,123.17915798792511
Mexico,0,0,0.0
Mexico,0,0,0.0
Mexico,0,0,-256.62324580817733
Mexico,0,1,20.529859664654186
Mexico,0,0,51.32464916163546
Mexico,0,1,-10.264929832327093
Mexico,0,1,-379.8024037961024
Mexico,0,0,0.0
Mexico,0,1,0.0
Mexico,0,0,5.1324649161635465
Mexico,0,1,0.0
Mexico,0,1,0.0
Mexico,0,0,0.0
Mexico,0,1,0.0
Mexico,0,1,-105.72877727296905
Mexico,0,0,0.0
Mexico,0,0,-102.64929832327093
Mexico,0,0,0.0
Mexico,0,1,0.0
Mexico,0,1,0.0
Mexico,0,1,0.0
Mexico,0,0,0.0
Mexico,0,0,0.0
Mexico,0,1,0.0
Mexico,0,1,0.0
Mexico,0,0,0.0
Mexico,0,1,0.0
Mexico,0,1,0.0
Mexico,0,1,0.0
Mexico,0,0,0.0
Mexico,0,0,0.0
Mexico,0,0,0.0
Mexico,0,0,0.0
Mexico,0,1,0.0
Mexico,0,1,0.0
Mexico,0,1,0.0
Mexico,0,1,205.29859664654185
Mexico,0,0,61.589578993962554
Mexico,0,1,0.0
Mexico,0,0,0.0
Mexico,0,0,0.0
Mexico,0,0,0.0
Mexico,0,0,0.0
Mexico,0,0,0.0
Mexico,0,1,0.0
Mexico,0,1,0.0
Mexico,0,1,0.0
Mexico,0,1,0.0
Mexico,0,0,0.0
Mexico,0,1,0.0
Mexico,0,1,0.0
Mexico,0,1,0.0
Mexico,0,0,0.0
Mexico,0,0,0.0
Mexico,0,1,0.0
Mexico,0,1,0.0
Mexico,0,0,0.0
Mexico,0,1,153.97394748490638
Mexico,0,1,0.0
Mexico,0,1,153.97394748490638
Mexico,0,1,0.0
Mexico,0,0,0.0
Mexico,0,0,0.0
Mexico,0,1,-10.264929832327093
Mexico,0,0,0.0
Mexico,0,1,-51.32464916163546
Mexico,0,1,0.0
Mexico,0,0,0.0
Mexico,0,1,0.0
Mexico,0,0,0.0
Mexico,0,1,0.0
Mexico,0,0,0.0
Mexico,0,0,0.0
Mexico,0,1,0.0
Mexico,0,1,0.0
Mexico,0,1,0.0
Mexico,0,0,205.29859664654185
Mexico,0,1,0.0
Mexico,0,0,20.324561068007643
Mexico,0,0,0.0
Mexico,0,0,102.64929832327093
Mexico,0,1,-513.2464916163547
Mexico,0,0,0.0
Mexico,0,1,0.0
Mexico,0,0,0.0
Mexico,0,1,0.0
Mexico,0,0,0.0
Mexico,0,1,0.0
Mexico,0,0,0.0
Mexico,0,1,0.0
Mexico,0,1,0.0
Mexico,0,1,0.0
Mexico,0,1,0.0
Mexico,0,0,0.0
Mexico,0,0,0.0
Mexico,0,0,0.0
Mexico,0,1,0.0
Mexico,0,1,0.0
Mexico,0,0,0.0
Mexico,0,1,0.0
Mexico,0,1,0.0
Mexico,0,0,0.0
Mexico,0,1,0.0
Mexico,0,0,0.0
Mexico,0,1,0.0
Mexico,0,0,10.264929832327093
Mexico,0,0,0.0
Mexico,0,0,0.0
Mexico,0,1,0.0
Mexico,0,1,0.0
Mexico,0,0,0.0
Mexico,0,0,0.0
Mexico,0,0,0.0
Mexico,0,1,-51.32464916163546
Mexico,0,1,0.0
Mexico,0,1,0.0
Mexico,0,0,43.112705295773786
Mexico,0,0,0.0
Mexico,0,0,0.0
Mexico,0,0,0.0
Mexico,0,1,0.0
Mexico,0,0,-57.48360706103172
Mexico,0,1,205.29859664654185
Mexico,0,1,61.589578993962554
Mexico,0,1,0.0
Mexico,0,0,0.0
Mexico,0,1,30.794789496981277
Mexico,0,1,0.0
Mexico,0,1,0.0
Mexico,0,0,0.0
Mexico,0,1,-61.589578993962554
Mexico,0,0,0.0
Mexico,0,1,0.0
Mexico,0,0,0.0
Mexico,0,0,0.0
Mexico,0,1,0.0
Mexico,0,0,0.0
Mexico,0,1,0.0
Mexico,0,0,0.0
Mexico,0,0,0.0
Mexico,0,1,0.0
Mexico,0,1,41.05971932930837
Mexico,0,0,359.2725441314482
Mexico,0,1,0.0
Mexico,0,0,0.0
Mexico,0,0,0.0
Mexico,0,1,0.0
Mexico,0,0,0.0
Mexico,0,0,205.29859664654185
Mexico,0,0,0.0
Mexico,0,0,0.0
Mexico,0,0,0.0
Mexico,0,1,0.0
Mexico,0,0,0.0
Mexico,0,1,0.0
Mexico,0,1,0.0
Mexico,0,0,0.0
Mexico,0,1,0.0
Mexico,0,1,0.0
Mexico,0,1,153.97394748490638
Mexico,0,1,20.529859664654186
Mexico,0,0,0.0
Mexico,0,1,0.0
Mexico,0,0,0.0
Mexico,0,0,-51.32464916163546
Mexico,0,1,0.0
Mexico,0,0,0.0
Mexico,0,0,0.0
Mexico,0,1,0.0
Mexico,0,1,0.0
Mexico,0,0,0.0
Mexico,0,1,0.0
Mexico,0,1,0.0
Mexico,0,1,0.0
Mexico,0,1,153.97394748490638
Mexico,0,1,0.0
Mexico,0,1,0.0
Mexico,0,0,0.0
Mexico,0,0,0.0
Mexico,0,0,0.0
Mexico,0,1,0.0
Mexico,0,0,30.794789496981277
Mexico,0,0,0.0
Mexico,0,0,153.97394748490638
Mexico,0,1,0.0
Mexico,0,0,13.34440878202522
Mexico,0,1,0.0
Mexico,0,1,0.0
Mexico,0,1,0.0
Mexico,0,0,0.0
Mexico,0,0,41.05971932930837
Mexico,0,0,307.94789496981275
Mexico,0,0,51.32464916163546
Mexico,0,0,0.0
Mexico,0,1,0.0
Mexico,0,1,0.0
Mexico,0,1,0.0
Mexico,0,0,0.0
Mexico,0,0,0.0
Mexico,0,1,25.66232458081773
Mexico,0,0,0.0
Mexico,0,1,0.0
Mexico,0,0,0.0
Mexico,0,1,0.0
Mexico,0,1,20.529859664654186
Mexico,0,1,0.0
Mexico,0,0,0.0
Mexico,0,1,2.0529859664654184
Mexico,0,1,0.0
Mexico,0,1,0.0
Mexico,0,1,0.0
Mexico,0,1,0.0
Mexico,0,0,0.0
Mexico,0,0,0.0
Mexico,0,1,112.91422815559801
Mexico,0,0,0.0
Mexico,0,1,0.0
Mexico,0,1,96.79828831884448
Mexico,0,0,0.0
Mexico,0,1,0.0
Mexico,0,1,0.0
Mexico,0,1,-10.264929832327093
Mexico,0,0,0.0
Mexico,0,0,0.0
Mexico,0,0,0.0
Mexico,0,1,0.0
Mexico,0,0,0.0
Mexico,0,1,0.0
Mexico,0,0,0.0
Mexico,0,1,205.29859664654185
Mexico,0,0,0.0
Mexico,0,0,0.0
Mexico,0,0,0.0
Mexico,0,1,0.0
Mexico,0,0,0.0
Mexico,0,0,0.0
Mexico,0,1,0.0
Mexico,0,0,0.0
Mexico,0,1,0.0
Mexico,0,0,0.0
Mexico,0,0,0.0
Mexico,0,0,0.0
Mexico,0,1,0.0
Mexico,0,0,0.0
Mexico,0,0,0.0
Mexico,0,1,0.0
Mexico,0,1,0.0
Mexico,0,1,0.0
Mexico,0,0,0.0
Mexico,0,1,0.0
Mexico,0,0,76.98697374245319
Mexico,0,1,0.0
Mexico,0,1,0.0
Mexico,0,1,158.07991941783723
Mexico,0,0,0.0
Mexico,0,1,0.0
Mexico,0,1,0.0
Mexico,0,0,0.0
Mexico,0,0,0.0
Mexico,0,0,0.0
Mexico,0,0,0.0
Mexico,0,0,82.11943865861674
Mexico,0,0,0.0
Mexico,0,1,0.0
Mexico,0,0,-256.62324580817733
Mexico,0,1,0.0
Mexico,0,1,0.0
Mexico,0,0,0.0
Mexico,0,1,0.0
Mexico,0,0,0.0
Mexico,0,0,0.0
Mexico,0,0,0.0
Mexico,0,0,0.0
Mexico,0,0,0.0
Mexico,0,1,0.0
Mexico,0,0,0.0
Mexico,0,1,0.0
Mexico,0,0,0.0
Mexico,0,0,0.0
Mexico,0,1,0.0
Mexico,0,1,205.29859664654185
Mexico,0,0,0.0
Mexico,0,1,0.0
Mexico,0,0,0.0
Mexico,0,0,0.0
Mexico,0,0,0.0
Mexico,0,0,17.86097790824914
Mexico,0,0,0.0
Mexico,0,0,0.0
Mexico,0,0,0.0
Mexico,0,1,0.0
Mexico,0,1,71.85450882628965
Mexico,0,0,0.0
Mexico,0,1,14.37090176525793
Mexico,0,0,0.0
Mexico,0,0,0.0
Mexico,0,1,0.0
Mexico,0,0,-51.32464916163546
Mexico,0,0,0.0
Mexico,0,0,-615.8957899396255
Mexico,0,1,0.0
Mexico,0,1,0.0
Mexico,0,1,0.0
Mexico,0,1,-92.38436849094383
Mexico,0,0,307.94789496981275
Mexico,0,1,0.0
Mexico,0,0,0.0
Mexico,0,1,0.0
Mexico,0,1,0.0
Mexico,0,1,0.0
Mexico,0,0,17.450380714956058
Mexico,0,0,0.0
Mexico,0,1,0.0
Mexico,0,0,0.0
Mexico,0,0,153.97394748490638
Mexico,0,1,0.0
Mexico,0,1,0.0
Mexico,0,1,0.0
Mexico,0,0,0.0
Mexico,0,0,0.0
Mexico,0,1,0.0
Mexico,0,0,0.0
Mexico,0,1,0.0
Mexico,0,1,0.0
Mexico,0,1,0.0
Mexico,0,0,0.0
Mexico,0,0,0.0
Mexico,0,0,0.0
Mexico,0,0,0.0
Mexico,0,0,0.0
Mexico,0,1,0.0
Mexico,0,1,0.0
Mexico,0,0,0.0
Mexico,0,0,0.0
Mexico,0,1,0.0
Mexico,0,0,0.0
Mexico,0,1,256.62324580817733
Mexico,0,0,0.0
Mexico,0,1,-30.589490900334734
Mexico,0,1,0.0
Mexico,0,0,30.794789496981277
Mexico,0,0,0.0
Mexico,0,1,0.0
Mexico,0,0,0.0
Mexico,0,1,0.0
Mexico,0,1,0.0
Mexico,0,1,0.0
Mexico,0,1,0.0
Mexico,0,1,0.0
Mexico,0,0,0.0
Mexico,0,0,82.11943865861674
Mexico,0,1,0.0
Mexico,0,1,0.0
Mexico,0,1,0.0
Mexico,0,0,0.0
Mexico,0,0,0.0
Mexico,0,0,0.0
Mexico,0,0,0.0
Mexico,0,0,0.0
Mexico,0,0,0.0
Mexico,0,0,0.0
Mexico,0,1,0.0
Mexico,0,1,0.0
Mexico,0,0,0.0
Mexico,0,1,0.0
Mexico,0,0,0.0
Mexico,0,0,0.0
Mexico,0,0,0.0
Mexico,0,1,0.0
Mexico,0,0,0.0
Mexico,0,1,0.0
Mexico,0,1,54.81472530462667
Mexico,0,1,0.0
Mexico,0,0,0.0
Mexico,0,0,0.0
Mexico,0,1,0.0
Mexico,0,0,0.0
Mexico,0,1,0.0
Mexico,0,0,0.0
Mexico,0,1,0.0
Mexico,0,0,13.34440878202522
Mexico,0,0,0.0
Mexico,0,1,95.46384744064196
Mexico,0,1,0.0
Mexico,0,1,0.0
Mexico,0,1,0.0
Mexico,0,0,0.0
Mexico,0,0,0.0
Mexico,0,1,0.0
Mexico,0,0,51.32464916163546
Mexico,0,0,0.0
Mexico,0,0,-307.94789496981275
Mexico,0,0,0.0
Mexico,0,1,0.0
Mexico,0,1,0.0
Mexico,0,1,205.29859664654185
Mexico,0,0,0.0
Mexico,0,0,0.0
Mexico,0,0,0.0
Mexico,0,1,0.0
Mexico,0,0,0.0
Mexico,0,1,0.0
Mexico,0,1,0.0
Mexico,0,0,0.0
Mexico,0,0,0.0
Mexico,0,0,307.94789496981275
Mexico,0,1,0.0
Mexico,0,1,0.0
Mexico,0,0,0.0
Mexico,0,1,0.0
Mexico,0,1,0.0
Mexico,0,1,0.0
Mexico,0,0,143.7090176525793
Mexico,0,1,0.0
Mexico,0,0,0.0
Mexico,0,0,0.0
Mexico,0,0,0.0
Mexico,0,1,0.0
Mexico,0,1,0.0
Mexico,0,0,0.0
Mexico,0,0,0.0
Mexico,0,1,0.0
Mexico,0,0,0.0
Mexico,0,0,0.0
Mexico,0,1,0.0
Mexico,0,0,0.0
Mexico,0,1,153.97394748490638
Mexico,0,1,0.0
Mexico,0,1,0.0
Mexico,0,1,0.0
Mexico,0,1,0.0
Mexico,0,1,0.0
Mexico,0,0,0.0
Mexico,0,1,0.0
Mexico,0,0,0.0
Mexico,0,0,0.0
Mexico,0,0,0.0
Mexico,0,0,0.0
Mexico,0,1,0.0
Mexico,0,0,0.0
Mexico,0,1,0.0
Mexico,0,1,0.0
Mexico,0,0,0.0
Mexico,0,0,118.04669307176157
Mexico,0,0,0.0
Mexico,0,1,20.529859664654186
Mexico,0,1,0.0
Mexico,0,1,0.0
Mexico,0,1,123.17915798792511
Mexico,0,1,0.0
Mexico,0,1,0.0
Mexico,0,1,30.794789496981277
Mexico,0,0,0.0
Mexico,0,0,0.0
Mexico,0,0,0.0
Mexico,0,1,0.0
Mexico,0,1,0.0
Mexico,0,0,0.0
Mexico,0,1,51.32464916163546
Mexico,0,1,0.0
Mexico,0,1,246.35831597585022
Mexico,0,0,0.0
Mexico,0,1,-82.11943865861674
Mexico,0,1,0.0
Mexico,0,1,205.29859664654185
Mexico,0,0,0.0
Mexico,0,1,-40854.42073266183
Mexico,0,0,0.0
Mexico,0,1,0.0
Mexico,0,0,0.0
Mexico,0,0,0.0
Mexico,0,1,1026.4929832327093
Mexico,0,1,0.0
Mexico,0,0,0.0
Mexico,0,1,0.0
Mexico,0,0,0.0
Mexico,0,0,0.0
Mexico,0,0,0.0
Mexico,0,1,0.0
Mexico,0,1,0.0
Mexico,0,1,0.0
Mexico,0,0,0.0
Mexico,0,1,0.0
Mexico,0,0,0.0
Mexico,0,1,0.0
Mexico,0,0,41.05971932930837
Mexico,0,0,0.0
Mexico,0,0,0.0
Mexico,0,1,0.0
Mexico,0,1,0.0
Mexico,0,1,0.0
Mexico,0,0,0.0
Mexico,0,1,0.0
Mexico,0,1,0.0
Mexico,0,0,0.0
Mexico,0,0,0.0
Mexico,0,1,0.0
Mexico,0,1,-1231.791579879251
Mexico,0,0,0.0
Mexico,0,0,0.0
Mexico,0,1,0.0
Mexico,0,1,0.0
Mexico,0,1,513.2464916163547
Mexico,0,1,0.0
Mexico,0,0,0.0
Mexico,0,0,0.0
Mexico,0,1,0.0
Mexico,0,1,0.0
Mexico,0,1,0.0
Mexico,0,0,0.0
Mexico,0,0,0.0
Mexico,0,1,0.0
Mexico,0,1,0.0
Mexico,0,1,0.0
Mexico,0,1,0.0
Mexico,0,0,0.0
Mexico,0,0,0.0
Mexico,0,0,0.0
Mexico,0,0,0.0
Mexico,0,1,0.0
Mexico,0,1,0.0
Mexico,0,0,51.32464916163546
Mexico,0,0,102.64929832327093
Mexico,0,0,307.94789496981275
Mexico,0,1,0.0
Mexico,0,0,0.0
Mexico,0,0,0.0
Mexico,0,1,0.0
Mexico,0,1,0.0
Mexico,0,1,0.0
Mexico,0,0,0.0
Mexico,0,0,0.0
Mexico,0,1,0.0
Mexico,0,1,0.0
Mexico,0,1,2299.3442824412687
Mexico,0,1,0.0
Mexico,0,1,0.0
Mexico,0,0,205.29859664654185
Mexico,0,1,0.0
Mexico,0,1,0.0
Mexico,0,0,0.0
Mexico,0,1,61.589578993962554
Mexico,0,1,-1950.3366681421476
Mexico,0,1,0.0
Mexico,0,1,-76.98697374245319
Mexico,0,0,0.0
Mexico,0,0,153.97394748490638
Mexico,0,1,0.0
Mexico,0,0,0.0
Mexico,0,1,307.94789496981275
Mexico,0,0,0.0
Mexico,0,0,-51.32464916163546
Mexico,0,0,0.0
Mexico,0,0,0.0
Mexico,0,1,0.0
Mexico,0,1,20.529859664654186
Mexico,0,1,0.0
Mexico,0,1,0.0
Mexico,0,1,0.0
Mexico,0,0,0.0
Mexico,0,1,410.5971932930837
Mexico,0,0,0.0
Mexico,0,1,0.0
Mexico,0,1,0.0
Mexico,0,1,0.0
Mexico,0,1,102.64929832327093
Mexico,0,1,246.35831597585022
Mexico,0,0,-30.794789496981277
Mexico,0,1,82.11943865861674
Mexico,0,0,0.0
Mexico,0,0,0.0
Mexico,0,1,0.0
Mexico,0,0,143.7090176525793
Mexico,0,0,0.0
Mexico,0,1,0.0
Mexico,0,0,0.0
Mexico,0,0,0.0
Mexico,0,0,0.0
Mexico,0,0,0.0
Mexico,0,1,0.0
Mexico,0,0,0.0
Mexico,0,1,0.0
Mexico,0,0,0.0
Mexico,0,0,0.0
Mexico,0,1,0.0
Mexico,0,0,0.0
Mexico,0,1,0.0
Mexico,0,1,-410.5971932930837
Mexico,0,1,0.0
Mexico,0,1,0.0
Mexico,0,0,0.0
Mexico,0,1,0.0
Mexico,0,1,0.0
Mexico,0,0,0.0
Mexico,0,1,0.0
Mexico,0,1,0.0
Mexico,0,0,0.0
Mexico,0,0,-20.529859664654186
Mexico,0,0,0.0
Mexico,0,0,0.0
Mexico,0,0,0.0
Mexico,0,1,0.0
Mexico,0,0,0.0
Mexico,0,0,0.0
Mexico,0,0,0.0
Mexico,0,1,0.0
Mexico,0,0,0.0
Mexico,0,1,30.794789496981277
Mexico,0,0,0.0
Mexico,0,1,0.0
Mexico,0,1,0.0
Mexico,0,0,0.0
Mexico,0,1,0.0
Mexico,0,1,0.0
Mexico,0,0,0.0
Mexico,0,1,0.0
Mexico,0,1,153.97394748490638
Mexico,0,0,0.0
Mexico,0,1,82.11943865861674
Mexico,0,0,0.0
Mexico,0,0,0.0
Mexico,0,0,0.0
Mexico,0,0,0.0
Mexico,0,1,0.0
Mexico,0,0,-30.794789496981277
Mexico,0,1,0.0
Mexico,0,0,0.0
Mexico,0,0,30.794789496981277
Mexico,0,1,0.0
Mexico,0,1,0.0
Mexico,0,1,0.0
Mexico,0,0,0.0
Mexico,0,1,0.0
Mexico,0,1,0.0
Mexico,0,1,0.0
Mexico,0,0,0.0
Mexico,0,1,0.0
Mexico,0,1,0.0
Mexico,0,0,0.0
Mexico,0,0,372.0010571235338
Mexico,0,1,0.0
Mexico,0,1,0.0
Mexico,0,0,0.0
Mexico,0,1,0.0
Mexico,0,1,92.38436849094383
Mexico,0,1,0.0
Mexico,0,0,0.0
Mexico,0,0,0.0
Mexico,0,0,10.264929832327093
Mexico,0,1,0.0
Mexico,0,1,0.0
Mexico,0,1,0.0
Mexico,0,0,0.0
Mexico,0,0,0.0
Mexico,0,1,0.0
Mexico,0,0,0.0
Mexico,0,0,0.0
Mexico,0,0,0.0
Mexico,0,0,0.0
Mexico,0,0,0.0
Mexico,0,0,0.0
Mexico,0,1,0.0
Mexico,0,1,0.0
Mexico,0,0,0.0
Mexico,0,0,0.0
Mexico,0,0,0.0
Mexico,0,0,0.0
Mexico,0,1,0.0
Mexico,0,1,0.0
Mexico,0,0,0.0
Mexico,0,0,0.0
Mexico,0,0,0.0
Mexico,0,1,0.0
Mexico,0,0,0.0
Mexico,0,1,0.0
Mexico,0,0,0.0
Mexico,0,0,0.0
Mexico,0,1,0.0
Mexico,0,0,0.0
Mexico,0,1,0.0
Mexico,0,0,0.0
Mexico,0,1,0.0
Mexico,0,1,0.0
Mexico,0,0,0.0
Mexico,0,0,0.0
Mexico,0,0,0.0
Mexico,0,1,0.0
Mexico,0,0,0.0
Mexico,0,1,0.0
Mexico,0,1,0.0
Mexico,0,0,0.0
Mexico,0,0,0.0
Mexico,0,1,0.0
Mexico,0,1,102.64929832327093
Mexico,0,1,0.0
Mexico,0,0,0.0
Mexico,0,1,0.0
Mexico,0,1,0.0
Mexico,0,1,0.0
Mexico,0,0,0.0
Mexico,0,0,0.0
Mexico,0,1,0.0
Mexico,0,1,-123.17915798792511
Mexico,0,0,0.0
Mexico,0,0,0.0
Mexico,0,0,0.0
Mexico,0,0,0.0
Mexico,0,1,0.0
Mexico,0,0,410.5971932930837
Mexico,0,0,-51.32464916163546
Mexico,0,1,0.0
Mexico,0,1,0.0
Mexico,0,1,0.0
Mexico,0,1,0.0
Mexico,0,0,0.0
Mexico,0,1,0.0
Mexico,0,0,0.0
Mexico,0,0,0.0
Mexico,0,0,0.0
Mexico,0,1,10.264929832327093
Mexico,0,0,0.0
Mexico,0,1,0.0
Mexico,0,1,0.0
Mexico,0,0,0.0
Mexico,0,1,0.0
Mexico,0,1,0.0
Mexico,0,1,0.0
Mexico,0,1,0.0
Mexico,0,1,0.0
Mexico,0,0,0.0
Mexico,0,0,0.0
Mexico,0,0,102.64929832327093
Mexico,0,0,0.0
Mexico,0,1,0.0
Mexico,0,1,0.0
Mexico,0,1,-1488.4148256874284
Mexico,0,1,0.0
Mexico,0,1,0.0
Mexico,0,1,133.4440878202522
Mexico,0,0,0.0
Mexico,0,1,0.0
Mexico,0,1,0.0
Mexico,0,0,0.0
Mexico,0,1,0.0
Mexico,0,1,0.0
Mexico,0,0,0.0
Mexico,0,0,0.0
Mexico,0,0,0.0
Mexico,0,1,0.0
Mexico,0,1,0.0
Mexico,0,1,0.0
Mexico,0,0,0.0
Mexico,0,1,-10.264929832327093
Mexico,0,1,0.0
Mexico,0,1,0.0
Mexico,0,1,0.0
Mexico,0,1,410.5971932930837
Mexico,0,0,0.0
Mexico,0,1,133.4440878202522
Mexico,0,0,20.529859664654186
Mexico,0,1,11.086124218913259
Mexico,0,0,0.0
Mexico,0,1,0.0
Mexico,0,1,4.105971932930837
Mexico,0,1,71.85450882628965
Mexico,0,1,0.0
Mexico,0,0,0.0
Mexico,0,1,0.0
Mexico,0,0,0.0
Mexico,0,1,-71.85450882628965
Mexico,0,0,0.0
Mexico,0,1,0.0
Mexico,0,1,0.0
Mexico,0,0,0.0
Mexico,0,0,0.0
Mexico,0,0,0.0
Mexico,0,1,0.0
Mexico,0,0,0.0
Mexico,0,0,0.0
Mexico,0,0,0.0
Mexico,0,1,0.0
Mexico,0,1,20.529859664654186
Mexico,0,1,0.0
Mexico,0,0,102.64929832327093
Mexico,0,0,0.0
Mexico,0,1,0.0
Mexico,0,0,0.0
Mexico,0,0,0.0
Mexico,0,0,0.0
Mexico,0,0,41.05971932930837
Mexico,0,1,30.794789496981277
Mexico,0,1,0.0
Mexico,0,1,205.29859664654185
Mexico,0,0,0.0
Mexico,0,0,0.0
Mexico,0,1,0.0
Mexico,0,0,0.0
Mexico,0,1,-82.11943865861674
Mexico,0,0,0.0
Mexico,0,1,112.91422815559801
Mexico,0,1,0.0
Mexico,0,1,0.0
Mexico,0,0,0.0
Mexico,0,0,0.0
Mexico,0,0,0.0
Mexico,0,0,0.0
Mexico,0,1,0.0
Mexico,0,0,0.0
Mexico,0,0,0.0
Mexico,0,0,0.0
Mexico,0,0,61.589578993962554
Mexico,0,0,30.794789496981277
Mexico,0,1,0.0
Mexico,0,1,0.0
Mexico,0,1,0.0
Mexico,0,0,0.0
Mexico,0,0,0.0
Mexico,0,0,0.0
Mexico,0,1,0.0
Mexico,0,1,0.0
Mexico,0,1,0.0
Mexico,0,1,0.0
Mexico,0,1,0.0
Mexico,0,1,0.0
Mexico,0,1,25.66232458081773
Mexico,0,1,0.0
Mexico,0,0,0.0
Mexico,0,1,0.0
Mexico,0,0,0.0
Mexico,0,1,56.457114077799005
Mexico,0,0,102.64929832327093
Mexico,0,0,-9.238436849094382
Mexico,0,0,0.0
Mexico,0,1,0.0
Mexico,0,0,0.0
Mexico,0,0,0.0
Mexico,0,1,0.0
Mexico,0,1,0.0
Mexico,0,0,0.0
Mexico,0,1,0.0
Mexico,0,1,0.0
Mexico,0,1,0.0
Mexico,0,1,0.0
Mexico,0,1,0.0
Mexico,0,1,0.0
Mexico,0,1,0.0
Mexico,0,1,0.0
Mexico,0,0,0.0
Mexico,0,0,0.0
Mexico,0,1,0.0
Mexico,0,1,-56.457114077799005
Mexico,0,0,0.0
Mexico,0,1,0.0
Mexico,0,0,0.0
Mexico,0,0,0.0
Mexico,0,1,0.0
Mexico,0,1,0.0
Mexico,0,0,0.0
Mexico,0,0,0.0
Mexico,0,0,0.0
Mexico,0,1,0.0
Mexico,0,0,0.0
Mexico,0,0,0.0
Mexico,0,1,0.0
Mexico,0,1,0.0
Mexico,0,1,205.29859664654185
Mexico,0,0,0.0
Mexico,0,1,0.0
Mexico,0,1,0.0
Mexico,0,0,0.0
Mexico,0,1,0.0
Mexico,0,1,0.0
Mexico,0,0,0.0
Mexico,0,0,0.0
Mexico,0,1,0.0
Mexico,0,1,0.0
Mexico,0,1,0.0
Mexico,0,0,0.0
Mexico,0,0,0.0
Mexico,0,1,0.0
Mexico,0,1,0.0
Mexico,0,0,0.0
Mexico,0,0,0.0
Mexico,0,0,0.0
Mexico,0,1,0.0
Mexico,0,0,0.0
Mexico,0,0,0.0
Mexico,0,1,0.0
Mexico,0,1,93.41086147417654
Mexico,0,0,0.0
Mexico,0,0,0.0
Mexico,0,1,0.0
Mexico,0,0,0.0
Mexico,0,1,0.0
Mexico,0,1,0.0
Mexico,0,1,0.0
Mexico,0,1,0.0
Mexico,0,1,0.0
Mexico,0,1,0.0
Mexico,0,1,20.529859664654186
Mexico,0,1,30.794789496981277
Mexico,0,1,0.0
Mexico,0,0,0.0
Mexico,0,0,-123.17915798792511
Mexico,0,1,0.0
Mexico,0,0,0.0
Mexico,0,1,143.7090176525793
Mexico,0,1,71.85450882628965
Mexico,0,0,82.11943865861674
Mexico,0,0,0.0
Mexico,0,0,0.0
Mexico,0,0,0.0
Mexico,0,1,0.0
Mexico,0,0,112.91422815559801
Mexico,0,0,-38.493486871226594
Mexico,0,1,0.0
Mexico,0,1,0.0
Mexico,0,0,0.0
Mexico,0,0,0.0
Mexico,0,1,0.0
Mexico,0,0,0.0
Mexico,0,0,30.794789496981277
Mexico,0,1,0.0
Mexico,0,1,0.0
Mexico,0,0,0.0
Mexico,0,1,0.0
Mexico,0,0,0.0
Mexico,0,1,0.0
Mexico,0,0,0.0
Mexico,0,0,0.0
Mexico,0,0,0.0
Mexico,0,0,41.05971932930837
Mexico,0,0,0.0
Mexico,0,1,0.0
Mexico,0,0,0.0
Mexico,0,1,0.0
Mexico,0,1,0.0
Mexico,0,0,0.0
Mexico,0,1,32.847775463446695
Mexico,0,1,0.0
Mexico,0,0,0.0
Mexico,0,1,0.0
Mexico,0,0,0.0
Mexico,0,0,0.0
Mexico,0,0,0.0
Mexico,0,0,0.0
Mexico,0,0,0.0
Mexico,0,1,0.0
Mexico,0,1,-5.645711407779901
Mexico,0,1,0.0
Mexico,0,1,-41.05971932930837
Mexico,0,0,0.0
Mexico,0,1,0.0
Mexico,0,0,0.0
Mexico,0,0,0.0
Mexico,0,0,0.0
Mexico,0,1,0.0
Mexico,0,1,61.589578993962554
Mexico,0,0,0.0
Mexico,0,0,0.0
Mexico,0,1,0.0
Mexico,0,0,112.91422815559801
Mexico,0,1,0.0
Mexico,0,0,0.0
Mexico,0,0,0.0
Mexico,0,1,30.794789496981277
Mexico,0,1,0.0
Mexico,0,0,0.0
Mexico,0,0,0.0
Mexico,0,1,0.0
Mexico,0,1,0.0
Mexico,0,1,0.0
Mexico,0,1,0.0
Mexico,0,0,0.0
Mexico,0,0,0.0
Mexico,0,1,153.97394748490638
Mexico,0,1,0.0
Mexico,0,0,225.82845631119602
Mexico,0,0,0.0
Mexico,0,1,0.0
Mexico,0,1,9.85433263903401
Mexico,0,0,15.397394748490639
Mexico,0,1,0.0
Mexico,0,0,0.0
Mexico,0,1,0.0
Mexico,0,1,0.0
Mexico,0,1,0.0
Mexico,0,1,0.0
Mexico,0,1,0.0
Mexico,0,1,0.0
Mexico,0,1,0.0
Mexico,0,1,0.0
Mexico,0,1,0.0
Mexico,0,1,0.0
Mexico,0,0,0.0
Mexico,0,0,0.0
Mexico,0,1,0.0
Mexico,0,0,0.0
Mexico,0,0,0.0
Mexico,0,1,0.0
Mexico,0,0,0.0
Mexico,0,0,0.0
Mexico,0,1,17.450380714956058
Mexico,0,1,0.0
Mexico,0,1,0.0
Mexico,0,1,0.0
Mexico,0,0,0.0
Mexico,0,1,0.0
Mexico,0,0,0.0
Mexico,0,1,0.0
Mexico,0,0,0.0
Mexico,0,0,0.0
Mexico,0,0,23.19874142105923
Mexico,0,0,0.0
Mexico,0,0,0.0
Mexico,0,1,252.51727387524647
Mexico,0,1,0.0
Mexico,0,1,0.0
Mexico,0,0,0.0
Mexico,0,0,0.0
Mexico,0,0,0.0
Mexico,0,0,0.0
Mexico,0,0,0.0
Mexico,0,1,0.0
Mexico,0,0,0.0
Mexico,0,0,0.0
Mexico,0,0,0.0
Mexico,0,0,0.0
Mexico,0,1,41.05971932930837
Mexico,0,1,0.0
Mexico,0,1,0.0
Mexico,0,1,205.29859664654185
Mexico,0,1,0.0
Mexico,0,1,0.0
Mexico,0,1,0.0
Mexico,0,0,0.0
Mexico,0,1,0.0
Mexico,0,1,0.0
Mexico,0,0,0.0
Mexico,0,1,0.0
Mexico,0,1,0.0
Mexico,0,0,0.0
Mexico,0,1,61.589578993962554
Mexico,0,0,0.0
Mexico,0,0,18.476873698188765
Mexico,0,1,0.0
Mexico,0,1,0.0
Mexico,0,0,82.11943865861674
Mexico,0,1,0.0
Mexico,0,0,0.0
Mexico,0,1,0.0
Mexico,0,0,0.0
Mexico,0,1,184.76873698188766
Mexico,0,0,46.192184245471914
Mexico,0,0,0.0
Mexico,0,0,0.0
Mexico,0,0,0.0
Mexico,0,1,0.0
Mexico,0,0,0.0
Mexico,0,1,0.0
Mexico,0,1,0.0
Mexico,0,1,0.0
Mexico,0,1,0.0
Mexico,0,0,0.0
Mexico,0,1,307.94789496981275
Mexico,0,0,0.0
Mexico,0,0,0.0
Mexico,0,1,0.0
Mexico,0,0,0.0
Mexico,0,1,-1157.884085086496
Mexico,0,1,0.0
Mexico,0,0,0.0
Mexico,0,0,0.0
Mexico,0,1,0.0
Mexico,0,1,0.0
Mexico,0,0,0.0
Mexico,0,0,0.0
Mexico,0,0,0.0
Mexico,0,1,359.2725441314482
Mexico,0,0,0.0
Mexico,0,1,205.29859664654185
Mexico,0,0,102.64929832327093
Mexico,0,1,0.0
Mexico,0,0,0.0
Mexico,0,1,0.0
Mexico,0,1,0.0
Mexico,0,0,0.0
Mexico,0,0,102.64929832327093
Mexico,0,0,0.0
Mexico,0,0,0.0
Mexico,0,1,0.0
Mexico,0,0,0.0
Mexico,0,0,0.0
Mexico,0,1,0.0
Mexico,0,0,41.05971932930837
Mexico,0,1,0.0
Mexico,0,1,0.0
Mexico,0,0,0.0
Mexico,0,1,0.0
Mexico,0,1,0.0
Mexico,0,0,20.529859664654186
Mexico,0,0,0.0
Mexico,0,1,0.0
Mexico,0,1,0.0
Mexico,0,1,0.0
Mexico,0,1,0.0
Mexico,0,0,0.0
Mexico,0,1,0.0
Mexico,0,1,0.0
Mexico,0,0,0.0
Mexico,0,0,0.0
Mexico,0,0,0.0
Mexico,0,0,0.0
Mexico,0,0,0.0
Mexico,0,0,0.0
Mexico,0,0,0.0
Mexico,0,0,0.0
Mexico,0,1,0.0
Mexico,0,0,0.0
Mexico,0,0,0.0
Mexico,0,0,0.0
Mexico,0,0,0.0
Mexico,0,1,0.0
Mexico,0,1,0.0
Mexico,0,1,0.0
Mexico,0,1,0.0
Mexico,0,0,0.0
Mexico,0,0,0.0
Mexico,0,0,0.0
Mexico,0,1,0.0
Mexico,0,1,0.0
Mexico,0,1,0.0
Mexico,0,0,0.0
Mexico,0,1,0.0
Mexico,0,1,0.0
Mexico,0,0,0.0
Mexico,0,0,0.0
Mexico,0,1,0.0
Mexico,0,1,205.29859664654185
Mexico,0,1,-102.64929832327093
Mexico,0,1,0.0
Mexico,0,0,0.0
Mexico,0,0,-256.62324580817733
Mexico,0,0,0.0
Mexico,0,1,0.0
Mexico,0,0,0.0
Mexico,0,0,0.0
Mexico,0,1,0.0
Mexico,0,1,0.0
Mexico,0,1,0.0
Mexico,0,0,0.0
Mexico,0,1,0.0
Mexico,0,0,0.0
Mexico,0,0,0.0
Mexico,0,0,0.0
Mexico,0,1,61.589578993962554
Mexico,0,0,205.29859664654185
Mexico,0,0,0.0
Mexico,0,0,0.0
Mexico,0,0,0.0
Mexico,0,0,0.0
Mexico,0,1,0.0
Mexico,0,0,307.94789496981275
Mexico,0,0,0.0
Mexico,0,1,133.4440878202522
Mexico,0,0,30.794789496981277
Mexico,0,0,0.0
Mexico,0,0,0.0
Mexico,0,0,0.0
Mexico,0,0,205.29859664654185
Mexico,0,1,153.97394748490638
Mexico,0,0,0.0
Mexico,0,0,0.0
Mexico,0,1,0.0
Mexico,0,0,0.0
Mexico,0,1,0.0
Mexico,0,0,0.0
Mexico,0,1,0.0
Mexico,0,0,0.0
Mexico,0,1,-20.529859664654186
Mexico,0,0,0.0
Mexico,0,0,41.05971932930837
Mexico,0,1,0.0
Mexico,0,1,205.29859664654185
Mexico,0,0,0.0
Mexico,0,1,0.0
Mexico,0,1,0.0
Mexico,0,1,0.0
Mexico,0,0,0.0
Mexico,0,0,0.0
Mexico,0,0,0.0
Mexico,0,0,0.0
Mexico,0,0,0.0
Mexico,0,0,0.0
Mexico,0,1,0.0
Mexico,0,0,0.0
Mexico,0,0,0.0
Mexico,0,0,0.0
Mexico,0,0,0.0
Mexico,0,1,0.0
Mexico,0,1,0.0
Mexico,0,1,0.0
Mexico,0,1,0.0
Mexico,0,1,0.0
Mexico,0,0,0.0
Mexico,0,1,0.0
Mexico,0,0,-20.529859664654186
Mexico,0,1,0.0
Mexico,0,0,0.0
Mexico,0,1,61.589578993962554
Mexico,0,1,0.0
Mexico,0,0,0.0
Mexico,0,0,0.0
Mexico,0,0,0.0
Mexico,0,0,0.0
Mexico,0,1,0.0
Mexico,0,1,153.97394748490638
Mexico,0,0,0.0
Mexico,0,1,0.0
Mexico,0,0,0.0
Mexico,0,0,0.0
Mexico,0,0,0.0
Mexico,0,0,0.0
Mexico,0,1,0.0
Mexico,0,1,0.0
Mexico,0,1,61.589578993962554
Mexico,0,0,0.0
Mexico,0,0,0.0
Mexico,0,1,0.0
Mexico,0,1,0.0
Mexico,0,0,0.0
Mexico,0,1,0.0
Mexico,0,1,0.0
Mexico,0,1,0.0
Mexico,0,0,0.0
Mexico,0,1,82.11943865861674
Mexico,0,0,0.0
Mexico,0,0,0.0
Mexico,0,0,0.0
Mexico,0,0,0.0
Mexico,0,0,0.0
Mexico,0,0,0.0
Mexico,0,0,307.94789496981275
Mexico,0,1,0.0
Mexico,0,1,-307.94789496981275
Mexico,0,1,0.0
Mexico,0,1,0.0
Mexico,0,0,0.0
Mexico,0,0,0.0
Mexico,0,0,0.0
Mexico,0,1,20.529859664654186
Mexico,0,1,0.0
Mexico,0,0,0.0
Mexico,0,0,0.0
Mexico,0,0,0.0
Mexico,0,1,0.0
Mexico,0,0,0.0
Mexico,0,1,0.0
Mexico,0,1,-61.589578993962554
Mexico,0,0,0.0
Mexico,0,1,0.0
Mexico,0,0,0.0
Mexico,0,1,153.97394748490638
Mexico,0,1,0.0
Mexico,0,0,0.0
Mexico,0,0,0.0
Mexico,0,1,0.0
Mexico,0,1,0.0
Mexico,0,0,0.0
Mexico,0,1,0.0
Mexico,0,0,0.0
Mexico,0,0,0.0
Mexico,0,0,0.0
Mexico,0,1,0.0
Mexico,0,0,0.0
Mexico,0,0,0.0
Mexico,0,1,61.589578993962554
Mexico,0,1,0.0
Mexico,0,0,0.0
Mexico,0,1,0.0
Mexico,0,0,0.0
Mexico,0,1,0.0
Mexico,0,1,0.0
Mexico,0,1,0.0
Mexico,0,0,0.0
Mexico,0,1,0.0
Mexico,0,1,0.0
Mexico,0,0,0.0
Mexico,0,0,0.0
Mexico,0,0,0.0
Mexico,0,1,0.0
Mexico,0,1,277.1531054728315
Mexico,0,1,0.0
Mexico,0,1,0.0
Mexico,0,0,0.0
Mexico,0,0,0.0
Mexico,0,0,0.0
Mexico,0,1,0.0
Mexico,0,0,0.0
Mexico,0,0,0.0
Mexico,0,0,0.0
Mexico,0,1,0.0
Mexico,0,0,10.264929832327093
Mexico,0,0,153.97394748490638
Mexico,0,1,0.0
Mexico,0,0,0.0
Mexico,0,1,0.0
Mexico,0,0,-410.5971932930837
Mexico,0,0,-153.97394748490638
Mexico,0,1,51.32464916163546
Mexico,0,1,0.0
Mexico,0,1,0.0
Mexico,0,1,0.0
Mexico,0,1,0.0
Mexico,0,0,-143.7090176525793
Mexico,0,0,-20.529859664654186
Mexico,0,0,0.0
Mexico,0,1,82.11943865861674
Mexico,0,1,0.0
Mexico,0,0,0.0
Mexico,0,0,0.0
Mexico,0,1,0.0
Mexico,0,0,41.05971932930837
Mexico,0,1,0.0
Mexico,0,1,-41.05971932930837
Mexico,0,0,0.0
Mexico,0,1,0.0
Mexico,0,0,0.0
Mexico,0,0,0.0
Mexico,0,0,0.0
Mexico,0,1,0.0
Mexico,0,1,20.529859664654186
Mexico,0,1,0.0
Mexico,0,0,0.0
Mexico,0,0,0.0
Mexico,0,0,0.0
Mexico,0,0,0.0
Mexico,0,0,0.0
Mexico,0,0,0.0
Mexico,0,0,0.0
Mexico,0,0,102.64929832327093
Mexico,0,0,3592.7254413144824
Mexico,0,1,0.0
Mexico,0,0,0.0
Mexico,0,0,0.0
Mexico,0,1,0.0
Mexico,0,0,0.0
Mexico,0,0,0.0
Mexico,0,1,0.0
Mexico,0,1,0.0
Mexico,0,1,0.0
Mexico,0,1,0.0
Mexico,0,0,0.0
Mexico,0,0,82.11943865861674
Mexico,0,0,0.0
Mexico,0,1,0.0
Mexico,0,1,71.85450882628965
Mexico,0,1,0.0
Mexico,0,1,112.91422815559801
Mexico,0,0,0.0
Mexico,0,0,0.0
Mexico,0,0,205.29859664654185
Mexico,0,0,-49.27166319517004
Mexico,0,0,0.0
Mexico,0,0,0.0
Mexico,0,0,0.0
Mexico,0,1,0.0
Mexico,0,0,0.0
Mexico,0,0,0.0
Mexico,0,0,0.0
Mexico,0,0,-102.64929832327093
Mexico,0,1,0.0
Mexico,0,0,0.0
Mexico,0,0,0.0
Mexico,0,0,0.0
Mexico,0,1,-51.32464916163546
Mexico,0,0,0.0
Mexico,0,1,0.0
Mexico,0,1,0.0
Mexico,0,1,0.0
Mexico,0,1,0.0
Mexico,0,1,0.0
Mexico,0,0,0.0
Mexico,0,0,0.0
Mexico,0,1,0.0
Mexico,0,0,0.0
Mexico,0,0,80.06645269215132
Mexico,0,1,0.0
Mexico,0,1,0.0
Mexico,0,1,0.0
Mexico,0,0,0.0
Mexico,0,0,61.589578993962554
Mexico,0,0,0.0
Mexico,0,1,0.0
Mexico,0,0,0.0
Mexico,0,1,0.0
Mexico,0,1,20.529859664654186
Mexico,0,1,0.0
Mexico,0,1,0.0
Mexico,0,0,-143.7090176525793
Mexico,0,1,0.0
Mexico,0,1,20.529859664654186
Mexico,0,1,0.0
Mexico,0,0,0.0
Mexico,0,0,0.0
Mexico,0,1,153.97394748490638
Mexico,0,0,0.0
Mexico,0,0,0.0
Mexico,0,1,0.0
Mexico,0,0,0.0
Mexico,0,1,-51.32464916163546
Mexico,0,1,0.0
Mexico,0,1,0.0
Mexico,0,0,0.0
Mexico,0,1,2.0529859664654184
Mexico,0,1,0.0
Mexico,0,1,0.0
Mexico,0,0,0.0
Mexico,0,1,0.0
Mexico,0,1,0.0
Mexico,0,0,61.589578993962554
Mexico,0,1,0.0
Mexico,0,1,0.0
Mexico,0,0,0.0
Mexico,0,0,-51.32464916163546
Mexico,0,0,0.0
Mexico,0,0,0.0
Mexico,0,1,0.0
Mexico,0,0,0.0
Mexico,0,1,0.0
Mexico,0,0,41.05971932930837
Mexico,0,0,0.0
Mexico,0,1,0.0
Mexico,0,0,0.0
Mexico,0,1,0.0
Mexico,0,1,0.0
Mexico,0,1,0.0
Mexico,0,1,0.0
Mexico,0,1,0.0
Mexico,0,0,82.11943865861674
Mexico,0,1,0.0
Mexico,0,1,0.0
Mexico,0,0,0.0
Mexico,0,1,0.0
Mexico,0,0,0.0
Mexico,0,1,0.0
Mexico,0,1,0.0
Mexico,0,1,35.92725441314482
Mexico,0,1,0.0
Mexico,0,1,0.0
Mexico,0,1,-102.64929832327093
Mexico,0,1,41.05971932930837
Mexico,0,1,0.0
Mexico,0,0,0.0
Mexico,0,0,47.32132652702789
Mexico,0,0,205.29859664654185
Mexico,0,0,0.0
Mexico,0,0,0.0
Mexico,0,1,51.32464916163546
Mexico,0,1,30.794789496981277
Mexico,0,1,0.0
Mexico,0,1,-205.29859664654185
Mexico,0,1,0.0
Mexico,0,1,51.32464916163546
Mexico,0,0,0.0
Mexico,0,1,0.0
Mexico,0,1,0.0
Mexico,0,1,0.0
Mexico,0,0,0.0
Mexico,0,0,0.0
Mexico,0,1,0.0
Mexico,0,1,0.0
Mexico,0,0,0.0
Mexico,0,1,102.64929832327093
Mexico,0,0,0.0
Mexico,0,1,0.0
Mexico,0,1,0.0
Mexico,0,0,61.589578993962554
Mexico,0,1,0.0
Mexico,0,1,0.0
Mexico,0,0,0.0
Mexico,0,1,0.0
Mexico,0,1,205.29859664654185
Mexico,0,0,-20.529859664654186
Mexico,0,0,0.0
Mexico,0,1,0.0
Mexico,0,0,143.7090176525793
Mexico,0,0,0.0
Mexico,0,1,4824.517021193734
Mexico,0,0,0.0
Mexico,0,0,0.0
Mexico,0,1,0.0
Mexico,0,1,0.0
Mexico,0,1,0.0
Mexico,0,1,0.0
Mexico,0,1,0.0
Mexico,0,1,10.264929832327093
Mexico,0,0,0.0
Mexico,0,0,0.0
Mexico,0,0,0.0
Mexico,0,1,-61.589578993962554
Mexico,0,0,0.0
Mexico,0,0,0.0
Mexico,0,1,0.0
Mexico,0,0,0.0
Mexico,0,0,0.0
Mexico,0,1,0.0
Mexico,0,0,0.0
Mexico,0,1,0.0
Mexico,0,1,10.264929832327093
Mexico,0,1,71.85450882628965
Mexico,0,0,71.85450882628965
Mexico,0,0,0.0
Mexico,0,1,0.0
Mexico,0,1,0.0
Mexico,0,1,0.0
Mexico,0,0,0.0
Mexico,0,1,0.0
Mexico,0,1,-71.85450882628965
Mexico,0,1,0.0
Mexico,0,1,0.0
Mexico,0,0,0.0
Mexico,0,0,0.0
Mexico,0,1,164.2388773172335
Mexico,0,1,61.589578993962554
Mexico,0,1,0.0
Mexico,0,0,0.0
Mexico,0,1,18.476873698188765
Mexico,0,1,0.0
Mexico,0,0,0.0
Mexico,0,0,0.0
Mexico,0,1,-307.94789496981275
Mexico,0,1,0.0
Mexico,0,0,-410.5971932930837
Mexico,0,1,0.0
Mexico,0,1,0.0
Mexico,0,0,0.0
Mexico,0,1,51.32464916163546
Mexico,0,1,0.0
Mexico,0,1,0.0
Mexico,0,1,0.0
Mexico,0,0,-102.64929832327093
Mexico,0,0,0.0
Mexico,0,0,0.0
Mexico,0,0,0.0
Mexico,0,0,0.0
Mexico,0,1,0.0
Mexico,0,1,0.0
Mexico,0,0,0.0
Mexico,0,1,0.0
Mexico,0,1,0.0
Mexico,0,1,821.1943865861674
Mexico,0,1,0.0
Mexico,0,0,20.529859664654186
Mexico,0,0,0.0
Mexico,0,1,56.457114077799005
Mexico,0,0,118.04669307176157
Mexico,0,1,0.0
Mexico,0,1,0.0
Mexico,0,0,0.0
Mexico,0,1,-20.529859664654186
Mexico,0,1,0.0
Mexico,0,0,3.0794789496981276
Mexico,0,1,0.0
Mexico,0,1,153.97394748490638
Mexico,0,1,0.0
Mexico,0,1,0.0
Mexico,0,1,-1134.2747464721438
Mexico,0,0,0.0
Mexico,0,0,0.0
Mexico,0,1,0.0
Mexico,0,1,0.0
Mexico,0,1,0.0
Mexico,0,0,0.0
Mexico,0,1,0.0
Mexico,0,0,0.0
Mexico,0,0,-410.5971932930837
Mexico,0,1,0.0
Mexico,0,0,66.7220439101261
Mexico,0,0,0.0
Mexico,0,1,0.0
Mexico,0,0,0.0
Mexico,0,1,0.0
Mexico,0,0,0.0
Mexico,0,0,0.0
Mexico,0,0,0.0
Mexico,0,0,35.92725441314482
Mexico,0,1,0.0
Mexico,0,0,0.0
Mexico,0,0,0.0
Mexico,0,1,0.0
Mexico,0,0,0.0
Mexico,0,1,0.0
Mexico,0,1,0.0
Mexico,0,1,0.0
Mexico,0,1,0.0
Mexico,0,1,0.0
Mexico,0,0,0.0
Mexico,0,0,0.0
Mexico,0,1,0.0
Mexico,0,1,0.0
Mexico,0,0,0.0
Mexico,0,0,51.32464916163546
Mexico,0,0,0.0
Mexico,0,1,0.0
Mexico,0,0,0.0
Mexico,0,0,0.0
Mexico,0,0,0.0
Mexico,0,1,0.0
Mexico,0,1,0.0
Mexico,0,1,0.0
Mexico,0,1,102.64929832327093
Mexico,0,0,0.0
Mexico,0,0,0.0
Mexico,0,1,0.0
Mexico,0,1,0.0
Mexico,0,1,0.0
Mexico,0,1,-102.64929832327093
Mexico,0,1,0.0
Mexico,0,1,0.0
Mexico,0,0,0.0
Mexico,0,1,0.0
Mexico,0,0,0.0
Mexico,0,0,0.0
Mexico,0,1,0.0
Mexico,0,1,0.0
Mexico,0,0,0.0
Mexico,0,1,0.0
Mexico,0,1,-10.264929832327093
Mexico,0,0,0.0
Mexico,0,0,0.0
Mexico,0,0,0.0
Mexico,0,1,0.0
Mexico,0,0,0.0
Mexico,0,0,0.0
Mexico,0,1,0.0
Mexico,0,1,0.0
Mexico,0,1,0.0
Mexico,0,0,0.0
Mexico,0,1,0.0
Mexico,0,1,0.0
Mexico,0,1,0.0
Mexico,0,1,0.0
Mexico,0,1,0.0
Mexico,0,0,0.0
Mexico,0,1,0.0
Mexico,0,0,0.0
Mexico,0,1,0.0
Mexico,0,0,0.0
Mexico,0,1,205.29859664654185
Mexico,0,1,0.0
Mexico,0,1,0.0
Mexico,0,0,0.0
Mexico,0,0,0.0
Mexico,0,0,0.0
Mexico,0,1,0.0
Mexico,0,1,20.529859664654186
Mexico,0,0,0.0
Mexico,0,1,0.0
Mexico,0,0,0.0
Mexico,0,0,0.0
Mexico,0,0,0.0
Mexico,0,0,0.0
Mexico,0,0,0.0
Mexico,0,0,0.0
Mexico,0,1,0.0
Mexico,0,1,0.0
Mexico,0,1,102.64929832327093
Mexico,0,0,0.0
Mexico,0,0,0.0
Mexico,0,0,0.0
Mexico,0,1,0.0
Mexico,0,1,0.0
Mexico,0,0,0.0
Mexico,0,0,0.0
Mexico,0,1,205.29859664654185
Mexico,0,1,0.0
Mexico,0,1,0.0
Mexico,0,0,0.0
Mexico,0,0,0.0
Mexico,0,1,0.0
Mexico,0,0,0.0
Mexico,0,1,0.0
Mexico,0,1,0.0
Mexico,0,1,0.0
Mexico,0,1,0.0
Mexico,0,1,20.529859664654186
Mexico,0,0,0.0
Mexico,0,0,0.0
Mexico,0,1,0.0
Mexico,0,1,0.0
Mexico,0,0,0.0
Mexico,0,0,0.0
Mexico,0,1,0.0
Mexico,0,1,0.0
Mexico,0,0,0.0
Mexico,0,1,0.0
Mexico,0,0,0.0
Mexico,0,0,0.0
Mexico,0,1,0.0
Mexico,0,1,0.0
Mexico,0,0,205.29859664654185
Mexico,0,0,61.589578993962554
Mexico,0,1,0.0
Mexico,0,0,0.0
Mexico,0,1,0.0
Mexico,0,0,0.0
Mexico,0,0,0.0
Mexico,0,1,0.0
Mexico,0,1,0.0
Mexico,0,0,0.0
Mexico,0,0,0.0
Mexico,0,1,0.0
Mexico,0,0,4.619218424547191
Mexico,0,0,0.0
Mexico,0,1,0.0
Mexico,0,1,0.0
Mexico,0,1,0.0
Mexico,0,0,0.0
Mexico,0,0,0.0
Mexico,0,0,0.0
Mexico,0,0,0.0
Mexico,0,0,0.0
Mexico,0,1,0.0
Mexico,0,1,0.0
Mexico,0,1,0.0
Mexico,0,1,0.0
Mexico,0,1,0.0
Mexico,0,1,0.0
Mexico,0,0,0.0
Mexico,0,1,0.0
Mexico,0,0,0.0
Mexico,0,1,0.0
Mexico,0,1,0.0
Mexico,0,1,0.0
Mexico,0,1,0.0
Mexico,0,1,0.0
Mexico,0,1,0.0
Mexico,0,1,0.0
Mexico,0,0,123.17915798792511
Mexico,0,1,0.0
Mexico,0,0,0.0
Mexico,0,0,0.0
Mexico,0,1,0.0
Mexico,0,1,0.0
Mexico,0,0,0.0
Mexico,0,0,307.94789496981275
Mexico,0,1,0.0
Mexico,0,1,0.0
Mexico,0,1,0.0
Mexico,0,1,205.29859664654185
Mexico,0,0,0.0
Mexico,0,1,0.0
Mexico,0,1,0.0
Mexico,0,1,0.0
Mexico,0,1,0.0
Mexico,0,1,0.0
Mexico,0,0,0.0
Mexico,0,0,513.2464916163547
Mexico,0,1,0.0
Mexico,0,0,0.0
Mexico,0,1,0.0
Mexico,0,1,0.0
Mexico,0,0,0.0
Mexico,0,0,0.0
Mexico,0,1,0.0
Mexico,0,1,0.0
Mexico,0,0,0.0
Mexico,0,1,12.31791579879251
Mexico,0,0,0.0
Mexico,0,0,12.31791579879251
Mexico,0,1,0.0
Mexico,0,1,0.0
Mexico,0,0,0.0
Mexico,0,0,0.0
Mexico,0,1,0.0
Mexico,0,0,0.0
Mexico,0,1,71.85450882628965
Mexico,0,0,0.0
Mexico,0,0,0.0
Mexico,0,1,205.29859664654185
Mexico,0,1,0.0
Mexico,0,0,0.0
Mexico,0,1,0.0
Mexico,0,0,0.0
Mexico,0,1,82.11943865861674
Mexico,0,1,0.0
Mexico,0,1,0.0
Mexico,0,1,0.0
Mexico,0,0,0.0
Mexico,0,0,0.0
Mexico,0,1,0.0
Mexico,0,0,0.0
Mexico,0,1,0.0
Mexico,0,0,-41.05971932930837
Mexico,0,1,0.0
Mexico,0,0,0.0
Mexico,0,0,0.0
Mexico,0,0,0.0
Mexico,0,1,0.0
Mexico,0,0,-102.64929832327093
Mexico,0,0,0.0
Mexico,0,0,0.0
Mexico,0,1,0.0
Mexico,0,1,0.0
Mexico,0,1,0.0
Mexico,0,1,0.0
Mexico,0,0,0.0
Mexico,0,1,0.0
Mexico,0,0,0.0
Mexico,0,1,0.0
Mexico,0,1,0.0
Mexico,0,1,0.0
Mexico,0,0,0.0
Mexico,0,0,410.5971932930837
Mexico,0,0,35.92725441314482
Mexico,0,0,139.91099361461826
Mexico,0,1,0.0
Mexico,0,1,0.0
Mexico,0,1,0.0
Mexico,0,1,0.0
Mexico,0,0,0.0
Mexico,0,1,-30.794789496981277
Mexico,0,1,0.0
Mexico,0,1,0.0
Mexico,0,0,0.0
Mexico,0,1,0.0
Mexico,0,1,0.0
Mexico,0,1,0.0
Mexico,0,0,0.0
Mexico,0,1,0.0
Mexico,0,1,0.0
Mexico,0,1,0.0
Mexico,0,0,-282.28557038899504
Mexico,0,0,0.0
Mexico,0,0,0.0
Mexico,0,0,0.0
Mexico,0,1,0.0
Mexico,0,1,0.0
Mexico,0,1,0.0
Mexico,0,1,0.0
Mexico,0,1,0.0
Mexico,0,1,0.0
Mexico,0,0,0.0
Mexico,0,0,30.794789496981277
Mexico,0,0,0.0
Mexico,0,0,0.0
Mexico,0,0,0.0
Mexico,0,1,0.0
Mexico,0,1,0.0
Mexico,0,1,0.0
Mexico,0,0,71.85450882628965
Mexico,0,1,0.0
Mexico,0,1,0.0
Mexico,0,0,153.97394748490638
Mexico,0,0,0.0
Mexico,0,1,0.0
Mexico,0,0,0.0
Mexico,0,1,0.0
Mexico,0,0,0.0
Mexico,0,1,0.0
Mexico,0,1,0.0
Mexico,0,1,56.457114077799005
Mexico,0,0,-564.5711407779901
Mexico,0,1,0.0
Mexico,0,1,0.0
Mexico,0,0,0.0
Mexico,0,1,513.2464916163547
Mexico,0,1,0.0
Mexico,0,0,0.0
Mexico,0,1,0.0
Mexico,0,0,0.0
Mexico,0,1,153.97394748490638
Mexico,0,1,0.0
Mexico,0,1,0.0
Mexico,0,1,0.0
Mexico,0,1,0.0
Mexico,0,0,0.0
Mexico,0,0,0.0
Mexico,0,1,0.0
Mexico,0,0,0.0
Mexico,0,0,0.0
Mexico,0,1,0.0
Mexico,0,0,0.0
Mexico,0,1,0.0
Mexico,0,0,0.0
Mexico,0,0,82.11943865861674
Mexico,0,1,0.0
Mexico,0,0,0.0
Mexico,0,1,0.0
Mexico,0,1,20.529859664654186
Mexico,0,1,90.33138252447841
Mexico,0,1,0.0
Mexico,0,1,0.0
Mexico,0,1,25.66232458081773
Mexico,0,0,0.0
Mexico,0,0,25.66232458081773
Mexico,0,1,-92.38436849094383
Mexico,0,0,51.32464916163546
Mexico,0,0,0.0
Mexico,0,1,287.4180353051586
Mexico,0,1,0.0
Mexico,0,1,0.0
Mexico,0,0,0.0
Mexico,0,0,0.0
Mexico,0,1,20.529859664654186
Mexico,0,0,86.22541059154757
Mexico,0,0,0.0
Mexico,0,0,0.0
Mexico,0,1,0.0
Mexico,0,1,-205.29859664654185
Mexico,0,0,0.0
Mexico,0,0,46.192184245471914
Mexico,0,0,0.0
Mexico,0,1,0.0
Mexico,0,1,0.0
Mexico,0,1,0.0
Mexico,0,1,0.0
Mexico,0,1,513.2464916163547
Mexico,0,0,0.0
Mexico,0,0,0.0
Mexico,0,1,0.0
Mexico,0,1,0.0
Mexico,0,0,0.0
Mexico,0,1,0.0
Mexico,0,0,80.06645269215132
Mexico,0,0,0.0
Mexico,0,1,0.0
Mexico,0,1,0.0
Mexico,0,1,0.0
Mexico,0,1,0.0
Mexico,0,0,0.0
Mexico,0,0,0.0
Mexico,0,1,0.0
Mexico,0,1,0.0
Mexico,0,1,179.22567487243103
Mexico,0,0,0.0
Mexico,0,0,0.0
Mexico,0,1,10.264929832327093
Mexico,0,1,0.0
Mexico,0,1,0.0
Mexico,0,0,0.0
Mexico,0,1,0.0
Mexico,0,0,0.0
Mexico,0,0,0.0
Mexico,0,1,0.0
Mexico,0,1,0.0
Mexico,0,1,0.0
Mexico,0,1,0.0
Mexico,0,1,0.0
Mexico,0,1,431.1270529577379
Mexico,0,1,0.0
Mexico,0,0,0.0
Mexico,0,0,0.0
Mexico,0,1,0.0
Mexico,0,0,102.64929832327093
Mexico,0,0,0.0
Mexico,0,0,0.0
Mexico,0,0,51.32464916163546
Mexico,0,0,51.32464916163546
Mexico,0,1,0.0
Mexico,0,1,0.0
Mexico,0,1,0.0
Mexico,0,0,0.0
Mexico,0,1,0.0
Mexico,0,0,0.0
Mexico,0,0,0.0
Mexico,0,1,0.0
Mexico,0,0,-71.85450882628965
Mexico,0,1,102.64929832327093
Mexico,0,0,0.0
Mexico,0,0,0.0
Mexico,0,0,0.0
Mexico,0,0,0.0
Mexico,0,1,0.0
Mexico,0,1,0.0
Mexico,0,0,0.0
Mexico,0,0,0.0
Mexico,0,0,0.0
Mexico,0,1,0.0
Mexico,0,0,0.0
Mexico,0,0,0.0
Mexico,0,1,0.0
Mexico,0,0,0.0
Mexico,0,0,0.0
Mexico,0,0,0.0
Mexico,0,1,0.0
Mexico,0,1,0.0
Mexico,0,1,0.0
Mexico,0,0,0.0
Mexico,0,0,0.0
Mexico,0,0,0.0
Mexico,0,0,51.32464916163546
Mexico,0,0,0.0
Mexico,0,0,92.38436849094383
Mexico,0,0,0.0
Mexico,0,1,133.4440878202522
Mexico,0,0,0.0
Mexico,0,0,0.0
Mexico,0,1,0.0
Mexico,0,1,0.0
Mexico,0,0,-307.94789496981275
Mexico,0,0,0.0
Mexico,0,1,0.0
Mexico,0,1,0.0
Mexico,0,0,0.0
Mexico,0,0,0.0
Mexico,0,1,0.0
Mexico,0,0,0.0
Mexico,0,1,10.264929832327093
Mexico,0,1,0.0
Mexico,0,0,0.0
Mexico,0,0,0.0
Mexico,0,0,492.71663195170044
Mexico,0,1,0.0
Mexico,0,1,0.0
Mexico,0,1,-20.529859664654186
Mexico,0,1,0.0
Mexico,0,0,0.0
Mexico,0,1,0.0
Mexico,0,0,0.0
Mexico,0,1,0.0
Mexico,0,0,0.0
Mexico,0,1,0.0
Mexico,0,0,-41.05971932930837
Mexico,0,0,0.0
Mexico,0,1,0.0
Mexico,0,0,0.0
Mexico,0,1,0.0
Mexico,0,1,0.0
Mexico,0,0,0.0
Mexico,0,0,0.0
Mexico,0,0,0.0
Mexico,0,1,0.0
Mexico,0,1,0.0
Mexico,0,1,0.0
Mexico,0,0,-20.529859664654186
Mexico,0,0,0.0
Mexico,0,1,25.970272475787542
Mexico,0,0,0.0
Mexico,0,0,102.64929832327093
Mexico,0,0,0.0
Mexico,0,1,0.0
Mexico,0,1,102.64929832327093
Mexico,0,0,0.0
Mexico,0,0,143.7090176525793
Mexico,0,0,0.0
Mexico,0,0,0.0
Mexico,0,0,0.0
Mexico,0,1,0.0
Mexico,0,0,0.0
Mexico,0,1,0.0
Mexico,0,0,0.0
Mexico,0,1,0.0
Mexico,0,1,0.0
Mexico,0,1,0.0
Mexico,0,0,0.0
Mexico,0,0,51.32464916163546
Mexico,0,1,0.0
Mexico,0,0,0.0
Mexico,0,1,0.0
Mexico,0,1,0.0
Mexico,0,0,0.0
Mexico,0,0,0.0
Mexico,0,0,-20.529859664654186
Mexico,0,0,5.1324649161635465
Mexico,0,1,0.0
Mexico,0,0,0.0
Mexico,0,0,0.0
Mexico,0,0,10.264929832327093
Mexico,0,0,0.0
Mexico,0,0,0.0
Mexico,0,1,0.0
Mexico,0,0,0.0
Mexico,0,0,0.0
Mexico,0,0,0.0
Mexico,0,0,0.0
Mexico,0,1,0.0
Mexico,0,1,0.0
Mexico,0,0,56.457114077799005
Mexico,0,1,277.1531054728315
Mexico,0,1,0.0
Mexico,0,1,0.0
Mexico,0,0,0.0
Mexico,0,1,164.2388773172335
Mexico,0,1,0.0
Mexico,0,1,0.0
Mexico,0,1,0.0
Mexico,0,1,0.0
Mexico,0,1,-205.29859664654185
Mexico,0,1,0.0
Mexico,0,1,0.0
Mexico,0,0,0.0
Mexico,0,1,61.589578993962554
Mexico,0,0,0.0
Mexico,0,0,10.264929832327093
Mexico,0,0,0.0
Mexico,0,1,0.0
Mexico,0,1,0.0
Mexico,0,1,102.64929832327093
Mexico,0,1,0.0
Mexico,0,1,-51.32464916163546
Mexico,0,0,0.0
Mexico,0,0,-615.8957899396255
Mexico,0,0,0.0
Mexico,0,0,0.0
Mexico,0,0,0.0
Mexico,0,0,0.0
Mexico,0,0,0.0
Mexico,0,1,0.0
Mexico,0,0,0.0
Mexico,0,1,0.0
Mexico,0,1,-87.25190357478029
Mexico,0,0,102.64929832327093
Mexico,0,1,41.05971932930837
Mexico,0,0,0.0
Mexico,0,1,0.0
Mexico,0,1,0.0
Mexico,0,1,0.0
Mexico,0,0,30.794789496981277
Mexico,0,1,0.0
Mexico,0,0,0.0
Mexico,0,0,61.589578993962554
Mexico,0,0,0.0
Mexico,0,1,0.0
Mexico,0,1,615.8957899396255
Mexico,0,0,0.0
Mexico,0,0,0.0
Mexico,0,0,0.0
Mexico,0,0,-164.2388773172335
Mexico,0,0,0.0
Mexico,0,1,0.0
Mexico,0,0,0.0
Mexico,0,1,0.0
Mexico,0,0,0.0
Mexico,0,0,0.0
Mexico,0,0,133.4440878202522
Mexico,0,1,0.0
Mexico,0,1,61.589578993962554
Mexico,0,0,0.0
Mexico,0,0,-102.64929832327093
Mexico,0,1,0.0
Mexico,0,1,0.0
Mexico,0,0,0.0
Mexico,0,0,0.0
Mexico,0,0,0.0
Mexico,0,0,0.0
Mexico,0,1,0.0
Mexico,0,1,0.0
Mexico,0,0,0.0
Mexico,0,1,0.0
Mexico,0,0,123.17915798792511
Mexico,0,0,0.0
Mexico,0,0,0.0
Mexico,0,0,0.0
Mexico,0,0,123.17915798792511
Mexico,0,1,0.0
Mexico,0,0,0.0
Mexico,0,0,0.0
Mexico,0,0,0.0
Mexico,0,0,0.0
Mexico,0,1,0.0
Mexico,0,1,0.0
Mexico,0,1,0.0
Mexico,0,1,0.0
Mexico,0,1,0.0
Mexico,0,1,0.0
Mexico,0,0,-205.29859664654185
Mexico,0,1,0.0
Mexico,0,1,0.0
Mexico,0,1,0.0
Mexico,0,1,0.0
Mexico,0,0,0.0
Mexico,0,1,0.0
Mexico,0,1,0.0
Mexico,0,0,92.38436849094383
Mexico,0,0,0.0
Mexico,0,0,0.0
Mexico,0,0,0.0
Mexico,0,1,0.0
Mexico,0,1,0.0
Mexico,0,0,0.0
Mexico,0,0,0.0
Mexico,0,0,-102.64929832327093
Mexico,0,0,0.0
Mexico,0,1,0.0
Mexico,0,0,0.0
Mexico,0,1,20.529859664654186
Mexico,0,0,0.0
Mexico,0,1,0.0
Mexico,0,1,0.0
Mexico,0,1,0.0
Mexico,0,1,0.0
Mexico,0,1,0.0
Mexico,0,1,0.0
Mexico,0,1,0.0
Mexico,0,1,0.0
Mexico,0,1,0.0
Mexico,0,1,0.0
Mexico,0,1,0.0
Mexico,0,0,0.0
Mexico,0,1,0.0
Mexico,0,1,1539.7394748490638
Mexico,0,1,0.0
Mexico,0,0,0.0
Mexico,0,0,0.0
Mexico,0,1,0.0
Mexico,0,1,51.32464916163546
Mexico,0,1,0.0
Mexico,0,0,0.0
Mexico,0,0,0.0
Mexico,0,0,0.0
Mexico,0,1,0.0
Mexico,0,1,0.0
Mexico,0,1,0.0
Mexico,0,1,0.0
Mexico,0,0,0.0
Mexico,0,0,0.0
Mexico,0,1,82.11943865861674
Mexico,0,1,0.0
Mexico,0,0,0.0
Mexico,0,0,0.0
Mexico,0,0,0.0
Mexico,0,0,0.0
Mexico,0,1,0.0
Mexico,0,1,-1026.4929832327093
Mexico,0,0,0.0
Mexico,0,1,0.0
Mexico,0,1,0.0
Mexico,0,0,0.0
Mexico,0,1,0.0
Mexico,0,1,0.0
Mexico,0,1,0.0
Mexico,0,1,0.0
Mexico,0,1,0.0
Mexico,0,0,0.0
Mexico,0,1,0.0
Mexico,0,1,0.0
Mexico,0,1,0.0
Mexico,0,1,0.0
Mexico,0,1,0.0
Mexico,0,0,0.0
Mexico,0,0,0.0
Mexico,0,0,29.04975142548567
Mexico,0,1,0.0
Mexico,0,0,0.0
Mexico,0,0,0.0
Mexico,0,0,0.0
Mexico,0,0,0.0
Mexico,0,1,-1129.1422815559802
Mexico,0,0,0.0
Mexico,0,1,0.0
Mexico,0,1,0.0
Mexico,0,1,636.4256496042798
Mexico,0,0,0.0
Mexico,0,1,0.0
Mexico,0,1,0.0
Mexico,0,1,0.0
Mexico,0,1,0.0
Mexico,0,1,0.0
Mexico,0,1,0.0
Mexico,0,1,0.0
Mexico,0,0,0.0
Mexico,0,0,0.0
Mexico,0,1,390.06733362842954
Mexico,0,0,246.35831597585022
Mexico,0,1,0.0
Mexico,0,0,0.0
Mexico,0,0,2258.2845631119603
Mexico,0,1,0.0
Mexico,0,0,0.0
Mexico,0,1,0.0
Mexico,0,0,102.64929832327093
Mexico,0,0,51.32464916163546
Mexico,0,1,0.0
Mexico,0,1,0.0
Mexico,0,0,0.0
Mexico,0,1,0.0
Mexico,0,0,0.0
Mexico,0,0,0.0
Mexico,0,0,0.0
Mexico,0,1,102.64929832327093
Mexico,0,1,0.0
Mexico,0,1,0.0
Mexico,0,0,0.0
Mexico,0,1,0.0
Mexico,0,0,0.0
Mexico,0,0,0.0
Mexico,0,0,0.0
Mexico,0,1,0.0
Mexico,0,0,0.0
Mexico,0,1,0.0
Mexico,0,0,0.0
Mexico,0,0,0.0
Mexico,0,0,0.0
Mexico,0,0,0.0
Mexico,0,1,0.0
Mexico,0,0,0.0
Mexico,0,0,0.0
Mexico,0,1,0.0
Mexico,0,0,102.64929832327093
Mexico,0,0,0.0
Mexico,0,1,0.0
Mexico,0,1,0.0
Mexico,0,0,-451.65691262239204
Mexico,0,0,128.31162290408867
Mexico,0,0,0.0
Mexico,0,0,46.192184245471914
Mexico,0,1,61.589578993962554
Mexico,0,1,0.0
Mexico,0,1,30.794789496981277
Mexico,0,1,71.85450882628965
Mexico,0,1,0.0
Mexico,0,0,0.0
Mexico,0,0,102.64929832327093
Mexico,0,1,0.0
Mexico,0,0,0.0
Mexico,0,0,0.0
Mexico,0,1,0.0
Mexico,0,1,0.0
Mexico,0,0,0.0
Mexico,0,0,0.0
Mexico,0,1,0.0
Mexico,0,1,0.0
Mexico,0,1,0.0
Mexico,0,1,0.0
Mexico,0,1,0.0
Mexico,0,0,0.0
Mexico,0,1,0.0
Mexico,0,1,61.589578993962554
Mexico,0,1,0.0
Mexico,0,1,0.0
Mexico,0,0,0.0
Mexico,0,1,0.0
Mexico,0,1,0.0
Mexico,0,0,112.91422815559801
Mexico,0,1,0.0
Mexico,0,1,153.97394748490638
Mexico,0,0,0.0
Mexico,0,0,0.0
Mexico,0,1,0.0
Mexico,0,0,24.63583159758502
Mexico,0,1,0.0
Mexico,0,1,0.0
Mexico,0,0,0.0
Mexico,0,1,0.0
Mexico,0,1,0.0
Mexico,0,0,0.0
Mexico,0,0,0.0
Mexico,0,1,92.38436849094383
Mexico,0,0,0.0
Mexico,0,0,82.11943865861674
Mexico,0,0,-1129.1422815559802
Mexico,0,1,0.0
Mexico,0,0,0.0
Mexico,0,0,48.142520913614064
Mexico,0,1,0.0
Mexico,0,1,0.0
Mexico,0,0,0.0
Mexico,0,1,0.0
Mexico,0,1,0.0
Mexico,0,0,0.0
Mexico,0,0,0.0
Mexico,0,1,0.0
Mexico,0,1,0.0
Mexico,0,0,0.0
Mexico,0,0,0.0
Mexico,0,0,0.0
Mexico,0,1,0.0
Mexico,0,1,0.0
Mexico,0,1,0.0
Mexico,0,1,0.0
Mexico,0,0,0.0
Mexico,0,1,0.0
Mexico,0,1,0.0
Mexico,0,0,0.0
Mexico,0,0,0.0
Mexico,0,0,0.0
Mexico,0,0,0.0
Mexico,0,0,0.0
Mexico,0,0,0.0
Mexico,0,1,0.0
Mexico,0,1,0.0
Mexico,0,0,0.0
Mexico,0,0,0.0
Mexico,0,1,0.0
Mexico,0,0,0.0
Mexico,0,0,0.0
Mexico,0,1,0.0
Mexico,0,0,0.0
Mexico,0,0,0.0
Mexico,0,1,0.0
Mexico,0,1,0.0
Mexico,0,0,0.0
Mexico,0,0,-82.11943865861674
Mexico,0,0,0.0
Mexico,0,0,0.0
Mexico,0,0,0.0
Mexico,0,0,0.0
Mexico,0,0,0.0
Mexico,0,1,0.0
Mexico,0,0,0.0
Mexico,0,1,0.0
Mexico,0,0,0.0
Mexico,0,0,0.0
Mexico,0,1,0.0
Mexico,0,1,71.85450882628965
Mexico,0,0,10.264929832327093
Mexico,0,1,0.0
Mexico,0,1,0.0
Mexico,0,1,0.0
Mexico,0,0,0.0
Mexico,0,1,102.64929832327093
Mexico,0,0,0.0
Mexico,0,1,0.0
Mexico,0,0,0.0
Mexico,0,1,0.0
Mexico,0,1,0.0
Mexico,0,1,0.0
Mexico,0,0,0.0
Mexico,0,0,0.0
Mexico,0,0,174.50380714956057
Mexico,0,0,0.0
Mexico,0,0,0.0
Mexico,0,1,615.8957899396255
Mexico,0,0,0.0
Mexico,0,0,0.0
Mexico,0,0,0.0
Mexico,0,0,0.0
Mexico,0,1,0.0
Mexico,0,0,0.0
Mexico,0,1,0.0
Mexico,0,0,0.0
Mexico,0,0,0.0
Mexico,0,1,0.0
Mexico,0,0,256.62324580817733
Mexico,0,1,123.17915798792511
Mexico,0,0,0.0
Mexico,0,1,0.0
Mexico,0,0,0.0
Mexico,0,1,0.0
Mexico,0,0,0.0
Mexico,0,0,0.0
Mexico,0,0,0.0
Mexico,0,1,0.0
Mexico,0,0,71.85450882628965
Mexico,0,1,-41.05971932930837
Mexico,0,0,0.0
Mexico,0,1,0.0
Mexico,0,1,513.2464916163547
Mexico,0,0,102.64929832327093
Mexico,0,1,0.0
Mexico,0,0,0.0
Mexico,0,0,0.0
Mexico,0,0,0.0
Mexico,0,0,0.0
Mexico,0,1,0.0
Mexico,0,1,0.0
Mexico,0,1,0.0
Mexico,0,0,0.0
Mexico,0,1,0.0
Mexico,0,1,71.85450882628965
Mexico,0,0,0.0
Mexico,0,0,0.0
Mexico,0,1,0.0
Mexico,0,0,0.0
Mexico,0,0,0.0
Mexico,0,0,0.0
Mexico,0,1,5.1324649161635465
Mexico,0,1,0.0
Mexico,0,1,0.0
Mexico,0,0,30.794789496981277
Mexico,0,1,461.9218424547192
Mexico,0,0,84.17242462508216
Mexico,0,0,0.0
Mexico,0,1,0.0
Mexico,0,1,0.0
Mexico,0,1,0.0
Mexico,0,0,0.0
Mexico,0,1,30.794789496981277
Mexico,0,1,82.11943865861674
Mexico,0,1,0.0
Mexico,0,0,0.0
Mexico,0,0,0.0
Mexico,0,1,20.529859664654186
Mexico,0,1,0.0
Mexico,0,0,0.0
Mexico,0,0,0.0
Mexico,0,0,0.0
Mexico,0,1,0.0
Mexico,0,0,0.0
Mexico,0,1,0.0
Mexico,0,0,0.0
Mexico,0,0,0.0
Mexico,0,1,0.0
Mexico,0,1,0.0
Mexico,0,1,0.0
Mexico,0,0,0.0
Mexico,0,0,0.0
Mexico,0,1,0.0
Mexico,0,1,0.0
Mexico,0,0,0.0
Mexico,0,1,0.0
Mexico,0,1,30.794789496981277
Mexico,0,1,0.0
Mexico,0,1,0.0
Mexico,0,0,0.0
Mexico,0,1,205.29859664654185
Mexico,0,0,0.0
Mexico,0,0,0.0
Mexico,0,1,0.0
Mexico,0,0,30.794789496981277
Mexico,0,0,0.0
Mexico,0,1,0.0
Mexico,0,1,0.0
Mexico,0,0,0.0
Mexico,0,1,0.0
Mexico,0,1,0.0
Mexico,0,0,0.0
Mexico,0,0,0.0
Mexico,0,1,0.0
Mexico,0,0,0.0
Mexico,0,0,0.0
Mexico,0,1,0.0
Mexico,0,0,0.0
Mexico,0,1,0.0
Mexico,0,1,369.5374739637753
Mexico,0,1,102.64929832327093
Mexico,0,0,0.0
Mexico,0,0,-123.17915798792511
Mexico,0,0,0.0
Mexico,0,0,-133.4440878202522
Mexico,0,1,0.0
Mexico,0,0,0.0
Mexico,0,0,0.0
Mexico,0,0,-51.32464916163546
Mexico,0,0,0.0
Mexico,0,1,0.0
Mexico,0,1,0.0
Mexico,0,0,0.0
Mexico,0,1,0.0
Mexico,0,1,53.37763512810088
Mexico,0,1,102.64929832327093
Mexico,0,0,0.0
Mexico,0,1,513.2464916163547
Mexico,0,1,0.0
Mexico,0,1,0.0
Mexico,0,0,0.0
Mexico,0,1,0.0
Mexico,0,1,0.0
Mexico,0,1,0.0
Mexico,0,0,0.0
Mexico,0,0,0.0
Mexico,0,0,0.0
Mexico,0,1,0.0
Mexico,0,0,0.0
Mexico,0,1,0.0
Mexico,0,0,0.0
Mexico,0,0,0.0
Mexico,0,1,0.0
Mexico,0,0,0.0
Mexico,0,0,0.0
Mexico,0,0,0.0
Mexico,0,1,0.0
Mexico,0,1,0.0
Mexico,0,0,0.0
Mexico,0,0,0.0
Mexico,0,1,0.0
Mexico,0,0,0.0
Mexico,0,0,0.0
Mexico,0,1,0.0
Mexico,0,0,0.0
Mexico,0,0,0.0
Mexico,0,0,0.0
Mexico,0,0,71.85450882628965
Mexico,0,1,0.0
Mexico,0,0,0.0
Mexico,0,0,0.0
Mexico,0,1,0.0
Mexico,0,1,0.0
Mexico,0,0,0.0
Mexico,0,1,0.0
Mexico,0,0,0.0
Mexico,0,1,0.0
Mexico,0,0,0.0
Mexico,0,1,0.0
Mexico,0,0,0.0
Mexico,0,1,0.0
Mexico,0,0,0.0
Mexico,0,1,82.11943865861674
Mexico,0,1,0.0
Mexico,0,1,0.0
Mexico,0,1,0.0
Mexico,0,0,0.0
Mexico,0,1,0.0
Mexico,0,1,0.0
Mexico,0,0,15.397394748490639
Mexico,0,0,0.0
Mexico,0,1,0.0
Mexico,0,1,-64.15581145204433
Mexico,0,0,0.0
Mexico,0,1,0.0
Mexico,0,0,0.0
Mexico,0,1,0.0
Mexico,0,0,0.0
Mexico,0,1,0.0
Mexico,0,0,0.0
Mexico,0,0,0.0
Mexico,0,0,51.32464916163546
Mexico,0,0,0.0
Mexico,0,0,0.0
Mexico,0,1,-410.5971932930837
Mexico,0,1,0.0
Mexico,0,1,30.794789496981277
Mexico,0,1,-102.64929832327093
Mexico,0,1,0.0
Mexico,0,0,0.0
Mexico,0,0,0.0
Mexico,0,0,0.0
Mexico,0,0,0.0
Mexico,0,0,0.0
Mexico,0,1,0.0
Mexico,0,1,0.0
Mexico,0,0,0.0
Mexico,0,0,123.17915798792511
Mexico,0,1,0.0
Mexico,0,0,0.0
Mexico,0,1,0.0
Mexico,0,1,0.0
Mexico,0,0,0.0
Mexico,0,1,179.6362720657241
Mexico,0,0,-349.00761429912114
Mexico,0,0,41.05971932930837
Mexico,0,1,0.0
Mexico,0,0,0.0
Mexico,0,0,0.0
Mexico,0,1,97.51683340710738
Mexico,0,0,0.0
Mexico,0,0,0.0
Mexico,0,0,0.0
Mexico,0,1,0.0
Mexico,0,0,18.476873698188765
Mexico,0,1,338.74268446679406
Mexico,0,1,0.0
Mexico,0,1,112.91422815559801
Mexico,0,0,0.0
Mexico,0,0,205.29859664654185
Mexico,0,1,0.0
Mexico,0,0,0.0
Mexico,0,0,0.0
Mexico,0,1,-2.5662324580817732
Mexico,0,1,0.0
Mexico,0,0,0.0
Mexico,0,1,0.0
Mexico,0,0,0.0
Mexico,0,0,0.0
Mexico,0,0,90.33138252447841
Mexico,0,0,0.0
Mexico,0,1,0.0
Mexico,0,0,0.0
Mexico,0,0,0.0
Mexico,0,0,0.0
Mexico,0,0,184.76873698188766
Mexico,0,1,0.0
Mexico,0,1,0.0
Mexico,0,0,0.0
Mexico,0,1,0.0
Mexico,0,1,0.0
Mexico,0,0,0.0
Mexico,0,0,0.0
Mexico,0,0,0.0
Mexico,0,0,0.0
Mexico,0,1,123.17915798792511
Mexico,0,0,0.0
Mexico,0,0,10.264929832327093
Mexico,0,1,0.0
Mexico,0,0,0.0
Mexico,0,0,0.0
Mexico,0,0,0.0
Mexico,0,0,0.0
Mexico,0,0,0.0
Mexico,0,1,0.0
Mexico,0,0,0.0
Mexico,0,0,0.0
Mexico,0,1,0.0
Mexico,0,0,0.0
Mexico,0,1,0.0
Mexico,0,1,0.0
Mexico,0,0,0.0
Mexico,0,1,0.0
Mexico,0,1,0.0
Mexico,0,0,0.0
Mexico,0,1,153.97394748490638
Mexico,0,1,0.0
Mexico,0,0,0.0
Mexico,0,0,0.0
Mexico,0,0,0.0
Mexico,0,1,-30.794789496981277
Mexico,0,0,0.0
Mexico,0,1,0.0
Mexico,0,1,0.0
Mexico,0,0,0.0
Mexico,0,1,0.0
Mexico,0,1,-61.589578993962554
Mexico,0,1,0.0
Mexico,0,1,0.0
Mexico,0,0,0.0
Mexico,0,0,0.0
Mexico,0,1,0.0
Mexico,0,1,0.0
Mexico,0,1,0.0
Mexico,0,0,0.0
Mexico,0,0,0.0
Mexico,0,1,0.0
Mexico,0,1,0.0
Mexico,0,1,0.0
Mexico,0,1,903.3138252447841
Mexico,0,1,0.0
Mexico,0,1,0.0
Mexico,0,1,0.0
Mexico,0,0,0.0
Mexico,0,0,0.0
Mexico,0,1,39.212031959489494
Mexico,0,1,0.0
Mexico,0,1,-102.64929832327093
Mexico,0,0,-102.64929832327093
Mexico,0,0,0.0
Mexico,0,0,0.0
Mexico,0,1,0.0
Mexico,0,0,0.0
Mexico,0,0,0.0
Mexico,0,0,112.91422815559801
Mexico,0,1,0.0
Mexico,0,0,0.0
Mexico,0,0,0.0
Mexico,0,0,0.0
Mexico,0,0,0.0
Mexico,0,0,0.0
Mexico,0,0,0.0
Mexico,0,0,-102.64929832327093
Mexico,0,1,0.0
Mexico,0,0,0.0
Mexico,0,0,0.0
Mexico,0,0,0.0
Mexico,0,1,0.0
Mexico,0,1,0.0
Mexico,0,0,0.0
Mexico,0,0,0.0
Mexico,0,0,0.0
Mexico,0,0,0.0
Mexico,0,1,0.0
Mexico,0,1,0.0
Mexico,0,1,0.0
Mexico,0,0,0.0
Mexico,0,0,-1005.963123568055
Mexico,0,0,-369.5374739637753
Mexico,0,0,0.0
Mexico,0,1,10.264929832327093
Mexico,0,1,0.0
Mexico,0,1,0.0
Mexico,0,1,0.0
Mexico,0,1,0.0
Mexico,0,1,0.0
Mexico,0,1,124.20565097115782
Mexico,0,1,0.0
Mexico,0,1,0.0
Mexico,0,0,0.0
Mexico,0,1,0.0
Mexico,0,1,0.0
Mexico,0,1,0.0
Mexico,0,0,0.0
Mexico,0,0,0.0
Mexico,0,0,92.38436849094383
Mexico,0,1,0.0
Mexico,0,1,0.0
Mexico,0,0,0.0
Mexico,0,1,0.0
Mexico,0,0,0.0
Mexico,0,0,0.0
Mexico,0,0,0.0
Mexico,0,0,0.0
Mexico,0,1,0.0
Mexico,0,0,0.0
Mexico,0,0,0.0
Mexico,0,0,0.0
Mexico,0,1,0.0
Mexico,0,0,0.0
Mexico,0,0,0.0
Mexico,0,1,-71.85450882628965
Mexico,0,1,0.0
Mexico,0,1,82.11943865861674
Mexico,0,1,143.7090176525793
Mexico,0,1,0.0
Mexico,0,1,0.0
Mexico,0,0,0.0
Mexico,0,1,0.0
Mexico,0,1,0.0
Mexico,0,0,-20.529859664654186
Mexico,0,1,0.0
Mexico,0,1,0.0
Mexico,0,0,0.0
Mexico,0,0,0.0
Mexico,0,0,0.0
Mexico,0,1,0.0
Mexico,0,1,0.0
Mexico,0,0,0.0
Mexico,0,1,0.0
Mexico,0,1,0.0
Mexico,0,0,0.0
Mexico,0,0,102.64929832327093
Mexico,0,0,0.0
Mexico,0,1,0.0
Mexico,0,0,0.0
Mexico,0,1,0.0
Mexico,0,0,0.0
Mexico,0,1,0.0
Mexico,0,0,0.0
Mexico,0,1,0.0
Mexico,0,0,0.0
Mexico,0,0,0.0
Mexico,0,0,0.0
Mexico,0,1,0.0
Mexico,0,1,0.0
Mexico,0,1,164.2388773172335
Mexico,0,1,0.0
Mexico,0,1,51.32464916163546
Mexico,0,0,0.0
Mexico,0,0,0.0
Mexico,0,1,0.0
Mexico,0,1,0.0
Mexico,0,0,0.0
Mexico,0,0,0.0
Mexico,0,1,0.0
Mexico,0,1,0.0
Mexico,0,0,0.0
Mexico,0,1,-164.2388773172335
Mexico,0,0,0.0
Mexico,0,1,0.0
Mexico,0,1,0.0
Mexico,0,1,0.0
Mexico,0,0,184.76873698188766
Mexico,0,1,0.0
Mexico,0,1,0.0
Mexico,0,0,0.0
Mexico,0,0,0.0
Mexico,0,0,0.0
Mexico,0,0,0.0
Mexico,0,0,0.0
Mexico,0,1,0.0
Mexico,0,1,0.0
Mexico,0,1,0.0
Mexico,0,0,0.0
Mexico,0,1,0.0
Mexico,0,0,0.0
Mexico,0,1,0.0
Mexico,0,1,0.0
Mexico,0,1,0.0
Mexico,0,1,0.0
Mexico,0,0,0.0
Mexico,0,1,10.264929832327093
Mexico,0,1,0.0
Mexico,0,0,0.0
Mexico,0,0,0.0
Mexico,0,0,20.529859664654186
Mexico,0,0,0.0
Mexico,0,0,-102.64929832327093
Mexico,0,0,0.0
Mexico,0,1,0.0
Mexico,0,0,0.0
Mexico,0,0,0.0
Mexico,0,1,0.0
Mexico,0,0,51.32464916163546
Mexico,0,1,0.0
Mexico,0,0,0.0
Mexico,0,0,0.0
Mexico,0,0,0.0
Mexico,0,0,0.0
Mexico,0,1,0.0
Mexico,0,1,0.0
Mexico,0,1,0.0
Mexico,0,1,0.0
Mexico,0,0,0.0
Mexico,0,1,0.0
Mexico,0,0,0.0
Mexico,0,1,0.0
Mexico,0,0,0.0
Mexico,0,0,0.0
Mexico,0,0,0.0
Mexico,0,0,41.05971932930837
Mexico,0,1,0.0
Mexico,0,1,0.0
Mexico,0,0,0.0
Mexico,0,1,0.0
Mexico,0,0,0.0
Mexico,0,0,30.794789496981277
Mexico,0,0,0.0
Mexico,0,1,0.0
Mexico,0,1,0.0
Mexico,0,1,0.0
Mexico,0,1,0.0
Mexico,0,1,153.97394748490638
Mexico,0,1,0.0
Mexico,0,1,0.0
Mexico,0,0,0.0
Mexico,0,0,0.0
Mexico,0,0,51.32464916163546
Mexico,0,0,0.0
Mexico,0,0,0.0
Mexico,0,1,0.0
Mexico,0,1,195.03366681421477
Mexico,0,0,0.0
Mexico,0,0,61.589578993962554
Mexico,0,0,2052.9859664654186
Mexico,0,0,0.0
Mexico,0,0,0.0
Mexico,0,0,92.38436849094383
Mexico,0,0,0.0
Mexico,0,0,0.0
Mexico,0,1,153.97394748490638
Mexico,0,1,0.0
Mexico,0,1,0.0
Mexico,0,1,0.0
Mexico,0,0,0.0
Mexico,0,1,0.0
Mexico,0,0,0.0
Mexico,0,0,0.0
Mexico,0,1,0.0
Mexico,0,0,0.0
Mexico,0,0,0.0
Mexico,0,1,0.0
Mexico,0,0,0.0
Mexico,0,0,-51.32464916163546
Mexico,0,0,153.97394748490638
Mexico,0,0,51.32464916163546
Mexico,0,0,0.0
Mexico,0,0,0.0
Mexico,0,1,0.0
Mexico,0,1,0.0
Mexico,0,1,0.0
Mexico,0,0,0.0
Mexico,0,1,-30.794789496981277
Mexico,0,0,0.0
Mexico,0,1,0.0
Mexico,0,1,153.97394748490638
Mexico,0,1,0.0
Mexico,0,0,0.0
Mexico,0,0,0.0
Mexico,0,1,0.0
Mexico,0,0,0.0
Mexico,0,0,0.0
Mexico,0,0,7082.801584305694
Mexico,0,0,0.0
Mexico,0,0,0.0
Mexico,0,1,0.0
Mexico,0,1,0.0
Mexico,0,1,0.0
Mexico,0,1,0.0
Mexico,0,0,0.0
Mexico,0,1,-20.529859664654186
Mexico,0,0,0.0
Mexico,0,1,-10.264929832327093
Mexico,0,1,0.0
Mexico,0,0,0.0
Mexico,0,0,0.0
Mexico,0,0,0.0
Mexico,0,0,0.0
Mexico,0,1,0.0
Mexico,0,0,0.0
Mexico,0,0,0.0
Mexico,0,1,0.0
Mexico,0,0,0.0
Mexico,0,0,2.0529859664654184
Mexico,0,0,0.0
Mexico,0,1,0.0
Mexico,0,0,0.0
Mexico,0,0,143.7090176525793
Mexico,0,1,0.0
Mexico,0,0,0.0
Mexico,0,0,0.0
Mexico,0,0,0.0
Mexico,0,1,0.0
Mexico,0,1,0.0
Mexico,0,0,0.0
Mexico,0,0,0.0
Mexico,0,1,-92.38436849094383
Mexico,0,1,0.0
Mexico,0,1,0.0
Mexico,0,1,0.0
Mexico,0,1,0.0
Mexico,0,0,0.0
Mexico,0,0,0.0
Mexico,0,1,0.0
Mexico,0,1,0.0
Mexico,0,0,102.64929832327093
Mexico,0,0,0.0
Mexico,0,0,0.0
Mexico,0,0,0.0
Mexico,0,0,-102.64929832327093
Mexico,0,0,0.0
Mexico,0,1,0.0
Mexico,0,1,0.0
Mexico,0,1,0.0
Mexico,0,0,67.7485368933588
Mexico,0,0,205.29859664654185
Mexico,0,1,0.0
Mexico,0,1,-205.29859664654185
Mexico,0,1,0.0
Mexico,0,0,41.05971932930837
Mexico,0,1,0.0
Mexico,0,1,20.529859664654186
Mexico,0,0,0.0
Mexico,0,0,0.0
Mexico,0,0,0.0
Mexico,0,0,0.0
Mexico,0,0,0.0
Mexico,0,0,-10.264929832327093
Mexico,0,0,0.0
Mexico,0,1,61.589578993962554
Mexico,0,1,0.0
Mexico,0,0,30.794789496981277
Mexico,0,1,0.0
Mexico,0,0,0.0
Mexico,0,1,0.0
Mexico,0,0,0.0
Mexico,0,0,0.0
Mexico,0,0,0.0
Mexico,0,1,0.0
Mexico,0,1,0.0
Mexico,0,1,0.0
Mexico,0,1,0.0
Mexico,0,0,0.0
Mexico,0,0,256.62324580817733
Mexico,0,1,0.0
Mexico,0,0,0.0
Mexico,0,1,0.0
Mexico,0,1,0.0
Mexico,0,1,0.0
Mexico,0,0,-20.529859664654186
Mexico,0,1,0.0
Mexico,0,0,0.0
Mexico,0,1,0.0
Mexico,0,1,0.0
Mexico,0,1,0.0
Mexico,0,0,0.0
Mexico,0,1,0.0
Mexico,0,0,-10.264929832327093
Mexico,0,1,0.0
Mexico,0,0,-30.794789496981277
Mexico,0,0,82.11943865861674
Mexico,0,1,30.794789496981277
Mexico,0,0,0.0
Mexico,0,0,0.0
Mexico,0,0,0.0
Mexico,0,0,0.0
Mexico,0,0,-51.32464916163546
Mexico,0,0,0.0
Mexico,0,1,174.50380714956057
Mexico,0,1,0.0
Mexico,0,1,0.0
Mexico,0,0,0.0
Mexico,0,0,0.0
Mexico,0,1,0.0
Mexico,0,1,0.0
Mexico,0,0,0.0
Mexico,0,1,0.0
Mexico,0,0,656.955509268934
Mexico,0,0,0.0
Mexico,0,1,0.0
Mexico,0,1,0.0
Mexico,0,1,0.0
Mexico,0,0,0.0
Mexico,0,0,0.0
Mexico,0,1,0.0
Mexico,0,0,0.0
Mexico,0,1,0.0
Mexico,0,0,0.0
Mexico,0,0,0.0
Mexico,0,1,0.0
Mexico,0,0,0.0
Mexico,0,0,0.0
Mexico,0,1,0.0
Mexico,0,1,0.0
Mexico,0,1,0.0
Mexico,0,1,0.0
Mexico,0,1,-51.32464916163546
Mexico,0,1,0.0
Mexico,0,0,0.0
Mexico,0,1,0.0
Mexico,0,1,0.0
Mexico,0,1,0.0
Mexico,0,1,0.0
Mexico,0,0,20.529859664654186
Mexico,0,0,0.0
Mexico,0,1,0.0
Mexico,0,1,0.0
Mexico,0,1,0.0
Mexico,0,0,0.0
Mexico,0,1,-205.29859664654185
Mexico,0,1,0.0
Mexico,0,0,0.0
Mexico,0,0,82.11943865861674
Mexico,0,1,51.32464916163546
Mexico,0,1,41.05971932930837
Mexico,0,1,0.0
Mexico,0,0,0.0
Mexico,0,1,0.0
Mexico,0,0,0.0
Mexico,0,1,0.0
Mexico,0,1,0.0
Mexico,0,1,0.0
Mexico,0,1,0.0
Mexico,0,0,0.0
Mexico,0,0,0.0
Mexico,0,0,0.0
Mexico,0,1,0.0
Mexico,0,1,0.0
Mexico,0,0,0.0
Mexico,0,1,0.0
Mexico,0,0,0.0
Mexico,0,0,0.0
Mexico,0,1,0.0
Mexico,0,1,0.0
Mexico,0,0,0.0
Mexico,0,1,0.0
Mexico,0,0,0.0
Mexico,0,1,-102.64929832327093
Mexico,0,1,15.397394748490639
Mexico,0,1,51.32464916163546
Mexico,0,1,0.0
Mexico,0,1,0.0
Mexico,0,1,0.0
Mexico,0,1,0.0
Mexico,0,0,0.0
Mexico,0,1,0.0
Mexico,0,1,0.0
Mexico,0,1,270.9941475734352
Mexico,0,1,0.0
Mexico,0,0,0.0
Mexico,0,1,0.0
Mexico,0,1,0.0
Mexico,0,0,0.0
Mexico,0,0,61.589578993962554
Mexico,0,1,0.0
Mexico,0,1,0.0
Mexico,0,1,0.0
Mexico,0,0,0.0
Mexico,0,0,102.64929832327093
Mexico,0,0,-71.85450882628965
Mexico,0,1,0.0
Mexico,0,1,0.0
Mexico,0,1,0.0
Mexico,0,0,0.0
Mexico,0,0,0.0
Mexico,0,1,0.0
Mexico,0,0,0.0
Mexico,0,1,0.0
Mexico,0,1,0.0
Mexico,0,0,0.0
Mexico,0,1,0.0
Mexico,0,0,0.0
Mexico,0,0,0.0
Mexico,0,1,0.0
Mexico,0,0,0.0
Mexico,0,1,0.0
Mexico,0,1,35.92725441314482
Mexico,0,1,0.0
Mexico,0,1,0.0
Mexico,0,0,0.0
Mexico,0,0,0.0
Mexico,0,1,0.0
Mexico,0,1,0.0
Mexico,0,1,0.0
Mexico,0,1,0.0
Mexico,0,1,0.0
Mexico,0,1,0.0
Mexico,0,0,10.264929832327093
Mexico,0,0,0.0
Mexico,0,1,0.0
Mexico,0,0,0.0
Mexico,0,1,0.0
Mexico,0,0,410.5971932930837
Mexico,0,1,61.589578993962554
Mexico,0,0,0.0
Mexico,0,1,0.0
Mexico,0,0,0.0
Mexico,0,1,184.76873698188766
Mexico,0,1,174.50380714956057
Mexico,0,0,0.0
Mexico,0,0,0.0
Mexico,0,1,0.0
Mexico,0,1,0.0
Mexico,0,0,0.0
Mexico,0,1,-10.264929832327093
Mexico,0,1,0.0
Mexico,0,1,0.0
Mexico,0,0,0.0
Mexico,0,1,0.0
Mexico,0,0,0.0
Mexico,0,0,0.0
Mexico,0,0,0.0
Mexico,0,0,0.0
Mexico,0,1,0.0
Mexico,0,1,0.0
Mexico,0,1,0.0
Mexico,0,1,0.0
Mexico,0,1,0.0
Mexico,0,0,0.0
Mexico,0,0,0.0
Mexico,0,0,0.0
Mexico,0,0,0.0
Mexico,0,1,0.0
Mexico,0,0,0.0
Mexico,0,0,0.0
Mexico,0,0,0.0
Mexico,0,1,30.794789496981277
Mexico,0,1,0.0
Mexico,0,1,0.0
Mexico,0,0,0.0
Mexico,0,0,0.0
Mexico,0,1,10.264929832327093
Mexico,0,1,0.0
Mexico,0,0,0.0
Mexico,0,1,0.0
Mexico,0,0,0.0
Mexico,0,0,0.0
Mexico,0,1,0.0
Mexico,0,0,0.0
Mexico,0,1,133.4440878202522
Mexico,0,1,51.32464916163546
Mexico,0,0,0.0
Mexico,0,0,0.0
Mexico,0,0,102.64929832327093
Mexico,0,1,0.0
Mexico,0,1,0.0
Mexico,0,0,307.94789496981275
Mexico,0,0,0.0
Mexico,0,0,0.0
Mexico,0,1,0.0
Mexico,0,0,0.0
Mexico,0,0,0.0
Mexico,0,1,0.0
Mexico,0,1,0.0
Mexico,0,0,0.0
Mexico,0,1,0.0
Mexico,0,0,0.0
Mexico,0,1,0.0
Mexico,0,1,0.0
Mexico,0,1,0.0
Mexico,0,0,0.0
Mexico,0,0,0.0
Mexico,0,0,0.0
Mexico,0,1,0.0
Mexico,0,1,0.0
Mexico,0,1,0.0
Mexico,0,0,0.0
Mexico,0,1,-492.71663195170044
Mexico,0,0,0.0
Mexico,0,0,0.0
Mexico,0,1,0.0
Mexico,0,0,0.0
Mexico,0,1,0.0
Mexico,0,0,0.0
Mexico,0,0,-164.2388773172335
Mexico,0,1,41.05971932930837
Mexico,0,1,0.0
Mexico,0,1,0.0
Mexico,0,0,0.0
Mexico,0,1,0.0
Mexico,0,1,61.589578993962554
Mexico,0,0,0.0
Mexico,0,0,0.0
Mexico,0,1,0.0
Mexico,0,1,0.0
Mexico,0,0,0.0
Mexico,0,1,0.0
Mexico,0,0,0.0
Mexico,0,1,0.0
Mexico,0,1,-102.64929832327093
Mexico,0,1,0.0
Mexico,0,0,0.0
Mexico,0,0,0.0
Mexico,0,1,205.29859664654185
Mexico,0,1,0.0
Mexico,0,1,0.0
Mexico,0,1,0.0
Mexico,0,1,0.0
Mexico,0,1,0.0
Mexico,0,1,0.0
Mexico,0,0,0.0
Mexico,0,1,0.0
Mexico,0,1,0.0
Mexico,0,1,0.0
Mexico,0,0,0.0
Mexico,0,0,0.0
Mexico,0,1,0.0
Mexico,0,1,0.0
Mexico,0,0,0.0
Mexico,0,1,0.0
Mexico,0,0,25.66232458081773
Mexico,0,1,0.0
Mexico,0,1,0.0
Mexico,0,1,0.0
Mexico,0,1,0.0
Mexico,0,0,0.0
Mexico,0,1,0.0
Mexico,0,1,0.0
Mexico,0,1,0.0
Mexico,0,1,0.0
Mexico,0,1,0.0
Mexico,0,1,0.0
Mexico,0,1,61.589578993962554
Mexico,0,0,174.50380714956057
Mexico,0,1,51.32464916163546
Mexico,0,0,0.0
Mexico,0,1,0.0
Mexico,0,0,0.0
Mexico,0,0,0.0
Mexico,0,0,0.0
Mexico,0,0,0.0
Mexico,0,0,0.0
Mexico,0,1,0.0
Mexico,0,1,0.0
Mexico,0,1,0.0
Mexico,0,1,0.0
Mexico,0,0,0.0
Mexico,0,0,0.0
Mexico,0,1,12.31791579879251
Mexico,0,0,0.0
Mexico,0,1,10.264929832327093
Mexico,0,1,0.0
Mexico,0,1,102.64929832327093
Mexico,0,0,0.0
Mexico,0,1,0.0
Mexico,0,1,0.0
Mexico,0,1,0.0
Mexico,0,1,102.64929832327093
Mexico,0,1,0.0
Mexico,0,1,71.85450882628965
Mexico,0,1,0.0
Mexico,0,0,0.0
Mexico,0,0,0.0
Mexico,0,0,0.0
Mexico,0,0,0.0
Mexico,0,0,0.0
Mexico,0,1,0.0
Mexico,0,0,0.0
Mexico,0,1,0.0
Mexico,0,1,10.264929832327093
Mexico,0,0,-123.17915798792511
Mexico,0,1,0.0
Mexico,0,1,0.0
Mexico,0,0,0.0
Mexico,0,1,0.0
Mexico,0,1,0.0
Mexico,0,0,102.64929832327093
Mexico,0,1,0.0
Mexico,0,0,0.0
Mexico,0,0,0.0
Mexico,0,0,143.7090176525793
Mexico,0,0,0.0
Mexico,0,0,0.0
Mexico,0,0,20.529859664654186
Mexico,0,1,0.0
Mexico,0,1,-4105.971932930837
Mexico,0,1,0.0
Mexico,0,1,0.0
Mexico,0,1,0.0
Mexico,0,1,0.0
Mexico,0,1,-205.29859664654185
Mexico,0,1,0.0
Mexico,0,1,0.0
Mexico,0,0,0.0
Mexico,0,0,0.0
Mexico,0,0,0.0
Mexico,0,0,0.0
Mexico,0,0,0.0
Mexico,0,1,-153.97394748490638
Mexico,0,0,0.0
Mexico,0,1,0.0
Mexico,0,0,-543.8359825166893
Mexico,0,1,0.0
Mexico,0,1,0.0
Mexico,0,0,0.0
Mexico,0,0,0.0
Mexico,0,1,0.0
Mexico,0,0,0.0
Mexico,0,0,0.0
Mexico,0,0,0.0
Mexico,0,0,0.0
Mexico,0,0,30.794789496981277
Mexico,0,1,0.0
Mexico,0,1,431.1270529577379
Mexico,0,1,0.0
Mexico,0,0,307.94789496981275
Mexico,0,1,0.0
Mexico,0,0,0.0
Mexico,0,1,0.0
Mexico,0,1,0.0
Mexico,0,1,0.0
Mexico,0,0,0.0
Mexico,0,1,0.0
Mexico,0,1,0.0
Mexico,0,0,0.0
Mexico,0,1,0.0
Mexico,0,1,0.0
Mexico,0,0,36.95374739637753
Mexico,0,0,0.0
Mexico,0,1,0.0
Mexico,0,1,0.0
Mexico,0,1,0.0
Mexico,0,0,-1026.4929832327093
Mexico,0,0,0.0
Mexico,0,0,6.158957899396255
Mexico,0,0,0.0
Mexico,0,0,0.0
Mexico,0,0,7.185450882628965
Mexico,0,0,0.0
Mexico,0,1,0.0
Mexico,0,1,0.0
Mexico,0,1,0.0
Mexico,0,1,0.0
Mexico,0,1,0.0
Mexico,0,1,0.0
Mexico,0,0,0.0
Mexico,0,0,82.11943865861674
Mexico,0,0,0.0
Mexico,0,0,0.0
Mexico,0,0,51.32464916163546
Mexico,0,1,0.0
Mexico,0,1,0.0
Mexico,0,0,0.0
Mexico,0,0,0.0
Mexico,0,0,0.0
Mexico,0,0,0.0
Mexico,0,1,0.0
Mexico,0,0,0.0
Mexico,0,1,0.0
Mexico,0,0,0.0
Mexico,0,0,61.589578993962554
Mexico,0,1,0.0
Mexico,0,0,0.0
Mexico,0,0,0.0
Mexico,0,0,0.0
Mexico,0,0,0.0
Mexico,0,1,0.0
Mexico,0,0,0.0
Mexico,0,1,0.0
Mexico,0,1,0.0
Mexico,0,1,0.0
Mexico,0,0,0.0
Mexico,0,1,0.0
Mexico,0,0,0.0
Mexico,0,1,0.0
Mexico,0,1,0.0
Mexico,0,0,821.1943865861674
Mexico,0,0,0.0
Mexico,0,0,0.0
Mexico,0,0,0.0
Mexico,0,1,0.0
Mexico,0,1,0.0
Mexico,0,0,0.0
Mexico,0,1,0.0
Mexico,0,1,0.0
Mexico,0,0,0.0
Mexico,0,0,0.0
Mexico,0,0,0.0
Mexico,0,1,0.0
Mexico,0,0,0.0
Mexico,0,1,231.98741421059228
Mexico,0,0,0.0
Mexico,0,0,0.0
Mexico,0,1,0.0
Mexico,0,0,0.0
Mexico,0,1,0.0
Mexico,0,0,0.0
Mexico,0,1,0.0
Mexico,0,1,410.5971932930837
Mexico,0,1,0.0
Mexico,0,1,0.0
Mexico,0,1,0.0
Mexico,0,1,0.0
Mexico,0,1,0.0
Mexico,0,1,92.38436849094383
Mexico,0,0,71.85450882628965
Mexico,0,0,0.0
Mexico,0,1,0.0
Mexico,0,1,0.0
Mexico,0,0,-102.64929832327093
Mexico,0,1,0.0
Mexico,0,0,205.29859664654185
Mexico,0,1,256.62324580817733
Mexico,0,0,0.0
Mexico,0,1,-102.64929832327093
Mexico,0,0,0.0
Mexico,0,0,123.17915798792511
Mexico,0,0,205.29859664654185
Mexico,0,1,0.0
Mexico,0,0,0.0
Mexico,0,0,0.0
Mexico,0,1,0.0
Mexico,0,1,0.0
Mexico,0,0,0.0
Mexico,0,1,0.0
Mexico,0,1,0.0
Mexico,0,0,0.0
Mexico,0,1,0.0
Mexico,0,0,0.0
Mexico,0,1,0.0
Mexico,0,0,0.0
Mexico,0,1,0.0
Mexico,0,1,20.529859664654186
Mexico,0,1,-17.450380714956058
Mexico,0,0,0.0
Mexico,0,0,0.0
Mexico,0,1,0.0
Mexico,0,0,0.0
Mexico,0,1,0.0
Mexico,0,1,0.0
Mexico,0,0,0.0
Mexico,0,1,0.0
Mexico,0,1,0.0
Mexico,0,0,0.0
Mexico,0,1,0.0
Mexico,0,0,51.32464916163546
Mexico,0,0,0.0
Mexico,0,1,0.0
Mexico,0,0,61.589578993962554
Mexico,0,0,102.64929832327093
Mexico,0,0,0.0
Mexico,0,0,0.0
Mexico,0,1,0.0
Mexico,0,1,-12.31791579879251
Mexico,0,1,105.52347867632251
Mexico,0,0,0.0
Mexico,0,1,0.0
Mexico,0,1,-20.529859664654186
Mexico,0,1,0.0
Mexico,0,1,0.0
Mexico,0,0,0.0
Mexico,0,0,0.0
Mexico,0,0,0.0
Mexico,0,1,0.0
Mexico,0,0,0.0
Mexico,0,0,-13.34440878202522
Mexico,0,0,0.0
Mexico,0,1,0.0
Mexico,0,0,0.0
Mexico,0,0,-410.5971932930837
Mexico,0,1,-153.97394748490638
Mexico,0,0,133.4440878202522
Mexico,0,1,0.0
Mexico,0,1,0.0
Mexico,0,0,-10.264929832327093
Mexico,0,1,0.0
Mexico,0,0,0.0
Mexico,0,1,0.0
Mexico,0,1,0.0
Mexico,0,0,431.1270529577379
Mexico,0,1,0.0
Mexico,0,0,-718.5450882628965
Mexico,0,0,0.0
Mexico,0,0,0.0
Mexico,0,0,0.0
Mexico,0,1,0.0
Mexico,0,0,0.0
Mexico,0,0,0.0
Mexico,0,0,0.0
Mexico,0,1,0.0
Mexico,0,0,153.97394748490638
Mexico,0,0,0.0
Mexico,0,0,0.0
Mexico,0,0,133.4440878202522
Mexico,0,0,0.0
Mexico,0,1,0.0
Mexico,0,1,0.0
Mexico,0,0,89.3048895412457
Mexico,0,1,102.64929832327093
Mexico,0,0,0.0
Mexico,0,0,20.529859664654186
Mexico,0,0,0.0
Mexico,0,0,0.0
Mexico,0,0,0.0
Mexico,0,1,0.0
Mexico,0,1,0.0
Mexico,0,0,0.0
Mexico,0,1,0.0
Mexico,0,0,0.0
Mexico,0,0,153.97394748490638
Mexico,0,0,0.0
Mexico,0,1,0.0
Mexico,0,0,20.529859664654186
Mexico,0,0,0.0
Mexico,0,1,0.0
Mexico,0,0,0.0
Mexico,0,0,30.794789496981277
Mexico,0,0,-202.2191176968437
Mexico,0,0,0.0
Mexico,0,1,0.0
Mexico,0,0,0.0
Mexico,0,1,0.0
Mexico,0,0,0.0
Mexico,0,1,0.0
Mexico,0,1,0.0
Mexico,0,0,0.0
Mexico,0,0,0.0
Mexico,0,0,0.0
Mexico,0,1,51.32464916163546
Mexico,0,1,71.85450882628965
Mexico,0,1,0.0
Mexico,0,1,0.0
Mexico,0,0,0.0
Mexico,0,0,0.0
Mexico,0,1,0.0
Mexico,0,0,0.0
Mexico,0,1,0.0
Mexico,0,0,0.0
Mexico,0,1,0.0
Mexico,0,1,0.0
Mexico,0,0,0.0
Mexico,0,1,0.0
Mexico,0,1,0.0
Mexico,0,1,0.0
Mexico,0,0,123.17915798792511
Mexico,0,1,0.0
Mexico,0,0,0.0
Mexico,0,1,0.0
Mexico,0,0,0.0
Mexico,0,0,-821.1943865861674
Mexico,0,1,0.0
Mexico,0,0,71.85450882628965
Mexico,0,0,61.589578993962554
Mexico,0,0,0.0
Mexico,0,0,0.0
Mexico,0,0,0.0
Mexico,0,0,0.0
Mexico,0,1,513.2464916163547
Mexico,0,0,0.0
Mexico,0,1,0.0
Mexico,0,1,410.5971932930837
Mexico,0,0,0.0
Mexico,0,0,0.0
Mexico,0,1,0.0
Mexico,0,0,0.0
Mexico,0,1,0.0
Mexico,0,1,0.0
Mexico,0,1,0.0
Mexico,0,1,0.0
Mexico,0,0,0.0
Mexico,0,1,0.0
Mexico,0,0,0.0
Mexico,0,1,0.0
Mexico,0,0,0.0
Mexico,0,0,0.0
Mexico,0,1,0.0
Mexico,0,0,0.0
Mexico,0,0,0.0
Mexico,0,0,0.0
Mexico,0,1,0.0
Mexico,0,0,-82.11943865861674
Mexico,0,1,0.0
Mexico,0,1,51.32464916163546
Mexico,0,0,0.0
Mexico,0,0,-195.03366681421477
Mexico,0,0,0.0
Mexico,0,1,51.32464916163546
Mexico,0,1,0.0
Mexico,0,0,0.0
Mexico,0,0,153.97394748490638
Mexico,0,1,821.1943865861674
Mexico,0,0,-513.2464916163547
Mexico,0,0,0.0
Mexico,0,0,0.0
Mexico,0,1,0.0
Mexico,0,1,0.0
Mexico,0,0,0.0
Mexico,0,1,461.9218424547192
Mexico,0,0,102.64929832327093
Mexico,0,1,0.0
Mexico,0,0,0.0
Mexico,0,0,0.0
Mexico,0,0,0.0
Mexico,0,1,76.98697374245319
Mexico,0,1,-1539.7394748490638
Mexico,0,0,0.0
Mexico,0,0,0.0
Mexico,0,0,0.0
Mexico,0,0,0.0
Mexico,0,1,0.0
Mexico,0,0,0.0
Mexico,0,1,0.0
Mexico,0,1,0.0
Mexico,0,0,102.64929832327093
Mexico,0,1,0.0
Mexico,0,0,0.0
Mexico,0,0,0.0
Mexico,0,1,0.0
Mexico,0,0,0.0
Mexico,0,1,0.0
Mexico,0,0,0.0
Mexico,0,1,0.0
Mexico,0,0,-102.64929832327093
Mexico,0,0,0.0
Mexico,0,1,0.0
Mexico,0,1,41.05971932930837
Mexico,0,0,153.97394748490638
Mexico,0,0,0.0
Mexico,0,1,0.0
Mexico,0,0,123.17915798792511
Mexico,0,0,0.0
Mexico,0,0,0.0
Mexico,0,0,0.0
Mexico,0,0,0.0
Mexico,0,0,0.0
Mexico,0,0,0.0
Mexico,0,1,0.0
Mexico,0,0,0.0
Mexico,0,0,30.794789496981277
Mexico,0,0,0.0
Mexico,0,0,0.0
Mexico,0,0,0.0
Mexico,0,0,0.0
Mexico,0,0,0.0
Mexico,0,0,0.0
Mexico,0,1,0.0
Mexico,0,1,0.0
Mexico,0,1,0.0
Mexico,0,1,0.0
Mexico,0,0,0.0
Mexico,0,0,0.0
Mexico,0,1,0.0
Mexico,0,1,153.97394748490638
Mexico,0,0,97.51683340710738
Mexico,0,0,0.0
Mexico,0,1,0.0
Mexico,0,0,0.0
Mexico,0,0,246.35831597585022
Mexico,0,1,0.0
Mexico,0,0,0.0
Mexico,0,1,91.35787550771113
Mexico,0,1,0.0
Mexico,0,0,0.0
Mexico,0,0,0.0
Mexico,0,0,0.0
Mexico,0,1,-10.264929832327093
Mexico,0,0,0.0
Mexico,0,1,0.0
Mexico,0,1,0.0
Mexico,0,1,92.38436849094383
Mexico,0,0,0.0
Mexico,0,1,0.0
Mexico,0,0,0.0
Mexico,0,1,0.0
Mexico,0,1,0.0
Mexico,0,0,0.0
Mexico,0,1,0.0
Mexico,0,1,61.589578993962554
Mexico,0,1,0.0
Mexico,0,1,0.0
Mexico,0,0,30.794789496981277
Mexico,0,1,0.0
Mexico,0,1,-153.97394748490638
Mexico,0,0,0.0
Mexico,0,1,0.0
Mexico,0,1,0.0
Mexico,0,0,0.0
Mexico,0,1,-61.589578993962554
Mexico,0,1,0.0
Mexico,0,0,41.05971932930837
Mexico,0,0,0.0
Mexico,0,0,0.0
Mexico,0,0,0.0
Mexico,0,1,123.17915798792511
Mexico,0,0,0.0
Mexico,0,0,0.0
Mexico,0,0,0.0
Mexico,0,0,0.0
Mexico,0,0,0.0
Mexico,0,1,0.0
Mexico,0,1,0.0
Mexico,0,0,0.0
Mexico,0,0,0.0
Mexico,0,0,0.0
Mexico,0,1,0.0
Mexico,0,1,0.0
Mexico,0,1,0.0
Mexico,0,0,5.1324649161635465
Mexico,0,0,153.97394748490638
Mexico,0,0,0.0
Mexico,0,0,123.17915798792511
Mexico,0,1,0.0
Mexico,0,1,0.0
Mexico,0,1,0.0
Mexico,0,0,0.0
Mexico,0,0,0.0
Mexico,0,1,0.0
Mexico,0,0,0.0
Mexico,0,0,0.0
Mexico,0,0,0.0
Mexico,0,0,-1847.6873698188767
Mexico,0,1,0.0
Mexico,0,1,0.0
Mexico,0,1,0.0
Mexico,0,0,82.11943865861674
Mexico,0,1,0.0
Mexico,0,0,0.0
Mexico,0,0,0.0
Mexico,0,1,0.0
Mexico,0,1,0.0
Mexico,0,1,0.0
Mexico,0,0,0.0
Mexico,0,1,0.0
Mexico,0,0,0.0
Mexico,0,1,0.0
Mexico,0,1,-1026.4929832327093
Mexico,0,1,82.11943865861674
Mexico,0,1,0.0
Mexico,0,1,0.0
Mexico,0,0,51.32464916163546
Mexico,0,0,0.0
Mexico,0,0,0.0
Mexico,0,1,0.0
Mexico,0,1,0.0
Mexico,0,1,0.0
Mexico,0,1,0.0
Mexico,0,0,0.0
Mexico,0,0,0.0
Mexico,0,0,0.0
Mexico,0,1,0.0
Mexico,0,1,174.50380714956057
Mexico,0,1,0.0
Mexico,0,1,-205.29859664654185
Mexico,0,1,0.0
Mexico,0,1,0.0
Mexico,0,1,0.0
Mexico,0,1,0.0
Mexico,0,1,0.0
Mexico,0,0,0.0
Mexico,0,1,0.0
Mexico,0,1,0.0
Mexico,0,1,0.0
Mexico,0,1,0.0
Mexico,0,0,0.0
Mexico,0,1,0.0
Mexico,0,1,0.0
Mexico,0,0,0.0
Mexico,0,1,0.0
Mexico,0,1,-71.85450882628965
Mexico,0,0,30.794789496981277
Mexico,0,0,0.0
Mexico,0,1,0.0
Mexico,0,0,117.02020008852885
Mexico,0,0,0.0
Mexico,0,0,0.0
Mexico,0,1,0.0
Mexico,0,0,0.0
Mexico,0,0,0.0
Mexico,0,1,0.0
Mexico,0,1,0.0
Mexico,0,1,0.0
Mexico,0,0,0.0
Mexico,0,1,0.0
Mexico,0,0,0.0
Mexico,0,1,0.0
Mexico,0,1,0.0
Mexico,0,1,143.7090176525793
Mexico,0,0,195.03366681421477
Mexico,0,1,0.0
Mexico,0,1,0.0
Mexico,0,0,0.0
Mexico,0,1,0.0
Mexico,0,1,37.980240379610244
Mexico,0,1,0.0
Mexico,0,1,0.0
Mexico,0,0,61.589578993962554
Mexico,0,1,0.0
Mexico,0,1,0.0
Mexico,0,1,0.0
Mexico,0,0,77.294921637423
Mexico,0,1,0.0
Mexico,0,1,0.0
Mexico,0,0,0.0
Mexico,0,0,0.0
Mexico,0,1,0.0
Mexico,0,0,0.0
Mexico,0,1,0.0
Mexico,0,1,0.0
Mexico,0,1,0.0
Mexico,0,0,-153.97394748490638
Mexico,0,0,0.0
Mexico,0,1,0.0
Mexico,0,0,0.0
Mexico,0,1,0.0
Mexico,0,1,0.0
Mexico,0,1,0.0
Mexico,0,1,0.0
Mexico,0,1,0.0
Mexico,0,0,30.794789496981277
Mexico,0,0,0.0
Mexico,0,0,0.0
Mexico,0,1,51.32464916163546
Mexico,0,1,0.0
Mexico,0,0,0.0
Mexico,0,0,-71.85450882628965
Mexico,0,0,0.0
Mexico,0,0,513.2464916163547
Mexico,0,0,0.0
Mexico,0,1,-153.97394748490638
Mexico,0,1,0.0
Mexico,0,0,0.0
Mexico,0,0,0.0
Mexico,0,0,0.0
Mexico,0,1,0.0
Mexico,0,0,102.64929832327093
Mexico,0,1,307.94789496981275
Mexico,0,0,0.0
Mexico,0,0,0.0
Mexico,0,1,0.0
Mexico,0,1,0.0
Mexico,0,0,0.0
Mexico,0,0,0.0
Mexico,0,0,0.0
Mexico,0,0,0.0
Mexico,0,0,0.0
Mexico,0,1,0.0
Mexico,0,1,0.0
Mexico,0,0,0.0
Mexico,0,0,0.0
Mexico,0,1,0.0
Mexico,0,1,0.0
Mexico,0,0,0.0
Mexico,0,1,0.0
Mexico,0,0,0.0
Mexico,0,0,0.0
Mexico,0,0,0.0
Mexico,0,1,0.0
Mexico,0,0,0.0
Mexico,0,1,0.0
Mexico,0,0,0.0
Mexico,0,0,123.17915798792511
Mexico,0,0,55.122673199596484
Mexico,0,1,0.0
Mexico,0,1,0.0
Mexico,0,0,0.0
Mexico,0,1,0.0
Mexico,0,0,0.0
Mexico,0,0,46.192184245471914
Mexico,0,1,0.0
Mexico,0,1,0.0
Mexico,0,1,0.0
Mexico,0,1,0.0
Mexico,0,0,215.56352647886894
Mexico,0,1,0.0
Mexico,0,0,0.0
Mexico,0,1,-6.158957899396255
Mexico,0,1,0.0
Mexico,0,1,0.0
Mexico,0,1,0.0
Mexico,0,1,-49.37431249349331
Mexico,0,0,0.0
Mexico,0,1,0.0
Mexico,0,0,0.0
Mexico,0,1,0.0
Mexico,0,1,410.5971932930837
Mexico,0,1,61.589578993962554
Mexico,0,0,0.0
Mexico,0,0,0.0
Mexico,0,0,0.0
Mexico,0,0,0.0
Mexico,0,1,0.0
Mexico,0,1,0.0
Mexico,0,0,0.0
Mexico,0,0,0.0
Mexico,0,1,25.66232458081773
Mexico,0,1,0.0
Mexico,0,0,0.0
Mexico,0,0,0.0
Mexico,0,0,0.0
Mexico,0,1,0.0
Mexico,0,0,0.0
Mexico,0,1,0.0
Mexico,0,1,0.0
Mexico,0,0,0.0
Mexico,0,1,0.0
Mexico,0,1,0.0
Mexico,0,1,0.0
Mexico,0,0,-123.17915798792511
Mexico,0,0,0.0
Mexico,0,1,0.0
Mexico,0,1,0.0
Mexico,0,1,0.0
Mexico,0,0,0.0
Mexico,0,1,0.0
Mexico,0,0,0.0
Mexico,0,0,-821.1943865861674
Mexico,0,0,-82.11943865861674
Mexico,0,0,0.0
Mexico,0,0,0.0
Mexico,0,1,0.0
Mexico,0,1,0.0
Mexico,0,0,0.0
Mexico,0,0,0.0
Mexico,0,1,102.64929832327093
Mexico,0,0,0.0
Mexico,0,0,0.0
Mexico,0,0,0.0
Mexico,0,0,0.0
Mexico,0,0,102.64929832327093
Mexico,0,1,0.0
Mexico,0,0,25.66232458081773
Mexico,0,0,0.0
Mexico,0,1,0.0
Mexico,0,1,107.78176323943447
Mexico,0,1,0.0
Mexico,0,1,0.0
Mexico,0,1,153.97394748490638
Mexico,0,1,0.0
Mexico,0,0,0.0
Mexico,0,0,0.0
Mexico,0,0,0.0
Mexico,0,1,0.0
Mexico,0,1,0.0
Mexico,0,0,0.0
Mexico,0,1,0.0
Mexico,0,1,0.0
Mexico,0,1,0.0
Mexico,0,0,-65.69555092689339
Mexico,0,0,0.0
Mexico,0,0,0.0
Mexico,0,0,0.0
Mexico,0,1,0.0
Mexico,0,0,0.0
Mexico,0,1,0.0
Mexico,0,1,0.0
Mexico,0,0,0.0
Mexico,0,0,0.0
Mexico,0,0,153.97394748490638
Mexico,0,1,0.0
Mexico,0,1,0.0
Mexico,0,0,24.63583159758502
Mexico,0,1,0.0
Mexico,0,0,0.0
Mexico,0,0,0.0
Mexico,0,0,0.0
Mexico,0,1,0.0
Mexico,0,1,0.0
Mexico,0,0,0.0
Mexico,0,1,0.0
Mexico,0,0,0.0
Mexico,0,1,0.0
Mexico,0,0,0.0
Mexico,0,0,0.0
Mexico,0,1,0.0
Mexico,0,1,0.0
Mexico,0,1,0.0
Mexico,0,1,0.0
Mexico,0,0,0.0
Mexico,0,0,0.0
Mexico,0,1,20.529859664654186
Mexico,0,1,0.0
Mexico,0,0,0.0
Mexico,0,1,0.0
Mexico,0,0,-46.192184245471914
Mexico,0,1,0.0
Mexico,0,0,0.0
Mexico,0,1,0.0
Mexico,0,1,0.0
Mexico,0,0,0.0
Mexico,0,1,0.0
Mexico,0,1,0.0
Mexico,0,1,0.0
Mexico,0,0,0.0
Mexico,0,0,0.0
Mexico,0,0,-41.05971932930837
Mexico,0,1,-51.32464916163546
Mexico,0,0,114.55661692877035
Mexico,0,1,0.0
Mexico,0,0,0.0
Mexico,0,0,0.0
Mexico,0,0,0.0
Mexico,0,1,20.529859664654186
Mexico,0,0,-133.4440878202522
Mexico,0,0,0.0
Mexico,0,0,0.0
Mexico,0,0,0.0
Mexico,0,0,184.76873698188766
Mexico,0,1,0.0
Mexico,0,0,0.0
Mexico,0,1,0.0
Mexico,0,1,0.0
Mexico,0,0,0.0
Mexico,0,1,-307.94789496981275
Mexico,0,0,0.0
Mexico,0,1,0.0
Mexico,0,0,0.0
Mexico,0,1,0.0
Mexico,0,1,0.0
Mexico,0,1,0.0
Mexico,0,0,0.0
Mexico,0,0,0.0
Mexico,0,0,-30.794789496981277
Mexico,0,1,0.0
Mexico,0,1,0.0
Mexico,0,0,0.0
Mexico,0,0,0.0
Mexico,0,0,0.0
Mexico,0,1,0.0
Mexico,0,0,0.0
Mexico,0,1,0.0
Mexico,0,1,0.0
Mexico,0,1,0.0
Mexico,0,1,0.0
Mexico,0,0,0.0
Mexico,0,0,0.0
Mexico,0,0,0.0
Mexico,0,0,0.0
Mexico,0,0,17.450380714956058
Mexico,0,1,0.0
Mexico,0,1,0.0
Mexico,0,0,0.0
Mexico,0,0,0.0
Mexico,0,1,0.0
Mexico,0,0,0.0
Mexico,0,0,0.0
Mexico,0,1,0.0
Mexico,0,0,0.0
Mexico,0,1,0.0
Mexico,0,0,0.0
Mexico,0,0,138.57655273641575
Mexico,0,1,0.0
Mexico,0,1,0.0
Mexico,0,1,0.0
Mexico,0,0,0.0
Mexico,0,1,0.0
Mexico,0,1,0.0
Mexico,0,1,0.0
Mexico,0,1,0.0
Mexico,0,0,0.0
Mexico,0,1,0.0
Mexico,0,1,0.0
Mexico,0,0,112.91422815559801
Mexico,0,0,5.1324649161635465
Mexico,0,1,0.0
Mexico,0,1,153.97394748490638
Mexico,0,0,-71.85450882628965
Mexico,0,0,0.0
Mexico,0,0,164.2388773172335
Mexico,0,1,102.64929832327093
Mexico,0,0,0.0
Mexico,0,1,0.0
Mexico,0,1,0.0
Mexico,0,1,0.0
Mexico,0,0,0.0
Mexico,0,1,0.0
Mexico,0,0,-30.794789496981277
Mexico,0,1,153.97394748490638
Mexico,0,0,0.0
Mexico,0,1,0.0
Mexico,0,0,0.0
Mexico,0,0,0.0
Mexico,0,0,0.0
Mexico,0,1,0.0
Mexico,0,1,0.0
Mexico,0,0,0.0
Mexico,0,0,0.0
Mexico,0,0,0.0
Mexico,0,0,0.0
Mexico,0,1,4824.517021193734
Mexico,0,0,0.0
Mexico,0,0,0.0
Mexico,0,0,0.0
Mexico,0,1,0.0
Mexico,0,1,0.0
Mexico,0,0,0.0
Mexico,0,1,102.64929832327093
Mexico,0,0,0.0
Mexico,0,0,0.0
Mexico,0,1,0.0
Mexico,0,0,-153.97394748490638
Mexico,0,1,0.0
Mexico,0,0,0.0
Mexico,0,0,0.0
Mexico,0,1,133.4440878202522
Mexico,0,0,0.0
Mexico,0,0,0.0
Mexico,0,1,0.0
Mexico,0,1,0.0
Mexico,0,0,0.0
Mexico,0,1,0.0
Mexico,0,0,0.0
Mexico,0,1,-20.529859664654186
Mexico,0,1,0.0
Mexico,0,0,0.0
Mexico,0,1,0.0
Mexico,0,1,0.0
Mexico,0,1,0.0
Mexico,0,1,0.0
Mexico,0,1,244.3053300093848
Mexico,0,1,0.0
Mexico,0,0,0.0
Mexico,0,1,0.0
Mexico,0,0,0.0
Mexico,0,1,0.0
Mexico,0,0,0.0
Mexico,0,1,0.0
Mexico,0,0,15.397394748490639
Mexico,0,0,0.0
Mexico,0,1,0.0
Mexico,0,0,51.32464916163546
Mexico,0,1,0.0
Mexico,0,0,0.0
Mexico,0,0,0.0
Mexico,0,1,0.0
Mexico,0,0,0.0
Mexico,0,1,0.0
Mexico,0,1,0.0
Mexico,0,1,0.0
Mexico,0,0,0.0
Mexico,0,0,-102.64929832327093
Mexico,0,0,0.0
Mexico,0,1,0.0
Mexico,0,1,0.0
Mexico,0,1,103.26519411321055
Mexico,0,1,0.0
Mexico,0,1,0.0
Mexico,0,0,0.0
Mexico,0,0,92.38436849094383
Mexico,0,1,0.0
Mexico,0,1,0.0
Mexico,0,1,0.0
Mexico,0,1,82.11943865861674
Mexico,0,0,73.90749479275506
Mexico,0,0,30.794789496981277
Mexico,0,1,0.0
Mexico,0,0,0.0
Mexico,0,1,0.0
Mexico,0,1,0.0
Mexico,0,1,0.0
Mexico,0,1,0.0
Mexico,0,1,0.0
Mexico,0,1,0.0
Mexico,0,1,0.0
Mexico,0,1,0.0
Mexico,0,0,0.0
Mexico,0,0,0.0
Mexico,0,0,0.0
Mexico,0,1,0.0
Mexico,0,0,0.0
Mexico,0,0,0.0
Mexico,0,1,0.0
Mexico,0,0,133.4440878202522
Mexico,0,1,92.38436849094383
Mexico,0,1,0.0
Mexico,0,1,0.0
Mexico,0,0,0.0
Mexico,0,0,0.0
Mexico,0,0,0.0
Mexico,0,1,0.0
Mexico,0,0,1539.7394748490638
Mexico,0,1,0.0
Mexico,0,1,0.0
Mexico,0,0,0.0
Mexico,0,1,102.64929832327093
Mexico,0,0,0.0
Mexico,0,1,0.0
Mexico,0,1,0.0
Mexico,0,0,0.0
Mexico,0,0,0.0
Mexico,0,1,51.32464916163546
Mexico,0,0,0.0
Mexico,0,1,0.0
Mexico,0,1,0.0
Mexico,0,0,0.0
Mexico,0,0,0.0
Mexico,0,1,0.0
Mexico,0,0,0.0
Mexico,0,1,0.0
Mexico,0,1,0.0
Mexico,0,0,0.0
Mexico,0,0,0.0
Mexico,0,0,0.0
Mexico,0,1,0.0
Mexico,0,1,17.450380714956058
Mexico,0,1,0.0
Mexico,0,0,-82.11943865861674
Mexico,0,1,0.0
Mexico,0,1,0.0
Mexico,0,1,0.0
Mexico,0,0,0.0
Mexico,0,1,71.85450882628965
Mexico,0,1,0.0
Mexico,0,0,0.0
Mexico,0,1,0.0
Mexico,0,0,-102.64929832327093
Mexico,0,0,0.0
Mexico,0,1,0.0
Mexico,0,1,0.0
Mexico,0,0,61.589578993962554
Mexico,0,1,0.0
Mexico,0,1,0.0
Mexico,0,0,0.0
Mexico,0,1,0.0
Mexico,0,1,0.0
Mexico,0,1,0.0
Mexico,0,1,0.0
Mexico,0,0,0.0
Mexico,0,1,0.0
Mexico,0,1,-718.5450882628965
Mexico,0,0,61.589578993962554
Mexico,0,1,0.0
Mexico,0,0,0.0
Mexico,0,1,0.0
Mexico,0,1,0.0
Mexico,0,0,0.0
Mexico,0,0,0.0
Mexico,0,1,0.0
Mexico,0,0,0.0
Mexico,0,1,0.0
Mexico,0,1,0.0
Mexico,0,0,-82.11943865861674
Mexico,0,1,0.0
Mexico,0,0,0.0
Mexico,0,0,-51.32464916163546
Mexico,0,1,153.97394748490638
Mexico,0,1,2360.9338614352314
Mexico,0,1,153.97394748490638
Mexico,0,1,0.0
Mexico,0,0,0.0
Mexico,0,1,0.0
Mexico,0,0,0.0
Mexico,0,1,0.0
Mexico,0,0,0.0
Mexico,0,0,0.0
Mexico,0,1,0.0
Mexico,0,0,0.0
Mexico,0,0,0.0
Mexico,0,1,0.0
Mexico,0,0,0.0
Mexico,0,0,0.0
Mexico,0,1,0.0
Mexico,0,1,0.0
Mexico,0,0,0.0
Mexico,0,1,41.05971932930837
Mexico,0,1,0.0
Mexico,0,1,0.0
Mexico,0,0,0.0
Mexico,0,0,0.0
Mexico,0,1,0.0
Mexico,0,0,0.0
Mexico,0,0,0.0
Mexico,0,0,0.0
Mexico,0,1,0.0
Mexico,0,1,-51.32464916163546
Mexico,0,1,0.0
Mexico,0,0,0.0
Mexico,0,0,174.50380714956057
Mexico,0,0,0.0
Mexico,0,1,102.64929832327093
Mexico,0,0,0.0
Mexico,0,0,0.0
Mexico,0,0,0.0
Mexico,0,1,0.0
Mexico,0,0,0.0
Mexico,0,0,0.0
Mexico,0,1,0.0
Mexico,0,1,0.0
Mexico,0,1,41.05971932930837
Mexico,0,0,-51.32464916163546
Mexico,0,1,0.0
Mexico,0,1,71.85450882628965
Mexico,0,1,0.0
Mexico,0,0,0.0
Mexico,0,1,82.11943865861674
Mexico,0,0,0.0
Mexico,0,1,0.0
Mexico,0,0,0.0
Mexico,0,0,0.0
Mexico,0,1,0.0
Mexico,0,0,41.05971932930837
Mexico,0,1,0.0
Mexico,0,1,0.0
Mexico,0,1,0.0
Mexico,0,0,0.0
Mexico,0,0,0.0
Mexico,0,0,205.29859664654185
Mexico,0,0,0.0
Mexico,0,0,0.0
Mexico,0,1,1847.6873698188767
Mexico,0,1,0.0
Mexico,0,0,0.0
Mexico,0,0,0.0
Mexico,0,1,0.0
Mexico,0,1,0.0
Mexico,0,1,0.0
Mexico,0,0,0.0
Mexico,0,0,0.0
Mexico,0,1,0.0
Mexico,0,1,174.50380714956057
Mexico,0,1,0.0
Mexico,0,1,0.0
Mexico,0,0,153.97394748490638
Mexico,0,0,0.0
Mexico,0,1,0.0
Mexico,0,0,61.589578993962554
Mexico,0,1,0.0
Mexico,0,0,0.0
Mexico,0,1,0.0
Mexico,0,1,0.0
Mexico,0,1,0.0
Mexico,0,1,0.0
Mexico,0,1,0.0
Mexico,0,1,0.0
Mexico,0,1,0.0
Mexico,0,0,82.11943865861674
Mexico,0,0,0.0
Mexico,0,1,0.0
Mexico,0,1,0.0
Mexico,0,1,0.0
Mexico,0,1,0.0
Mexico,0,1,359.2725441314482
Mexico,0,0,0.0
Mexico,0,1,0.0
Mexico,0,1,513.2464916163547
Mexico,0,0,0.0
Mexico,0,0,0.0
Mexico,0,0,0.0
Mexico,0,1,51.32464916163546
Mexico,0,0,0.0
Mexico,0,0,0.0
Mexico,0,1,0.0
Mexico,0,0,0.0
Mexico,0,1,-10.264929832327093
Mexico,0,0,0.0
Mexico,0,1,123.17915798792511
Mexico,0,0,30.794789496981277
Mexico,0,0,177.5832860992587
Mexico,0,0,30.794789496981277
Mexico,0,0,92.38436849094383
Mexico,0,1,-102.64929832327093
Mexico,0,1,0.0
Mexico,0,0,0.0
Mexico,0,0,0.0
Mexico,0,1,0.0
Mexico,0,0,0.0
Mexico,0,1,0.0
Mexico,0,0,0.0
Mexico,0,0,0.0
Mexico,0,1,0.0
Mexico,0,1,0.0
Mexico,0,1,0.0
Mexico,0,1,0.0
Mexico,0,0,0.0
Mexico,0,1,0.0
Mexico,0,1,119.07318605499427
Mexico,0,0,0.0
Mexico,0,0,0.0
Mexico,0,0,0.0
Mexico,0,1,307.94789496981275
Mexico,0,0,0.0
Mexico,0,1,0.0
Mexico,0,0,0.0
Mexico,0,1,46.192184245471914
Mexico,0,1,0.0
Mexico,0,0,0.0
Mexico,0,0,0.0
Mexico,0,1,0.0
Mexico,0,0,0.0
Mexico,0,1,0.0
Mexico,0,0,0.0
Mexico,0,1,0.0
Mexico,0,0,0.0
Mexico,0,0,0.0
Mexico,0,0,0.0
Mexico,0,1,0.0
Mexico,0,1,0.0
Mexico,0,0,0.0
Mexico,0,1,0.0
Mexico,0,0,0.0
Mexico,0,1,287.4180353051586
Mexico,0,0,0.0
Mexico,0,1,0.0
Mexico,0,1,1539.7394748490638
Mexico,0,0,0.0
Mexico,0,1,0.0
Mexico,0,0,0.0
Mexico,0,1,0.0
Mexico,0,1,0.0
Mexico,0,0,12.31791579879251
Mexico,0,1,0.0
Mexico,0,0,0.0
Mexico,0,1,0.0
Mexico,0,1,0.0
Mexico,0,1,0.0
Mexico,0,1,0.0
Mexico,0,0,0.0
Mexico,0,1,0.0
Mexico,0,1,0.0
Mexico,0,1,0.0
Mexico,0,1,20.529859664654186
Mexico,0,0,0.0
Mexico,0,1,0.0
Mexico,0,0,0.0
Mexico,0,0,0.0
Mexico,0,0,0.0
Mexico,0,1,0.0
Mexico,0,0,0.0
Mexico,0,0,0.0
Mexico,0,1,0.0
Mexico,0,0,0.0
Mexico,0,1,30.794789496981277
Mexico,0,1,0.0
Mexico,0,1,0.0
Mexico,0,0,0.0
Mexico,0,0,0.0
Mexico,0,1,0.0
Mexico,0,0,0.0
Mexico,0,1,0.0
Mexico,0,0,0.0
Mexico,0,0,0.0
Mexico,0,1,0.0
Mexico,0,1,0.0
Mexico,0,0,0.0
Mexico,0,0,0.0
Mexico,0,1,0.0
Mexico,0,0,0.0
Mexico,0,1,90.22873322615514
Mexico,0,0,-30.794789496981277
Mexico,0,0,0.0
Mexico,0,1,0.0
Mexico,0,0,0.0
Mexico,0,1,0.0
Mexico,0,0,0.0
Mexico,0,0,0.0
Mexico,0,0,0.0
Mexico,0,1,0.0
Mexico,0,0,102.64929832327093
Mexico,0,0,0.0
Mexico,0,1,10.264929832327093
Mexico,0,1,0.0
Mexico,0,1,0.0
Mexico,0,1,0.0
Mexico,0,1,0.0
Mexico,0,1,0.0
Mexico,0,0,544.0412811133359
Mexico,0,1,0.0
Mexico,0,1,0.0
Mexico,0,1,0.0
Mexico,0,0,307.94789496981275
Mexico,0,1,0.0
Mexico,0,1,164.2388773172335
Mexico,0,1,0.0
Mexico,0,0,0.0
Mexico,0,1,0.0
Mexico,0,0,0.0
Mexico,0,1,0.0
Mexico,0,0,0.0
Mexico,0,1,0.0
Mexico,0,0,0.0
Mexico,0,0,0.0
Mexico,0,0,0.0
Mexico,0,0,0.0
Mexico,0,1,0.0
Mexico,0,0,0.0
Mexico,0,1,0.0
Mexico,0,1,0.0
Mexico,0,0,71.85450882628965
Mexico,0,1,0.0
Mexico,0,0,0.0
Mexico,0,1,164.2388773172335
Mexico,0,0,0.0
Mexico,0,0,0.0
Mexico,0,1,0.0
Mexico,0,0,0.0
Mexico,0,1,-20.529859664654186
Mexico,0,0,102.64929832327093
Mexico,0,1,0.0
Mexico,0,1,0.0
Mexico,0,0,123.17915798792511
Mexico,0,0,0.0
Mexico,0,0,0.0
Mexico,0,0,30.794789496981277
Mexico,0,1,-246.35831597585022
Mexico,0,1,0.0
Mexico,0,0,174.50380714956057
Mexico,0,1,0.0
Mexico,0,1,0.0
Mexico,0,1,0.0
Mexico,0,1,0.0
Mexico,0,0,0.0
Mexico,0,1,0.0
Mexico,0,1,0.0
Mexico,0,1,0.0
Mexico,0,1,0.0
Mexico,0,1,0.0
Mexico,0,0,287.4180353051586
Mexico,0,0,-30.794789496981277
Mexico,0,0,0.0
Mexico,0,0,0.0
Mexico,0,0,0.0
Mexico,0,1,0.0
Mexico,0,0,441.39198279006496
Mexico,0,0,0.0
Mexico,0,0,0.0
Mexico,0,0,0.0
Mexico,0,1,0.0
Mexico,0,0,0.0
Mexico,0,0,513.2464916163547
Mexico,0,0,0.0
Mexico,0,1,0.0
Mexico,0,1,41.05971932930837
Mexico,0,0,0.0
Mexico,0,0,0.0
Mexico,0,1,0.0
Mexico,0,0,0.0
Mexico,0,0,0.0
Mexico,0,1,0.0
Mexico,0,0,0.0
Mexico,0,1,0.0
Mexico,0,1,0.0
Mexico,0,0,0.0
Mexico,0,0,0.0
Mexico,0,0,-25.66232458081773
Mexico,0,1,0.0
Mexico,0,1,0.0
Mexico,0,1,0.0
Mexico,0,0,0.0
Mexico,0,0,0.0
Mexico,0,0,0.0
Mexico,0,0,-20.529859664654186
Mexico,0,0,0.0
Mexico,0,0,0.0
Mexico,0,0,0.0
Mexico,0,1,0.0
Mexico,0,0,-20.529859664654186
Mexico,0,0,0.0
Mexico,0,1,0.0
Mexico,0,1,0.0
Mexico,0,0,0.0
Mexico,0,0,0.0
Mexico,0,0,0.0
Mexico,0,0,61.589578993962554
Mexico,0,0,0.0
Mexico,0,1,0.0
Mexico,0,0,0.0
Mexico,0,0,-718.5450882628965
Mexico,0,1,0.0
Mexico,0,0,0.0
Mexico,0,0,0.0
Mexico,0,1,0.0
Mexico,0,1,0.0
Mexico,0,1,112.70892955895147
Mexico,0,0,0.0
Mexico,0,0,0.0
Mexico,0,1,615.8957899396255
Mexico,0,1,0.0
Mexico,0,0,0.0
Mexico,0,1,0.0
Mexico,0,1,0.0
Mexico,0,0,1437.090176525793
Mexico,0,1,0.0
Mexico,0,0,0.0
Mexico,0,0,0.0
Mexico,0,0,0.0
Mexico,0,0,0.0
Mexico,0,1,0.0
Mexico,0,0,0.0
Mexico,0,1,0.0
Mexico,0,0,133.4440878202522
Mexico,0,0,0.0
Mexico,0,0,0.0
Mexico,0,1,0.0
Mexico,0,0,0.0
Mexico,0,1,0.0
Mexico,0,1,0.0
Mexico,0,1,0.0
Mexico,0,1,0.0
Mexico,0,0,-41.05971932930837
Mexico,0,0,0.0
Mexico,0,1,0.0
Mexico,0,1,0.0
Mexico,0,1,0.0
Mexico,0,1,0.0
Mexico,0,0,0.0
Mexico,0,0,0.0
Mexico,0,1,0.0
Mexico,0,1,0.0
Mexico,0,0,0.0
Mexico,0,1,0.0
Mexico,0,0,0.0
Mexico,0,0,0.0
Mexico,0,0,0.0
Mexico,0,0,-143.7090176525793
Mexico,0,1,307.94789496981275
Mexico,0,0,461.9218424547192
Mexico,0,1,0.0
Mexico,0,0,12.31791579879251
Mexico,0,0,1026.4929832327093
Mexico,0,0,-20.529859664654186
Mexico,0,1,0.0
Mexico,0,0,0.0
Mexico,0,1,0.0
Mexico,0,1,0.0
Mexico,0,1,0.0
Mexico,0,0,0.0
Mexico,0,0,0.0
Mexico,0,0,30.794789496981277
Mexico,0,0,0.0
Mexico,0,0,0.0
Mexico,0,0,0.0
Mexico,0,0,153.97394748490638
Mexico,0,0,0.0
Mexico,0,1,0.0
Mexico,0,1,0.0
Mexico,0,1,0.0
Mexico,0,1,307.94789496981275
Mexico,0,1,0.0
Mexico,0,0,20.529859664654186
Mexico,0,0,0.0
Mexico,0,1,585.1010004426442
Mexico,0,1,0.0
Mexico,0,0,0.0
Mexico,0,1,0.0
Mexico,0,1,0.0
Mexico,0,1,205.29859664654185
Mexico,0,1,0.0
Mexico,0,1,-61.589578993962554
Mexico,0,1,0.0
Mexico,0,0,20.529859664654186
Mexico,0,0,0.0
Mexico,0,0,0.0
Mexico,0,1,61.589578993962554
Mexico,0,0,0.0
Mexico,0,0,0.0
Mexico,0,0,0.0
Mexico,0,0,0.0
Mexico,0,0,35.92725441314482
Mexico,0,1,153.97394748490638
Mexico,0,1,718.5450882628965
Mexico,0,1,0.0
Mexico,0,0,0.0
Mexico,0,1,0.0
Mexico,0,1,0.0
Mexico,0,0,51.32464916163546
Mexico,0,1,0.0
Mexico,0,1,0.0
Mexico,0,1,0.0
Mexico,0,0,0.0
Mexico,0,1,0.0
Mexico,0,0,0.0
Mexico,0,1,0.0
Mexico,0,1,0.0
Mexico,0,0,0.0
Mexico,0,0,0.0
Mexico,0,0,0.0
Mexico,0,0,-51.32464916163546
Mexico,0,0,0.0
Mexico,0,0,61.589578993962554
Mexico,0,1,0.0
Mexico,0,0,0.0
Mexico,0,1,0.0
Mexico,0,0,0.0
Mexico,0,0,41.05971932930837
Mexico,0,1,0.0
Mexico,0,1,0.0
Mexico,0,1,0.0
Mexico,0,0,0.0
Mexico,0,0,0.0
Mexico,0,0,0.0
Mexico,0,1,0.0
Mexico,0,1,0.0
Mexico,0,1,102.64929832327093
Mexico,0,0,0.0
Mexico,0,0,0.0
Mexico,0,1,-307.94789496981275
Mexico,0,1,0.0
Mexico,0,0,61.589578993962554
Mexico,0,0,0.0
Mexico,0,0,184.76873698188766
Mexico,0,0,0.0
Mexico,0,0,0.0
Mexico,0,0,0.0
Mexico,0,1,0.0
Mexico,0,1,0.0
Mexico,0,0,-51.32464916163546
Mexico,0,1,0.0
Mexico,0,0,0.0
Mexico,0,0,0.0
Mexico,0,1,0.0
Mexico,0,0,0.0
Mexico,0,1,0.0
Mexico,0,1,0.0
Mexico,0,0,0.0
Mexico,0,1,0.0
Mexico,0,0,0.0
Mexico,0,1,0.0
Mexico,0,0,0.0
Mexico,0,0,153.97394748490638
Mexico,0,0,0.0
Mexico,0,0,0.0
Mexico,0,1,46.192184245471914
Mexico,0,1,0.0
Mexico,0,1,0.0
Mexico,0,1,0.0
Mexico,0,1,0.0
Mexico,0,1,0.0
Mexico,0,0,0.0
Mexico,0,0,205.29859664654185
Mexico,0,0,0.0
Mexico,0,0,51.32464916163546
Mexico,0,1,102.64929832327093
Mexico,0,1,0.0
Mexico,0,1,400.3322634607566
Mexico,0,1,0.0
Mexico,0,1,0.0
Mexico,0,1,115.99370710529614
Mexico,0,0,164.2388773172335
Mexico,0,0,0.0
Mexico,0,1,0.0
Mexico,0,1,51.32464916163546
Mexico,0,1,0.0
Mexico,0,1,0.0
Mexico,0,0,0.0
Mexico,0,1,0.0
Mexico,0,0,0.0
Mexico,0,0,0.0
Mexico,0,1,0.0
Mexico,0,1,0.0
Mexico,0,1,0.0
Mexico,0,1,102.64929832327093
Mexico,0,0,102.64929832327093
Mexico,0,1,0.0
Mexico,0,1,0.0
Mexico,0,0,-102.64929832327093
Mexico,0,0,0.0
Mexico,0,1,0.0
Mexico,0,0,0.0
Mexico,0,1,0.0
Mexico,0,0,0.0
Mexico,0,1,0.0
Mexico,0,1,0.0
Mexico,0,0,0.0
Mexico,0,0,0.0
Mexico,0,1,0.0
Mexico,0,0,0.0
Mexico,0,1,0.0
Mexico,0,1,0.0
Mexico,0,0,0.0
Mexico,0,0,0.0
Mexico,0,0,0.0
Mexico,0,1,0.0
Mexico,0,0,0.0
Mexico,0,0,0.0
Mexico,0,0,0.0
Mexico,0,0,0.0
Mexico,0,1,-205.29859664654185
Mexico,0,0,461.9218424547192
Mexico,0,0,0.0
Mexico,0,1,0.0
Mexico,0,1,0.0
Mexico,0,1,0.0
Mexico,0,0,0.0
Mexico,0,0,0.0
Mexico,0,0,0.0
Mexico,0,0,0.0
Mexico,0,0,328.477754634467
Mexico,0,1,153.97394748490638
Mexico,0,0,0.0
Mexico,0,0,51.32464916163546
Mexico,0,1,0.0
Mexico,0,1,39.00673336284295
Mexico,0,0,0.0
Mexico,0,1,-492.71663195170044
Mexico,0,0,0.0
Mexico,0,1,0.0
Mexico,0,0,0.0
Mexico,0,0,92.38436849094383
Mexico,0,1,0.0
Mexico,0,0,0.0
Mexico,0,0,0.0
Mexico,0,0,0.0
Mexico,0,1,0.0
Mexico,0,0,0.0
Mexico,0,0,0.0
Mexico,0,1,0.0
Mexico,0,1,0.0
Mexico,0,0,82.11943865861674
Mexico,0,0,107.78176323943447
Mexico,0,1,0.0
Mexico,0,0,1396.0304571964846
Mexico,0,1,0.0
Mexico,0,1,0.0
Mexico,0,1,0.0
Mexico,0,1,0.0
Mexico,0,1,0.0
Mexico,0,0,0.0
Mexico,0,0,0.0
Mexico,0,1,0.0
Mexico,0,0,0.0
Mexico,0,1,0.0
Mexico,0,0,0.0
Mexico,0,1,0.0
Mexico,0,1,0.0
Mexico,0,0,0.0
Mexico,0,1,0.0
Mexico,0,0,0.0
Mexico,0,1,0.0
Mexico,0,1,0.0
Mexico,0,0,0.0
Mexico,0,0,0.0
Mexico,0,1,0.0
Mexico,0,0,0.0
Mexico,0,0,0.0
Mexico,0,1,51.32464916163546
Mexico,0,1,0.0
Mexico,0,0,0.0
Mexico,0,1,0.0
Mexico,0,1,0.0
Mexico,0,1,0.0
Mexico,0,1,0.0
Mexico,0,1,0.0
Mexico,0,0,0.0
Mexico,0,1,0.0
Mexico,0,1,0.0
Mexico,0,1,0.0
Mexico,0,0,0.0
Mexico,0,0,0.0
Mexico,0,0,0.0
Mexico,0,1,61.589578993962554
Mexico,0,1,0.0
Mexico,0,1,0.0
Mexico,0,1,0.0
Mexico,0,0,0.0
Mexico,0,0,0.0
Mexico,0,0,0.0
Mexico,0,0,0.0
Mexico,0,0,-205.29859664654185
Mexico,0,1,0.0
Mexico,0,1,0.0
Mexico,0,1,0.0
Mexico,0,0,0.0
Mexico,0,0,0.0
Mexico,0,0,0.0
Mexico,0,0,10.264929832327093
Mexico,0,0,0.0
Mexico,0,1,0.0
Mexico,0,1,0.0
Mexico,0,0,0.0
Mexico,0,1,0.0
Mexico,0,0,0.0
Mexico,0,1,-102.64929832327093
Mexico,0,0,0.0
Mexico,0,1,0.0
Mexico,0,1,0.0
Mexico,0,0,20.529859664654186
Mexico,0,0,0.0
Mexico,0,0,0.0
Mexico,0,0,0.0
Mexico,0,0,0.0
Mexico,0,0,0.0
Mexico,0,0,0.0
Mexico,0,0,0.0
Mexico,0,1,0.0
Mexico,0,1,0.0
Mexico,0,1,0.0
Mexico,0,1,5.1324649161635465
Mexico,0,1,0.0
Mexico,0,1,0.0
Mexico,0,0,0.0
Mexico,0,1,205.29859664654185
Mexico,0,1,0.0
Mexico,0,0,0.0
Mexico,0,0,0.0
Mexico,0,0,0.0
Mexico,0,1,0.0
Mexico,0,0,0.0
Mexico,0,0,0.0
Mexico,0,1,123.17915798792511
Mexico,0,1,0.0
Mexico,0,0,0.0
Mexico,0,0,0.0
Mexico,0,1,0.0
Mexico,0,1,0.0
Mexico,0,0,0.0
Mexico,0,1,0.0
Mexico,0,1,0.0
Mexico,0,0,0.0
Mexico,0,0,0.0
Mexico,0,1,0.0
Mexico,0,1,-30.794789496981277
Mexico,0,0,30.794789496981277
Mexico,0,0,0.0
Mexico,0,1,0.0
Mexico,0,0,0.0
Mexico,0,1,0.0
Mexico,0,0,0.0
Mexico,0,1,0.0
Mexico,0,1,153.97394748490638
Mexico,0,1,0.0
Mexico,0,0,0.0
Mexico,0,1,0.0
Mexico,0,0,0.0
Mexico,0,1,0.0
Mexico,0,0,0.0
Mexico,0,0,0.0
Mexico,0,0,-3.0794789496981276
Mexico,0,0,0.0
Mexico,0,0,0.0
Mexico,0,1,26.68881756405044
Mexico,0,1,307.94789496981275
Mexico,0,0,0.0
Mexico,0,1,0.0
Mexico,0,1,0.0
Mexico,0,0,0.0
Mexico,0,1,0.0
Mexico,0,0,0.0
Mexico,0,1,0.0
Mexico,0,0,0.0
Mexico,0,1,0.0
Mexico,0,1,30.794789496981277
Mexico,0,1,0.0
Mexico,0,1,0.0
Mexico,0,0,-71.85450882628965
Mexico,0,0,0.0
Mexico,0,1,0.0
Mexico,0,1,164.2388773172335
Mexico,0,1,0.0
Mexico,0,1,0.0
Mexico,0,0,0.0
Mexico,0,0,46.192184245471914
Mexico,0,1,17.245082118309515
Mexico,0,0,0.0
Mexico,0,1,0.0
Mexico,0,0,0.0
Mexico,0,1,0.0
Mexico,0,0,0.0
Mexico,0,0,0.0
Mexico,0,0,0.0
Mexico,0,0,0.0
Mexico,0,0,246.35831597585022
Mexico,0,1,0.0
Mexico,0,0,0.0
Mexico,0,1,0.0
Mexico,0,0,0.0
Mexico,0,1,0.0
Mexico,0,0,0.0
Mexico,0,0,0.0
Mexico,0,1,0.0
Mexico,0,1,0.0
Mexico,0,1,0.0
Mexico,0,1,0.0
Mexico,0,1,123.17915798792511
Mexico,0,0,0.0
Mexico,0,1,0.0
Mexico,0,1,0.0
Mexico,0,1,0.0
Mexico,0,1,0.0
Mexico,0,1,0.0
Mexico,0,1,0.0
Mexico,0,1,0.0
Mexico,0,1,441.39198279006496
Mexico,0,0,0.0
Mexico,0,0,0.0
Mexico,0,1,0.0
Mexico,0,1,123.17915798792511
Mexico,0,1,0.0
Mexico,0,1,153.97394748490638
Mexico,0,1,0.0
Mexico,0,0,0.0
Mexico,0,1,0.0
Mexico,0,1,0.0
Mexico,0,0,0.0
Mexico,0,1,0.0
Mexico,0,1,0.0
Mexico,0,1,0.0
Mexico,0,1,0.0
Mexico,0,0,0.0
Mexico,0,0,0.0
Mexico,0,0,0.0
Mexico,0,0,0.0
Mexico,0,1,0.0
Mexico,0,1,71.85450882628965
Mexico,0,0,19.503366681421475
Mexico,0,1,0.0
Mexico,0,0,0.0
Mexico,0,1,0.0
Mexico,0,1,0.0
Mexico,0,1,0.0
Mexico,0,1,0.0
Mexico,0,1,102.64929832327093
Mexico,0,1,-10.264929832327093
Mexico,0,1,0.0
Mexico,0,0,1129.1422815559802
Mexico,0,0,0.0
Mexico,0,1,0.0
Mexico,0,1,0.0
Mexico,0,0,0.0
Mexico,0,1,0.0
Mexico,0,0,0.0
Mexico,0,1,0.0
Mexico,0,0,0.0
Mexico,0,1,0.0
Mexico,0,1,0.0
Mexico,0,0,0.0
Mexico,0,1,0.0
Mexico,0,0,0.0
Mexico,0,0,0.0
Mexico,0,1,0.0
Mexico,0,1,153.97394748490638
Mexico,0,0,0.0
Mexico,0,0,0.0
Mexico,0,0,61.589578993962554
Mexico,0,0,0.0
Mexico,0,1,0.0
Mexico,0,0,0.0
Mexico,0,1,0.0
Mexico,0,1,0.0
Mexico,0,1,0.0
Mexico,0,1,0.0
Mexico,0,0,0.0
Mexico,0,0,0.0
Mexico,0,1,32.847775463446695
Mexico,0,1,0.0
Mexico,0,1,307.94789496981275
Mexico,0,1,0.0
Mexico,0,0,0.0
Mexico,0,1,0.0
Mexico,0,0,184.76873698188766
Mexico,0,0,0.0
Mexico,0,0,0.0
Mexico,0,1,0.0
Mexico,0,1,0.0
Mexico,0,1,51.32464916163546
Mexico,0,0,0.0
Mexico,0,0,0.0
Mexico,0,1,0.0
Mexico,0,1,0.0
Mexico,0,1,0.0
Mexico,0,1,0.0
Mexico,0,1,0.0
Mexico,0,0,0.0
Mexico,0,1,0.0
Mexico,0,0,0.0
Mexico,0,0,82.11943865861674
Mexico,0,0,0.0
Mexico,0,1,0.0
Mexico,0,0,25.66232458081773
Mexico,0,1,82.11943865861674
Mexico,0,1,0.0
Mexico,0,0,0.0
Mexico,0,1,0.0
Mexico,0,1,0.0
Mexico,0,1,0.0
Mexico,0,1,0.0
Mexico,0,1,0.0
Mexico,0,0,0.0
Mexico,0,0,0.0
Mexico,0,0,0.0
Mexico,0,0,0.0
Mexico,0,0,307.94789496981275
Mexico,0,1,0.0
Mexico,0,1,0.0
Mexico,0,1,349.00761429912114
Mexico,0,0,-15.397394748490639
Mexico,0,1,0.0
Mexico,0,1,0.0
Mexico,0,1,0.0
Mexico,0,0,0.0
Mexico,0,0,0.0
Mexico,0,1,153.97394748490638
Mexico,0,1,0.0
Mexico,0,1,0.0
Mexico,0,1,15.705342643460451
Mexico,0,1,0.0
Mexico,0,1,0.0
Mexico,0,0,0.0
Mexico,0,1,102.64929832327093
Mexico,0,0,0.0
Mexico,0,0,0.0
Mexico,0,0,0.0
Mexico,0,0,0.0
Mexico,0,1,0.0
Mexico,0,0,0.0
Mexico,0,0,0.0
Mexico,0,0,0.0
Mexico,0,1,0.0
Mexico,0,1,-51.32464916163546
Mexico,0,0,0.0
Mexico,0,0,0.0
Mexico,0,1,0.0
Mexico,0,1,0.0
Mexico,0,1,0.0
Mexico,0,1,0.0
Mexico,0,0,975.1683340710738
Mexico,0,1,0.0
Mexico,0,1,0.0
Mexico,0,0,0.0
Mexico,0,1,0.0
Mexico,0,1,-102.64929832327093
Mexico,0,0,0.0
Mexico,0,0,0.0
Mexico,0,0,0.0
Mexico,0,1,0.0
Mexico,0,1,0.0
Mexico,0,0,0.0
Mexico,0,1,0.0
Mexico,0,0,0.0
Mexico,0,0,51.32464916163546
Mexico,0,0,0.0
Mexico,0,1,0.0
Mexico,0,0,0.0
Mexico,0,1,0.0
Mexico,0,1,0.0
Mexico,0,0,-10.264929832327093
Mexico,0,1,71.85450882628965
Mexico,0,0,0.0
Mexico,0,1,143.7090176525793
Mexico,0,0,0.0
Mexico,0,0,0.0
Mexico,0,1,0.0
Mexico,0,1,0.0
Mexico,0,1,0.0
Mexico,0,0,0.0
Mexico,0,0,0.0
Mexico,0,0,0.0
Mexico,0,0,0.0
Mexico,0,1,205.29859664654185
Mexico,0,1,0.0
Mexico,0,0,0.0
Mexico,0,1,0.0
Mexico,0,0,0.0
Mexico,0,1,0.0
Mexico,0,0,-30.794789496981277
Mexico,0,1,0.0
Mexico,0,1,0.0
Mexico,0,1,0.0
Mexico,0,1,225.82845631119602
Mexico,0,0,-15.397394748490639
Mexico,0,1,20.529859664654186
Mexico,0,0,0.0
Mexico,0,0,-1539.7394748490638
Mexico,0,0,0.0
Mexico,0,0,0.0
Mexico,0,1,0.0
Mexico,0,0,102.64929832327093
Mexico,0,0,0.0
Mexico,0,1,0.0
Mexico,0,0,0.0
Mexico,0,1,102.64929832327093
Mexico,0,1,0.0
Mexico,0,1,0.0
Mexico,0,0,0.0
Mexico,0,0,0.0
Mexico,0,1,0.0
Mexico,0,1,0.0
Mexico,0,0,0.0
Mexico,0,0,0.0
Mexico,0,0,0.0
Mexico,0,1,0.0
Mexico,0,1,0.0
Mexico,0,1,0.0
Mexico,0,0,0.0
Mexico,0,1,0.0
Mexico,0,1,0.0
Mexico,0,1,0.0
Mexico,0,1,0.0
Mexico,0,0,0.0
Mexico,0,0,0.0
Mexico,0,0,0.0
Mexico,0,1,0.0
Mexico,0,0,0.0
Mexico,0,0,0.0
Mexico,0,0,0.0
Mexico,0,1,0.0
Mexico,0,0,0.0
Mexico,0,0,123.17915798792511
Mexico,0,1,0.0
Mexico,0,1,0.0
Mexico,0,0,0.0
Mexico,0,1,0.0
Mexico,0,1,0.0
Mexico,0,1,0.0
Mexico,0,1,0.0
Mexico,0,1,123.17915798792511
Mexico,0,1,0.0
Mexico,0,1,0.0
Mexico,0,0,0.0
Mexico,0,1,0.0
Mexico,0,1,0.0
Mexico,0,1,0.0
Mexico,0,1,0.0
Mexico,0,0,0.5132464916163546
Mexico,0,1,0.0
Mexico,0,1,61.589578993962554
Mexico,0,1,0.0
Mexico,0,0,0.0
Mexico,0,1,0.0
Mexico,0,0,0.0
Mexico,0,1,102.64929832327093
Mexico,0,0,153.97394748490638
Mexico,0,0,0.0
Mexico,0,1,0.0
Mexico,0,1,0.0
Mexico,0,1,0.0
Mexico,0,0,0.0
Mexico,0,1,0.0
Mexico,0,0,20.529859664654186
Mexico,0,0,51.32464916163546
Mexico,0,0,0.0
Mexico,0,1,0.0
Mexico,0,0,0.0
Mexico,0,0,0.0
Mexico,0,1,0.0
Mexico,0,0,25.66232458081773
Mexico,0,0,0.0
Mexico,0,1,0.0
Mexico,0,1,0.0
Mexico,0,0,0.0
Mexico,0,0,0.0
Mexico,0,1,0.0
Mexico,0,1,0.0
Mexico,0,1,0.0
Mexico,0,0,0.0
Mexico,0,0,0.0
Mexico,0,1,0.0
Mexico,0,0,0.0
Mexico,0,1,0.0
Mexico,0,0,0.0
Mexico,0,0,0.0
Mexico,0,0,15.397394748490639
Mexico,0,0,0.0
Mexico,0,1,-71.85450882628965
Mexico,0,1,0.0
Mexico,0,1,0.0
Mexico,0,1,0.0
Mexico,0,0,0.0
Mexico,0,0,0.0
Mexico,0,1,0.0
Mexico,0,0,0.0
Mexico,0,0,51.32464916163546
Mexico,0,1,0.0
Mexico,0,0,0.0
Mexico,0,0,23.609338614352314
Mexico,0,1,0.0
Mexico,0,1,0.0
Mexico,0,0,0.0
Mexico,0,0,0.0
Mexico,0,0,10.264929832327093
Mexico,0,1,0.0
Mexico,0,0,0.0
Mexico,0,0,0.0
Mexico,0,0,0.0
Mexico,0,0,0.0
Mexico,0,0,0.0
Mexico,0,0,0.0
Mexico,0,0,20.529859664654186
Mexico,0,1,0.0
Mexico,0,1,0.0
Mexico,0,0,0.0
Mexico,0,1,0.0
Mexico,0,1,0.0
Mexico,0,1,0.0
Mexico,0,1,0.0
Mexico,0,1,0.0
Mexico,0,0,0.0
Mexico,0,0,0.0
Mexico,0,0,51.32464916163546
Mexico,0,0,0.0
Mexico,0,0,0.0
Mexico,0,1,0.0
Mexico,0,0,30.794789496981277
Mexico,0,1,0.0
Mexico,0,1,0.0
Mexico,0,1,0.0
Mexico,0,0,0.0
Mexico,0,0,-615.8957899396255
Mexico,0,1,0.0
Mexico,0,1,-82.11943865861674
Mexico,0,1,0.0
Mexico,0,1,0.0
Mexico,0,0,66.7220439101261
Mexico,0,0,0.0
Mexico,0,0,0.0
Mexico,0,1,0.0
Mexico,0,0,513.2464916163547
Mexico,0,0,0.0
Mexico,0,0,0.0
Mexico,0,0,0.0
Mexico,0,1,0.0
Mexico,0,1,0.0
Mexico,0,1,0.0
Mexico,0,0,0.0
Mexico,0,0,0.0
Mexico,0,1,-123.17915798792511
Mexico,0,1,20.529859664654186
Mexico,0,0,0.0
Mexico,0,1,0.0
Mexico,0,0,0.0
Mexico,0,1,0.0
Mexico,0,0,0.0
Mexico,0,1,0.0
Mexico,0,0,0.0
Mexico,0,0,0.0
Mexico,0,1,0.0
Mexico,0,0,0.0
Mexico,0,1,30.794789496981277
Mexico,0,1,0.0
Mexico,0,0,0.0
Mexico,0,0,0.0
Mexico,0,0,-41.05971932930837
Mexico,0,1,0.0
Mexico,0,1,0.0
Mexico,0,1,0.0
Mexico,0,0,0.0
Mexico,0,1,0.0
Mexico,0,1,0.0
Mexico,0,0,-51.32464916163546
Mexico,0,1,0.0
Mexico,0,1,205.29859664654185
Mexico,0,0,0.0
Mexico,0,0,0.0
Mexico,0,1,0.0
Mexico,0,1,0.0
Mexico,0,0,0.0
Mexico,0,1,0.0
Mexico,0,1,82.11943865861674
Mexico,0,0,0.0
Mexico,0,0,0.0
Mexico,0,0,0.0
Mexico,0,0,0.0
Mexico,0,0,0.0
Mexico,0,1,307.94789496981275
Mexico,0,0,0.0
Mexico,0,0,0.0
Mexico,0,1,0.0
Mexico,0,0,0.0
Mexico,0,0,0.0
Mexico,0,1,0.0
Mexico,0,1,0.0
Mexico,0,1,0.0
Mexico,0,0,0.0
Mexico,0,1,0.0
Mexico,0,1,0.0
Mexico,0,1,10.264929832327093
Mexico,0,0,0.0
Mexico,0,1,0.0
Mexico,0,1,0.0
Mexico,0,0,0.0
Mexico,0,1,0.0
Mexico,0,1,0.0
Mexico,0,1,0.0
Mexico,0,1,0.0
Mexico,0,0,0.0
Mexico,0,0,0.0
Mexico,0,1,0.0
Mexico,0,1,0.0
Mexico,0,1,0.0
Mexico,0,1,184.76873698188766
Mexico,0,0,0.0
Mexico,0,0,10.264929832327093
Mexico,0,1,0.0
Mexico,0,0,0.0
Mexico,0,1,0.0
Mexico,0,0,11.291422815559802
Mexico,0,1,0.0
Mexico,0,1,0.0
Mexico,0,0,0.0
Mexico,0,1,0.0
Mexico,0,1,0.0
Mexico,0,0,0.0
Mexico,0,0,0.0
Mexico,0,1,0.0
Mexico,0,0,0.0
Mexico,0,1,123.17915798792511
Mexico,0,0,82.11943865861674
Mexico,0,1,0.0
Mexico,0,0,0.0
Mexico,0,1,0.0
Mexico,0,0,0.0
Mexico,0,1,102.64929832327093
Mexico,0,1,0.0
Mexico,0,0,0.0
Mexico,0,1,0.0
Mexico,0,1,-20.529859664654186
Mexico,0,0,0.0
Mexico,0,0,0.0
Mexico,0,1,0.0
Mexico,0,1,0.0
Mexico,0,0,-5.337763512810088
Mexico,0,0,0.0
Mexico,0,1,184.76873698188766
Mexico,0,1,0.0
Mexico,0,0,307.94789496981275
Mexico,0,0,123.17915798792511
Mexico,0,1,51.32464916163546
Mexico,0,0,0.0
Mexico,0,0,0.0
Mexico,0,1,0.0
Mexico,0,0,0.0
Mexico,0,0,0.0
Mexico,0,0,0.0
Mexico,0,0,0.0
Mexico,0,0,0.0
Mexico,0,1,0.0
Mexico,0,1,0.0
Mexico,0,1,206.5303882264211
Mexico,0,1,0.0
Mexico,0,0,0.0
Mexico,0,1,-51.32464916163546
Mexico,0,1,0.0
Mexico,0,0,0.0
Mexico,0,1,0.0
Mexico,0,1,30.794789496981277
Mexico,0,1,0.0
Mexico,0,1,0.0
Mexico,0,1,0.0
Mexico,0,1,0.0
Mexico,0,1,0.0
Mexico,0,1,0.0
Mexico,0,0,81.09294567538403
Mexico,0,1,0.0
Mexico,0,1,-51.32464916163546
Mexico,0,0,0.0
Mexico,0,1,0.0
Mexico,0,1,0.0
Mexico,0,1,0.0
Mexico,0,1,-615.8957899396255
Mexico,0,1,0.0
Mexico,0,0,0.0
Mexico,0,0,0.0
Mexico,0,1,0.0
Mexico,0,1,92.38436849094383
Mexico,0,0,0.0
Mexico,0,0,0.0
Mexico,0,0,0.0
Mexico,0,0,0.0
Mexico,0,1,0.0
Mexico,0,0,0.0
Mexico,0,1,0.0
Mexico,0,1,51.32464916163546
Mexico,0,0,0.0
Mexico,0,1,0.0
Mexico,0,1,184.76873698188766
Mexico,0,1,20.529859664654186
Mexico,0,1,0.0
Mexico,0,1,0.0
Mexico,0,0,0.0
Mexico,0,1,0.0
Mexico,0,0,0.0
Mexico,0,0,0.0
Mexico,0,1,0.0
Mexico,0,1,0.0
Mexico,0,0,-20.529859664654186
Mexico,0,1,0.0
Mexico,0,1,0.0
Mexico,0,1,-15.397394748490639
Mexico,0,1,0.0
Mexico,0,1,0.0
Mexico,0,1,0.0
Mexico,0,1,225.82845631119602
Mexico,0,0,0.0
Mexico,0,1,0.0
Mexico,0,0,0.0
Mexico,0,1,0.0
Mexico,0,0,0.0
Mexico,0,1,51.32464916163546
Mexico,0,1,-41.05971932930837
Mexico,0,1,0.0
Mexico,0,0,0.0
Mexico,0,0,0.0
Mexico,0,1,0.0
Mexico,0,0,0.0
Mexico,0,1,0.0
Mexico,0,0,0.0
Mexico,0,0,0.0
Mexico,0,1,0.0
Mexico,0,0,513.2464916163547
Mexico,0,0,0.0
Mexico,0,0,0.0
Mexico,0,0,0.0
Mexico,0,1,-205.29859664654185
Mexico,0,1,30.794789496981277
Mexico,0,1,0.0
Mexico,0,0,0.0
Mexico,0,0,0.0
Mexico,0,1,0.0
Mexico,0,1,0.0
Mexico,0,1,24.63583159758502
Mexico,0,0,0.0
Mexico,0,1,0.0
Mexico,0,1,0.0
Mexico,0,1,0.0
Mexico,0,0,0.0
Mexico,0,0,0.0
Mexico,0,0,0.0
Mexico,0,0,0.0
Mexico,0,1,0.0
Mexico,0,0,0.0
Mexico,0,1,0.0
Mexico,0,1,0.0
Mexico,0,1,0.0
Mexico,0,0,-184.76873698188766
Mexico,0,1,0.0
Mexico,0,0,51.32464916163546
Mexico,0,1,0.0
Mexico,0,0,0.0
Mexico,0,1,0.0
Mexico,0,1,102.64929832327093
Mexico,0,0,0.0
Mexico,0,0,0.0
Mexico,0,0,0.0
Mexico,0,1,0.0
Mexico,0,1,51.32464916163546
Mexico,0,1,0.0
Mexico,0,0,0.0
Mexico,0,0,0.0
Mexico,0,1,-51.32464916163546
Mexico,0,1,0.0
Mexico,0,0,0.0
Mexico,0,1,905.5721098078961
Mexico,0,1,0.0
Mexico,0,0,0.0
Mexico,0,0,0.0
Mexico,0,0,0.0
Mexico,0,0,0.0
Mexico,0,1,0.0
Mexico,0,0,0.0
Mexico,0,1,0.0
Mexico,0,0,0.0
Mexico,0,1,0.0
Mexico,0,1,0.0
Mexico,0,0,61.589578993962554
Mexico,0,0,0.0
Mexico,0,1,0.0
Mexico,0,1,0.0
Mexico,0,0,-307.94789496981275
Mexico,0,0,0.0
Mexico,0,0,30.794789496981277
Mexico,0,1,0.0
Mexico,0,0,71.85450882628965
Mexico,0,0,0.0
Mexico,0,1,-71.85450882628965
Mexico,0,1,0.0
Mexico,0,0,0.0
Mexico,0,0,0.0
Mexico,0,0,0.0
Mexico,0,1,0.0
Mexico,0,1,0.0
Mexico,0,1,-51.32464916163546
Mexico,0,0,0.0
Mexico,0,1,246.35831597585022
Mexico,0,0,0.0
Mexico,0,0,0.0
Mexico,0,0,0.0
Mexico,0,1,0.0
Mexico,0,1,0.0
Mexico,0,1,0.0
Mexico,0,0,0.0
Mexico,0,0,0.0
Mexico,0,1,0.0
Mexico,0,1,-18.88747089148185
Mexico,0,0,0.0
Mexico,0,1,0.0
Mexico,0,1,0.0
Mexico,0,0,0.0
Mexico,0,1,143.7090176525793
Mexico,0,1,0.0
Mexico,0,1,326.42476866800155
Mexico,0,0,26.68881756405044
Mexico,0,1,0.0
Mexico,0,0,0.0
Mexico,0,1,0.0
Mexico,0,1,62.61607197719526
Mexico,0,0,0.0
Mexico,0,0,0.0
Mexico,0,1,0.0
Mexico,0,1,0.0
Mexico,0,1,112.91422815559801
Mexico,0,0,102.64929832327093
Mexico,0,0,0.0
Mexico,0,0,0.0
Mexico,0,1,0.0
Mexico,0,1,0.0
Mexico,0,0,2360.9338614352314
Mexico,0,0,0.0
Mexico,0,0,0.0
Mexico,0,1,0.0
Mexico,0,1,0.0
Mexico,0,1,41.05971932930837
Mexico,0,1,0.0
Mexico,0,1,0.0
Mexico,0,0,21.556352647886893
Mexico,0,0,0.0
Mexico,0,0,0.0
Mexico,0,0,292.5505002213221
Mexico,0,1,41.05971932930837
Mexico,0,0,0.0
Mexico,0,1,0.0
Mexico,0,0,10.264929832327093
Mexico,0,0,123.17915798792511
Mexico,0,1,0.0
Mexico,0,1,0.0
Mexico,0,0,0.0
Mexico,0,1,410.5971932930837
Mexico,0,1,0.0
Mexico,0,0,0.0
Mexico,0,1,0.0
Mexico,0,0,0.0
Mexico,0,1,0.0
Mexico,0,0,0.0
Mexico,0,1,0.0
Mexico,0,0,0.0
Mexico,0,1,0.0
Mexico,0,0,0.0
Mexico,0,0,0.0
Mexico,0,0,0.0
Mexico,0,1,0.0
Mexico,0,0,0.0
Mexico,0,1,0.0
Mexico,0,1,0.0
Mexico,0,1,0.0
Mexico,0,1,0.0
Mexico,0,1,0.0
Mexico,0,1,82.11943865861674
Mexico,0,0,0.0
Mexico,0,0,0.0
Mexico,0,0,0.0
Mexico,0,0,61.589578993962554
Mexico,0,0,0.0
Mexico,0,0,0.0
Mexico,0,0,0.0
Mexico,0,0,0.0
Mexico,0,0,0.0
Mexico,0,0,0.0
Mexico,0,0,0.0
Mexico,0,0,0.0
Mexico,0,1,0.0
Mexico,0,1,0.0
Mexico,0,1,15.397394748490639
Mexico,0,0,0.0
Mexico,0,1,0.0
Mexico,0,1,0.0
Mexico,0,1,0.0
Mexico,0,0,0.0
Mexico,0,1,0.0
Mexico,0,0,0.0
Mexico,0,1,0.0
Mexico,0,0,0.0
Mexico,0,1,30.794789496981277
Mexico,0,0,0.0
Mexico,0,0,0.0
Mexico,0,1,0.0
Mexico,0,0,0.0
Mexico,0,1,-307.94789496981275
Mexico,0,1,0.0
Mexico,0,1,0.0
Mexico,0,0,0.0
Mexico,0,0,0.0
Mexico,0,1,0.0
Mexico,0,0,0.0
Mexico,0,0,20.529859664654186
Mexico,0,0,30.794789496981277
Mexico,0,0,0.0
Mexico,0,1,0.0
Mexico,0,0,0.0
Mexico,0,0,0.0
Mexico,0,0,0.0
Mexico,0,0,0.0
Mexico,0,1,0.0
Mexico,0,1,0.0
Mexico,0,0,0.0
Mexico,0,1,0.0
Mexico,0,0,0.0
Mexico,0,1,0.0
Mexico,0,0,0.0
Mexico,0,0,0.0
Mexico,0,0,0.0
Mexico,0,1,0.0
Mexico,0,1,359.2725441314482
Mexico,0,1,0.0
Mexico,0,0,0.0
Mexico,0,0,0.0
Mexico,0,1,0.0
Mexico,0,0,0.0
Mexico,0,0,0.0
Mexico,0,0,0.0
Mexico,0,0,0.0
Mexico,0,1,51.32464916163546
Mexico,0,1,0.0
Mexico,0,0,0.0
Mexico,0,0,0.0
Mexico,0,1,0.0
Mexico,0,1,0.0
Mexico,0,1,0.0
Mexico,0,1,0.0
Mexico,0,1,0.0
Mexico,0,1,0.0
Mexico,0,1,0.0
Mexico,0,0,0.0
Mexico,0,1,0.0
Mexico,0,0,0.0
Mexico,0,0,0.0
Mexico,0,1,0.0
Mexico,0,1,41.05971932930837
Mexico,0,1,0.0
Mexico,0,1,0.0
Mexico,0,1,61.589578993962554
Mexico,0,0,0.0
Mexico,0,0,-646.6905794366069
Mexico,0,1,-41.05971932930837
Mexico,0,1,-205.29859664654185
Mexico,0,1,20.529859664654186
Mexico,0,1,0.0
Mexico,0,0,0.0
Mexico,0,0,0.0
Mexico,0,1,0.0
Mexico,0,1,0.0
Mexico,0,0,0.0
Mexico,0,0,0.0
Mexico,0,1,0.0
Mexico,0,1,0.0
Mexico,0,0,0.0
Mexico,0,1,102.64929832327093
Mexico,0,1,0.0
Mexico,0,0,0.0
Mexico,0,1,0.0
Mexico,0,0,0.0
Mexico,0,1,0.0
Mexico,0,0,0.0
Mexico,0,0,0.0
Mexico,0,0,0.0
Mexico,0,1,0.0
Mexico,0,1,0.0
Mexico,0,0,108.80825622266718
Mexico,0,1,0.0
Mexico,0,0,0.0
Mexico,0,1,0.0
Mexico,0,1,0.0
Mexico,0,0,0.0
Mexico,0,1,0.0
Mexico,0,0,0.0
Mexico,0,0,0.0
Mexico,0,1,0.0
Mexico,0,0,0.0
Mexico,0,0,0.0
Mexico,0,1,0.0
Mexico,0,0,0.0
Mexico,0,0,102.64929832327093
Mexico,0,1,0.0
Mexico,0,0,0.0
Mexico,0,1,0.0
Mexico,0,0,0.0
Mexico,0,0,0.0
Mexico,0,1,0.0
Mexico,0,0,0.0
Mexico,0,0,-51.32464916163546
Mexico,0,0,0.0
Mexico,0,0,0.0
Mexico,0,1,0.0
Mexico,0,0,0.0
Mexico,0,0,0.0
Mexico,0,1,0.0
Mexico,0,1,0.0
Mexico,0,1,307.94789496981275
Mexico,0,1,51.32464916163546
Mexico,0,1,0.0
Mexico,0,0,0.0
Mexico,0,0,0.0
Mexico,0,1,0.0
Mexico,0,0,-20.529859664654186
Mexico,0,0,0.0
Mexico,0,1,0.0
Mexico,0,1,0.0
Mexico,0,0,0.0
Mexico,0,1,174.50380714956057
Mexico,0,0,0.0
Mexico,0,0,0.0
Mexico,0,1,102.64929832327093
Mexico,0,0,0.0
Mexico,0,1,0.0
Mexico,0,1,0.0
Mexico,0,0,0.0
Mexico,0,1,0.0
Mexico,0,0,0.0
Mexico,0,0,0.0
Mexico,0,0,0.0
Mexico,0,0,41.05971932930837
Mexico,0,0,0.0
Mexico,0,0,0.0
Mexico,0,0,0.0
Mexico,0,1,0.0
Mexico,0,0,205.29859664654185
Mexico,0,1,0.0
Mexico,0,1,0.0
Mexico,0,1,0.0
Mexico,0,0,0.0
Mexico,0,1,-102.64929832327093
Mexico,0,0,0.0
Mexico,0,0,0.0
Mexico,0,1,307.94789496981275
Mexico,0,0,0.0
Mexico,0,1,0.0
Mexico,0,0,0.0
Mexico,0,1,0.0
Mexico,0,0,0.0
Mexico,0,0,0.0
Mexico,0,1,0.0
Mexico,0,1,0.0
Mexico,0,1,0.0
Mexico,0,0,0.0
Mexico,0,0,0.0
Mexico,0,0,0.0
Mexico,0,0,0.0
Mexico,0,1,0.0
Mexico,0,1,0.0
Mexico,0,0,0.0
Mexico,0,0,0.0
Mexico,0,0,0.0
Mexico,0,1,51.32464916163546
Mexico,0,1,20.529859664654186
Mexico,0,0,0.0
Mexico,0,1,0.0
Mexico,0,1,30.794789496981277
Mexico,0,1,0.0
Mexico,0,0,0.0
Mexico,0,1,0.0
Mexico,0,1,0.0
Mexico,0,0,0.0
Mexico,0,0,0.0
Mexico,0,0,0.0
Mexico,0,0,-92.38436849094383
Mexico,0,1,0.0
Mexico,0,1,0.0
Mexico,0,0,0.0
Mexico,0,1,0.0
Mexico,0,0,0.0
Mexico,0,1,0.0
Mexico,0,0,-30.794789496981277
Mexico,0,1,41.05971932930837
Mexico,0,1,0.0
Mexico,0,1,0.0
Mexico,0,0,0.0
Mexico,0,1,0.0
Mexico,0,0,205.29859664654185
Mexico,0,1,0.0
Mexico,0,1,0.0
Mexico,0,1,0.0
Mexico,0,0,0.0
Mexico,0,1,0.0
Mexico,0,1,61.589578993962554
Mexico,0,1,0.0
Mexico,0,0,0.0
Mexico,0,0,0.0
Mexico,0,0,0.0
Mexico,0,1,0.0
Mexico,0,1,61.589578993962554
Mexico,0,0,0.0
Mexico,0,1,0.0
Mexico,0,1,10.264929832327093
Mexico,0,1,0.0
Mexico,0,1,-3.3874268446679405
Mexico,0,0,0.0
Mexico,0,1,0.0
Mexico,0,0,0.0
Mexico,0,0,0.0
Mexico,0,0,0.0
Mexico,0,1,51.32464916163546
Mexico,0,1,0.0
Mexico,0,1,0.0
Mexico,0,0,102.64929832327093
Mexico,0,0,184.76873698188766
Mexico,0,1,8.211943865861674
Mexico,0,0,0.0
Mexico,0,1,0.0
Mexico,0,0,123.17915798792511
Mexico,0,0,0.0
Mexico,0,0,0.0
Mexico,0,1,123.17915798792511
Mexico,0,1,0.0
Mexico,0,1,0.0
Mexico,0,1,35.92725441314482
Mexico,0,0,0.0
Mexico,0,1,0.0
Mexico,0,0,0.0
Mexico,0,1,0.0
Mexico,0,0,0.0
Mexico,0,0,0.0
Mexico,0,0,0.0
Mexico,0,0,297.68296513748567
Mexico,0,1,0.0
Mexico,0,1,0.0
Mexico,0,1,0.0
Mexico,0,0,0.0
Mexico,0,1,0.0
Mexico,0,0,0.0
Mexico,0,1,133.4440878202522
Mexico,0,1,0.0
Mexico,0,1,0.0
Mexico,0,0,0.0
Mexico,0,0,82.11943865861674
Mexico,0,0,0.0
Mexico,0,1,0.0
Mexico,0,1,0.0
Mexico,0,1,-307.94789496981275
Mexico,0,0,0.0
Mexico,0,1,0.0
Mexico,0,0,0.0
Mexico,0,0,364.40500904761177
Mexico,0,0,0.0
Mexico,0,1,0.0
Mexico,0,1,0.0
Mexico,0,0,0.0
Mexico,0,0,0.0
Mexico,0,1,102.64929832327093
Mexico,0,0,0.0
Mexico,0,0,41.05971932930837
Mexico,0,1,0.0
Mexico,0,1,102.64929832327093
Mexico,0,0,0.0
Mexico,0,0,0.0
Mexico,0,1,-123.17915798792511
Mexico,0,0,0.0
Mexico,0,1,0.0
Mexico,0,0,0.0
Mexico,0,0,20.529859664654186
Mexico,0,1,102.64929832327093
Mexico,0,0,0.0
Mexico,0,1,0.0
Mexico,0,1,20.529859664654186
Mexico,0,1,10.264929832327093
Mexico,0,0,0.0
Mexico,0,0,0.0
Mexico,0,1,0.0
Mexico,0,0,0.0
Mexico,0,1,0.0
Mexico,0,0,0.0
Mexico,0,1,0.0
Mexico,0,1,0.0
Mexico,0,1,-6569.555092689339
Mexico,0,1,0.0
Mexico,0,0,0.0
Mexico,0,0,0.0
Mexico,0,0,0.0
Mexico,0,1,0.0
Mexico,0,0,0.0
Mexico,0,0,0.0
Mexico,0,1,0.0
Mexico,0,1,0.0
Mexico,0,1,-10.264929832327093
Mexico,0,0,0.0
Mexico,0,1,41.05971932930837
Mexico,0,1,0.0
Mexico,0,0,0.0
Mexico,0,1,0.0
Mexico,0,1,0.0
Mexico,0,0,0.0
Mexico,0,1,0.0
Mexico,0,1,0.0
Mexico,0,1,0.0
Mexico,0,1,0.0
Mexico,0,1,0.0
Mexico,0,0,0.0
Mexico,0,1,0.0
Mexico,0,0,0.0
Mexico,0,0,0.0
Mexico,0,0,0.0
Mexico,0,0,10.264929832327093
Mexico,0,0,0.0
Mexico,0,1,-615.8957899396255
Mexico,0,0,0.0
Mexico,0,0,0.0
Mexico,0,1,0.0
Mexico,0,0,51.32464916163546
Mexico,0,0,0.0
Mexico,0,1,0.0
Mexico,0,1,0.0
Mexico,0,1,0.0
Mexico,0,0,0.0
Mexico,0,1,0.0
Mexico,0,0,0.0
Mexico,0,0,0.0
Mexico,0,0,0.0
Mexico,0,0,0.0
Mexico,0,0,0.0
Mexico,0,0,0.0
Mexico,0,0,0.0
Mexico,0,1,0.0
Mexico,0,1,0.0
Mexico,0,0,0.0
Mexico,0,0,0.0
Mexico,0,1,0.0
Mexico,0,0,0.0
Mexico,0,1,137.55005975318304
Mexico,0,1,-41.05971932930837
Mexico,0,1,0.0
Mexico,0,0,0.0
Mexico,0,1,0.0
Mexico,0,0,0.0
Mexico,0,1,0.0
Mexico,0,1,-102.64929832327093
Mexico,0,1,0.0
Mexico,0,0,0.0
Mexico,0,1,0.0
Mexico,0,1,0.0
Mexico,0,0,0.0
Mexico,0,0,0.0
Mexico,0,1,102.64929832327093
Mexico,0,1,0.0
Mexico,0,0,0.0
Mexico,0,1,0.0
Mexico,0,1,410.5971932930837
Mexico,0,1,153.97394748490638
Mexico,0,1,0.0
Mexico,0,1,0.0
Mexico,0,1,0.0
Mexico,0,1,0.0
Mexico,0,1,0.0
Mexico,0,0,0.0
Mexico,0,0,0.0
Mexico,0,0,0.0
Mexico,0,0,0.0
Mexico,0,1,0.0
Mexico,0,1,0.0
Mexico,0,0,0.0
Mexico,0,1,0.0
Mexico,0,1,0.0
Mexico,0,1,0.0
Mexico,0,0,0.0
Mexico,0,1,0.0
Mexico,0,1,0.0
Mexico,0,0,102.64929832327093
Mexico,0,0,1313.911018537868
Mexico,0,0,0.0
Mexico,0,1,133.4440878202522
Mexico,0,1,0.0
Mexico,0,1,0.0
Mexico,0,0,0.0
Mexico,0,0,102.64929832327093
Mexico,0,0,0.0
Mexico,0,0,0.0
Mexico,0,0,0.0
Mexico,0,0,41.05971932930837
Mexico,0,1,0.0
Mexico,0,1,0.0
Mexico,0,0,0.0
Mexico,0,1,0.0
Mexico,0,0,0.0
Mexico,0,1,-25.66232458081773
Mexico,0,0,0.0
Mexico,0,0,0.0
Mexico,0,1,0.0
Mexico,0,0,0.0
Mexico,0,1,0.0
Mexico,0,1,0.0
Mexico,0,1,215.56352647886894
Mexico,0,1,0.0
Mexico,0,0,0.0
Mexico,0,0,0.0
Mexico,0,0,123.17915798792511
Mexico,0,0,-8.827839655801299
Mexico,0,1,0.0
Mexico,0,1,0.0
Mexico,0,1,0.0
Mexico,0,0,20.529859664654186
Mexico,0,0,0.0
Mexico,0,1,0.0
Mexico,0,0,0.0
Mexico,0,1,-71.85450882628965
Mexico,0,0,0.0
Mexico,0,1,0.0
Mexico,0,1,30.794789496981277
Mexico,0,1,-153.97394748490638
Mexico,0,0,0.0
Mexico,0,0,0.0
Mexico,0,0,0.0
Mexico,0,1,1026.4929832327093
Mexico,0,1,0.0
Mexico,0,1,51.32464916163546
Mexico,0,0,205.29859664654185
Mexico,0,0,0.0
Mexico,0,1,0.0
Mexico,0,1,0.0
Mexico,0,1,0.0
Mexico,0,1,0.0
Mexico,0,0,0.0
Mexico,0,0,0.0
Mexico,0,1,0.0
Mexico,0,1,0.0
Mexico,0,0,0.0
Mexico,0,1,0.0
Mexico,0,0,0.0
Mexico,0,1,-51.32464916163546
Mexico,0,1,0.0
Mexico,0,1,0.0
Mexico,0,1,0.0
Mexico,0,0,0.0
Mexico,0,0,10.264929832327093
Mexico,0,0,821.1943865861674
Mexico,0,1,256.62324580817733
Mexico,0,1,0.0
Mexico,0,0,0.0
Mexico,0,0,728.8100180952235
Mexico,0,0,307.94789496981275
Mexico,0,0,0.0
Mexico,0,1,0.0
Mexico,0,1,0.0
Mexico,0,1,0.0
Mexico,0,0,0.0
Mexico,0,0,0.0
Mexico,0,1,102.64929832327093
Mexico,0,1,0.0
Mexico,0,0,0.0
Mexico,0,1,0.0
Mexico,0,0,0.0
Mexico,0,1,-615.8957899396255
Mexico,0,0,0.0
Mexico,0,1,0.0
Mexico,0,0,51.32464916163546
Mexico,0,0,0.0
Mexico,0,1,102.64929832327093
Mexico,0,0,0.0
Mexico,0,1,0.0
Mexico,0,1,0.0
Mexico,0,1,0.0
Mexico,0,1,0.0
Mexico,0,0,0.0
Mexico,0,1,0.0
Mexico,0,0,0.0
Mexico,0,1,0.0
Mexico,0,1,0.0
Mexico,0,1,0.0
Mexico,0,0,0.0
Mexico,0,0,41.05971932930837
Mexico,0,0,0.0
Mexico,0,1,0.0
Mexico,0,0,0.0
Mexico,0,0,0.0
Mexico,0,0,0.0
Mexico,0,1,0.0
Mexico,0,0,0.0
Mexico,0,1,0.0
Mexico,0,1,157.05342643460452
Mexico,0,1,0.0
Mexico,0,0,0.0
Mexico,0,1,82.11943865861674
Mexico,0,1,0.0
Mexico,0,1,0.0
Mexico,0,0,0.0
Mexico,0,1,0.0
Mexico,0,1,0.0
Mexico,0,1,0.0
Mexico,0,0,0.0
Mexico,0,0,0.0
Mexico,0,1,0.0
Mexico,0,0,205.29859664654185
Mexico,0,1,0.0
Mexico,0,0,0.0
Mexico,0,1,0.0
Mexico,0,1,205.29859664654185
Mexico,0,1,0.0
Mexico,0,1,0.0
Mexico,0,1,0.0
Mexico,0,0,0.0
Mexico,0,1,0.0
Mexico,0,0,0.0
Mexico,0,1,0.0
Mexico,0,1,0.0
Mexico,0,0,0.0
Mexico,0,1,0.0
Mexico,0,0,461.9218424547192
Mexico,0,0,0.0
Mexico,0,0,0.0
Mexico,0,1,0.0
Mexico,0,0,205.29859664654185
Mexico,0,0,0.0
Mexico,0,0,0.0
Mexico,0,1,0.0
Mexico,0,1,0.0
Mexico,0,0,0.0
Mexico,0,1,0.0
Mexico,0,0,0.0
Mexico,0,1,0.0
Mexico,0,1,0.0
Mexico,0,0,0.0
Mexico,0,0,0.0
Mexico,0,0,0.0
Mexico,0,0,0.0
Mexico,0,0,0.0
Mexico,0,0,0.0
Mexico,0,0,307.94789496981275
Mexico,0,1,0.0
Mexico,0,0,-153.97394748490638
Mexico,0,0,0.0
Mexico,0,0,0.0
Mexico,0,1,0.0
Mexico,0,1,0.0
Mexico,0,0,0.0
Mexico,0,0,0.0
Mexico,0,1,0.0
Mexico,0,1,0.0
Mexico,0,1,0.0
Mexico,0,1,-51.32464916163546
Mexico,0,1,0.0
Mexico,0,0,0.0
Mexico,0,0,0.0
Mexico,0,0,0.0
Mexico,0,1,0.0
Mexico,0,1,0.0
Mexico,0,1,71.85450882628965
Mexico,0,0,0.0
Mexico,0,0,0.0
Mexico,0,1,0.0
Mexico,0,0,0.0
Mexico,0,0,0.0
Mexico,0,0,0.0
Mexico,0,0,15.397394748490639
Mexico,0,0,0.0
Mexico,0,0,0.0
Mexico,0,1,0.0
Mexico,0,0,-4105.971932930837
Mexico,0,0,0.0
Mexico,0,1,28.74180353051586
Mexico,0,0,0.0
Mexico,0,1,0.0
Mexico,0,1,0.0
Mexico,0,0,0.0
Mexico,0,1,0.0
Mexico,0,0,0.0
Mexico,0,0,0.0
Mexico,0,0,0.0
Mexico,0,1,0.0
Mexico,0,0,0.0
Mexico,0,0,0.0
Mexico,0,1,0.0
Mexico,0,1,0.0
Mexico,0,1,0.0
Mexico,0,0,0.0
Mexico,0,0,15.397394748490639
Mexico,0,0,0.0
Mexico,0,0,0.0
Mexico,0,0,0.0
Mexico,0,0,0.0
Mexico,0,0,56.457114077799005
Mexico,0,0,0.0
Mexico,0,0,0.0
Mexico,0,0,0.0
Mexico,0,0,0.0
Mexico,0,1,0.0
Mexico,0,1,0.0
Mexico,0,1,10.264929832327093
Mexico,0,0,102.64929832327093
Mexico,0,0,0.0
Mexico,0,1,0.0
Mexico,0,0,0.0
Mexico,0,0,0.0
Mexico,0,1,0.0
Mexico,0,1,0.0
Mexico,0,1,0.0
Mexico,0,1,0.0
Mexico,0,0,0.0
Mexico,0,1,0.0
Mexico,0,1,71.85450882628965
Mexico,0,1,0.0
Mexico,0,0,64.66905794366068
Mexico,0,0,20.529859664654186
Mexico,0,0,0.0
Mexico,0,0,0.0
Mexico,0,1,0.0
Mexico,0,0,0.0
Mexico,0,1,0.0
Mexico,0,1,0.0
Mexico,0,0,0.0
Mexico,0,0,-71.85450882628965
Mexico,0,1,0.0
Mexico,0,1,0.0
Mexico,0,0,0.0
Mexico,0,1,0.0
Mexico,0,1,74.42074128437142
Mexico,0,0,0.0
Mexico,0,1,0.0
Mexico,0,1,0.0
Mexico,0,1,0.0
Mexico,0,0,0.0
Mexico,0,0,-30.794789496981277
Mexico,0,0,0.0
Mexico,0,1,0.0
Mexico,0,0,0.0
Mexico,0,0,0.0
Mexico,0,0,0.0
Mexico,0,0,0.0
Mexico,0,1,0.0
Mexico,0,1,0.0
Mexico,0,0,0.0
Mexico,0,0,0.0
Mexico,0,1,0.0
Mexico,0,0,0.0
Mexico,0,1,0.0
Mexico,0,1,0.0
Mexico,0,1,34.28486563997249
Mexico,0,0,0.0
Mexico,0,0,179.6362720657241
Mexico,0,1,0.0
Mexico,0,1,0.0
Mexico,0,0,0.0
Mexico,0,1,0.0
Mexico,0,1,0.0
Mexico,0,1,0.0
Mexico,0,0,0.0
Mexico,0,0,0.0
Mexico,0,0,0.0
Mexico,0,1,0.0
Mexico,0,0,0.0
Mexico,0,1,0.0
Mexico,0,0,-410.5971932930837
Mexico,0,1,128.31162290408867
Mexico,0,0,0.0
Mexico,0,1,0.0
Mexico,0,1,0.0
Mexico,0,0,0.0
Mexico,0,1,0.0
Mexico,0,0,0.0
Mexico,0,1,0.0
Mexico,0,0,0.0
Mexico,0,0,0.0
Mexico,0,0,0.0
Mexico,0,1,439.33899682359953
Mexico,0,0,564.5711407779901
Mexico,0,1,0.0
Mexico,0,0,0.0
Mexico,0,1,0.0
Mexico,0,0,0.0
Mexico,0,1,-287.4180353051586
Mexico,0,1,0.0
Mexico,0,1,0.0
Mexico,0,1,0.0
Mexico,0,1,0.0
Mexico,0,0,0.0
Mexico,0,0,0.0
Mexico,0,0,-82.11943865861674
Mexico,0,1,0.0
Mexico,0,1,0.0
Mexico,0,0,0.0
Mexico,0,0,0.0
Mexico,0,0,0.0
Mexico,0,0,0.0
Mexico,0,1,0.0
Mexico,0,1,0.0
Mexico,0,0,0.0
Mexico,0,1,0.0
Mexico,0,0,0.0
Mexico,0,0,0.0
Mexico,0,1,0.0
Mexico,0,1,0.0
Mexico,0,0,0.0
Mexico,0,1,0.0
Mexico,0,1,0.0
Mexico,0,1,0.0
Mexico,0,1,0.0
Mexico,0,0,0.0
Mexico,0,1,0.0
Mexico,0,1,0.0
Mexico,0,0,0.0
Mexico,0,1,0.0
Mexico,0,0,0.0
Mexico,0,1,0.0
Mexico,0,1,0.0
Mexico,0,0,0.0
Mexico,0,0,0.0
Mexico,0,0,0.0
Mexico,0,1,0.0
Mexico,0,0,0.0
Mexico,0,1,0.0
Mexico,0,0,0.0
Mexico,0,1,0.0
Mexico,0,1,0.0
Mexico,0,1,318.2128248021399
Mexico,0,1,0.0
Mexico,0,0,0.0
Mexico,0,1,30.794789496981277
Mexico,0,1,41.05971932930837
Mexico,0,0,0.0
Mexico,0,1,0.0
Mexico,0,1,0.0
Mexico,0,0,0.0
Mexico,0,0,0.0
Mexico,0,0,0.0
Mexico,0,0,0.0
Mexico,0,1,0.0
Mexico,0,0,0.0
Mexico,0,0,0.0
Mexico,0,1,0.0
Mexico,0,0,0.0
Mexico,0,0,0.0
Mexico,0,1,718.5450882628965
Mexico,0,1,0.0
Mexico,0,1,0.0
Mexico,0,1,0.0
Mexico,0,0,0.0
Mexico,0,1,8.211943865861674
Mexico,0,0,0.0
Mexico,0,0,0.0
Mexico,0,0,82.11943865861674
Mexico,0,1,0.0
Mexico,0,0,0.0
Mexico,0,1,0.0
Mexico,0,0,0.0
Mexico,0,0,0.0
Mexico,0,1,0.0
Mexico,0,0,0.0
Mexico,0,0,0.0
Mexico,0,1,0.0
Mexico,0,0,0.0
Mexico,0,1,0.0
Mexico,0,0,0.0
Mexico,0,0,0.0
Mexico,0,1,0.0
Mexico,0,0,0.0
Mexico,0,0,0.0
Mexico,0,0,0.0
Mexico,0,1,0.0
Mexico,0,1,0.0
Mexico,0,1,0.0
Mexico,0,1,0.0
Mexico,0,0,0.0
Mexico,0,1,0.0
Mexico,0,0,0.0
Mexico,0,0,0.0
Mexico,0,1,0.0
Mexico,0,0,0.0
Mexico,0,1,0.0
Mexico,0,1,0.0
Mexico,0,1,0.0
Mexico,0,1,0.0
Mexico,0,1,0.0
Mexico,0,1,0.0
Mexico,0,1,0.0
Mexico,0,0,20.529859664654186
Mexico,0,1,0.0
Mexico,0,1,0.0
Mexico,0,0,0.0
Mexico,0,1,0.0
Mexico,0,0,41.05971932930837
Mexico,0,0,0.0
Mexico,0,1,0.0
Mexico,0,0,0.0
Mexico,0,0,0.0
Mexico,0,0,0.0
Mexico,0,1,0.0
Mexico,0,0,0.0
Mexico,0,1,410.5971932930837
Mexico,0,0,0.0
Mexico,0,0,0.0
Mexico,0,0,0.0
Mexico,0,1,0.0
Mexico,0,1,0.0
Mexico,0,1,0.0
Mexico,0,0,0.0
Mexico,0,1,82.11943865861674
Mexico,0,0,0.0
Mexico,0,1,0.0
Mexico,0,1,0.0
Mexico,0,1,-2.0529859664654184
Mexico,0,0,0.0
Mexico,0,1,0.0
Mexico,0,1,0.0
Mexico,0,1,0.0
Mexico,0,1,0.0
Mexico,0,0,0.0
Mexico,0,1,0.0
Mexico,0,0,0.0
Mexico,0,0,0.0
Mexico,0,1,-5.1324649161635465
Mexico,0,0,0.0
Mexico,0,0,0.0
Mexico,0,0,0.0
Mexico,0,0,0.0
Mexico,0,0,0.0
Mexico,0,0,0.0
Mexico,0,1,0.0
Mexico,0,0,0.0
Mexico,0,1,0.0
Mexico,0,0,0.0
Mexico,0,1,0.0
Mexico,0,1,0.0
Mexico,0,0,0.0
Mexico,0,0,-205.29859664654185
Mexico,0,1,0.0
Mexico,0,0,102.64929832327093
Mexico,0,0,0.0
Mexico,0,0,0.0
Mexico,0,1,0.0
Mexico,0,1,0.0
Mexico,0,0,0.0
Mexico,0,1,-482.45170211937335
Mexico,0,0,51.32464916163546
Mexico,0,0,20.529859664654186
Mexico,0,1,0.0
Mexico,0,1,0.0
Mexico,0,1,0.0
Mexico,0,0,0.0
Mexico,0,1,123.17915798792511
Mexico,0,1,0.0
Mexico,0,1,0.0
Mexico,0,0,0.0
Mexico,0,1,0.0
Mexico,0,1,0.0
Mexico,0,0,0.0
Mexico,0,1,0.0
Mexico,0,1,102.64929832327093
Mexico,0,0,0.0
Mexico,0,0,0.0
Mexico,0,1,20.529859664654186
Mexico,0,0,0.0
Mexico,0,0,0.0
Mexico,0,1,0.0
Mexico,0,0,0.0
Mexico,0,1,-42.08621231254108
Mexico,0,0,0.0
Mexico,0,0,0.0
Mexico,0,1,30.794789496981277
Mexico,0,0,0.0
Mexico,0,1,0.0
Mexico,0,1,0.0
Mexico,0,1,0.0
Mexico,0,1,0.0
Mexico,0,0,0.0
Mexico,0,1,0.0
Mexico,0,0,0.0
Mexico,0,0,0.0
Mexico,0,1,0.0
Mexico,0,0,0.0
Mexico,0,1,0.0
Mexico,0,1,0.0
Mexico,0,0,0.0
Mexico,0,1,0.0
Mexico,0,1,0.0
Mexico,0,1,0.0
Mexico,0,0,0.0
Mexico,0,1,0.0
Mexico,0,1,0.0
Mexico,0,0,0.0
Mexico,0,1,0.0
Mexico,0,1,718.5450882628965
Mexico,0,0,0.0
Mexico,0,0,0.0
Mexico,0,0,0.0
Mexico,0,0,0.0
Mexico,0,0,0.0
Mexico,0,1,205.29859664654185
Mexico,0,1,0.0
Mexico,0,1,0.0
Mexico,0,1,0.0
Mexico,0,1,0.0
Mexico,0,0,55.4306210945663
Mexico,0,0,0.0
Mexico,0,0,0.0
Mexico,0,0,0.0
Mexico,0,1,0.0
Mexico,0,0,0.0
Mexico,0,0,51.32464916163546
Mexico,0,1,0.0
Mexico,0,0,0.0
Mexico,0,1,0.0
Mexico,0,0,0.0
Mexico,0,0,0.0
Mexico,0,1,97.51683340710738
Mexico,0,0,0.0
Mexico,0,1,0.0
Mexico,0,0,0.0
Mexico,0,1,0.0
Mexico,0,1,359.2725441314482
Mexico,0,1,0.0
Mexico,0,1,0.0
Mexico,0,0,8.725190357478029
Mexico,0,0,0.0
Mexico,0,0,0.0
Mexico,0,0,-30.794789496981277
Mexico,0,1,0.0
Mexico,0,0,0.0
Mexico,0,1,0.0
Mexico,0,1,0.0
Mexico,0,0,0.0
Mexico,0,0,0.0
Mexico,0,1,0.0
Mexico,0,1,718.5450882628965
Mexico,0,1,307.94789496981275
Mexico,0,0,0.0
Mexico,0,0,205.29859664654185
Mexico,0,1,41.05971932930837
Mexico,0,1,0.0
Mexico,0,1,0.0
Mexico,0,0,0.0
Mexico,0,1,0.0
Mexico,0,1,0.0
Mexico,0,0,0.0
Mexico,0,1,0.0
Mexico,0,1,0.0
Mexico,0,0,0.0
Mexico,0,1,0.0
Mexico,0,0,0.0
Mexico,0,0,0.0
Mexico,0,0,0.0
Mexico,0,1,0.0
Mexico,0,0,0.0
Mexico,0,1,0.0
Mexico,0,0,102.64929832327093
Mexico,0,1,0.0
Mexico,0,1,0.0
Mexico,0,1,0.0
Mexico,0,1,41.05971932930837
Mexico,0,1,0.0
Mexico,0,1,0.0
Mexico,0,1,25.66232458081773
Mexico,0,0,123.17915798792511
Mexico,0,1,0.0
Mexico,0,1,0.0
Mexico,0,1,0.0
Mexico,0,1,0.0
Mexico,0,0,0.0
Mexico,0,1,0.0
Mexico,0,0,0.0
Mexico,0,1,0.0
Mexico,0,0,15.397394748490639
Mexico,0,0,20.529859664654186
Mexico,0,1,0.0
Mexico,0,0,0.0
Mexico,0,0,0.0
Mexico,0,1,0.0
Mexico,0,1,0.0
Mexico,0,1,0.0
Mexico,0,1,0.0
Mexico,0,1,0.0
Mexico,0,0,0.0
Mexico,0,0,0.0
Mexico,0,1,0.0
Mexico,0,0,0.0
Mexico,0,1,0.0
Mexico,0,1,11.18877351723653
Mexico,0,0,82.11943865861674
Mexico,0,1,0.0
Mexico,0,0,0.0
Mexico,0,1,0.0
Mexico,0,1,0.0
Mexico,0,1,0.0
Mexico,0,0,0.0
Mexico,0,1,0.0
Mexico,0,1,0.0
Mexico,0,1,0.0
Mexico,0,0,-174.50380714956057
Mexico,0,1,0.0
Mexico,0,1,0.0
Mexico,0,0,0.0
Mexico,0,1,0.0
Mexico,0,1,0.0
Mexico,0,0,0.0
Mexico,0,1,102.64929832327093
Mexico,0,1,0.0
Mexico,0,1,0.0
Mexico,0,0,307.94789496981275
Mexico,0,0,0.0
Mexico,0,0,0.0
Mexico,0,1,0.0
Mexico,0,0,0.0
Mexico,0,0,0.0
Mexico,0,1,0.0
Mexico,0,0,0.0
Mexico,0,0,0.0
Mexico,0,1,0.0
Mexico,0,0,0.0
Mexico,0,1,0.0
Mexico,0,1,0.0
Mexico,0,1,-5.1324649161635465
Mexico,0,0,0.0
Mexico,0,0,0.0
Mexico,0,1,0.0
Mexico,0,0,0.0
Mexico,0,1,-2584.7093317799618
Mexico,0,0,0.0
Mexico,0,1,0.0
Mexico,0,0,0.0
Mexico,0,0,0.0
Mexico,0,0,0.0
Mexico,0,1,0.0
Mexico,0,0,0.0
Mexico,0,0,0.0
Mexico,0,1,0.0
Mexico,0,1,0.0
Mexico,0,0,0.0
Mexico,0,0,-92.38436849094383
Mexico,0,0,0.0
Mexico,0,1,0.0
Mexico,0,1,0.0
Mexico,0,1,0.0
Mexico,0,1,0.0
Mexico,0,1,0.0
Mexico,0,1,0.0
Mexico,0,1,0.0
Mexico,0,1,0.0
Mexico,0,1,0.0
Mexico,0,0,0.0
Mexico,0,1,0.0
Mexico,0,1,0.0
Mexico,0,0,0.0
Mexico,0,1,0.0
Mexico,0,0,0.0
Mexico,0,0,0.0
Mexico,0,1,0.0
Mexico,0,0,20.529859664654186
Mexico,0,1,0.0
Mexico,0,0,0.0
Mexico,0,0,0.0
Mexico,0,0,-153.05010379999695
Mexico,0,0,0.0
Mexico,0,1,0.0
Mexico,0,1,0.0
Mexico,0,1,0.0
Mexico,0,1,0.0
Mexico,0,1,0.0
Mexico,0,1,0.0
Mexico,0,1,-61.589578993962554
Mexico,0,1,-307.94789496981275
Mexico,0,0,0.0
Mexico,0,0,0.0
Mexico,0,0,0.0
Mexico,0,0,0.0
Mexico,0,1,0.0
Mexico,0,1,0.0
Mexico,0,1,0.0
Mexico,0,0,0.0
Mexico,0,1,0.0
Mexico,0,1,0.0
Mexico,0,0,0.0
Mexico,0,0,0.0
Mexico,0,0,18.476873698188765
Mexico,0,1,0.0
Mexico,0,1,0.0
Mexico,0,0,0.0
Mexico,0,1,0.0
Mexico,0,1,0.0
Mexico,0,0,0.0
Mexico,0,0,0.0
Mexico,0,1,143.7090176525793
Mexico,0,1,0.0
Mexico,0,0,0.0
Mexico,0,0,0.0
Mexico,0,0,0.0
Mexico,0,0,0.0
Mexico,0,0,0.0
Mexico,0,1,0.0
Mexico,0,1,0.0
Mexico,0,1,0.0
Mexico,0,1,0.0
Mexico,0,0,0.0
Mexico,0,1,0.0
Mexico,0,0,2.0529859664654184
Mexico,0,0,0.0
Mexico,0,0,220.69599139503248
Mexico,0,1,0.0
Mexico,0,0,12.31791579879251
Mexico,0,0,0.0
Mexico,0,1,0.0
Mexico,0,0,51.32464916163546
Mexico,0,1,0.0
Mexico,0,1,10.264929832327093
Mexico,0,1,0.0
Mexico,0,0,30.794789496981277
Mexico,0,1,0.0
Mexico,0,0,0.0
Mexico,0,0,0.0
Mexico,0,0,0.0
Mexico,0,0,0.0
Mexico,0,1,0.0
Mexico,0,1,0.0
Mexico,0,1,0.0
Mexico,0,0,0.0
Mexico,0,1,0.0
Mexico,0,0,0.0
Mexico,0,0,0.0
Mexico,0,1,0.0
Mexico,0,0,0.0
Mexico,0,0,0.0
Mexico,0,0,0.0
Mexico,0,0,0.0
Mexico,0,0,0.0
Mexico,0,0,0.0
Mexico,0,0,51.32464916163546
Mexico,0,0,0.0
Mexico,0,1,0.0
Mexico,0,1,0.0
Mexico,0,0,0.0
Mexico,0,0,0.0
Mexico,0,0,0.0
Mexico,0,0,-68.77502987659152
Mexico,0,1,0.0
Mexico,0,1,0.0
Mexico,0,1,-30.794789496981277
Mexico,0,0,0.0
Mexico,0,0,0.0
Mexico,0,0,0.0
Mexico,0,1,256.62324580817733
Mexico,0,0,0.0
Mexico,0,0,0.0
Mexico,0,0,0.0
Mexico,0,1,0.0
Mexico,0,0,102.64929832327093
Mexico,0,0,-82.11943865861674
Mexico,0,1,0.0
Mexico,0,0,0.0
Mexico,0,0,0.0
Mexico,0,1,0.0
Mexico,0,0,0.0
Mexico,0,0,66.7220439101261
Mexico,0,0,0.0
Mexico,0,1,0.0
Mexico,0,1,0.0
Mexico,0,0,0.0
Mexico,0,0,0.0
Mexico,0,0,0.0
Mexico,0,1,0.0
Mexico,0,1,0.0
Mexico,0,0,0.0
Mexico,0,1,0.0
Mexico,0,0,0.0
Mexico,0,0,307.94789496981275
Mexico,0,1,205.29859664654185
Mexico,0,1,0.0
Mexico,0,1,0.0
Mexico,0,1,0.0
Mexico,0,0,0.0
Mexico,0,1,0.0
Mexico,0,0,0.0
Mexico,0,1,0.0
Mexico,0,0,0.0
Mexico,0,1,0.0
Mexico,0,0,0.0
Mexico,0,1,0.0
Mexico,0,1,0.0
Mexico,0,1,0.0
Mexico,0,0,0.0
Mexico,0,1,0.0
Mexico,0,0,0.0
Mexico,0,0,10.264929832327093
Mexico,0,0,0.0
Mexico,0,1,0.0
Mexico,0,1,123.17915798792511
Mexico,0,1,0.0
Mexico,0,0,0.0
Mexico,0,1,0.0
Mexico,0,0,82.11943865861674
Mexico,0,1,0.0
Mexico,0,1,0.0
Mexico,0,0,0.0
Mexico,0,0,0.0
Mexico,0,1,128.31162290408867
Mexico,0,0,0.0
Mexico,0,1,0.0
Mexico,0,0,0.0
Mexico,0,1,0.0
Mexico,0,1,164.2388773172335
Mexico,0,0,0.0
Mexico,0,0,0.0
Mexico,0,1,0.0
Mexico,0,1,0.0
Mexico,0,0,0.0
Mexico,0,0,0.0
Mexico,0,1,-102.64929832327093
Mexico,0,1,0.0
Mexico,0,0,0.0
Mexico,0,1,-513.2464916163547
Mexico,0,1,0.0
Mexico,0,0,0.0
Mexico,0,0,0.0
Mexico,0,0,0.0
Mexico,0,0,0.0
Mexico,0,0,-307.94789496981275
Mexico,0,0,0.0
Mexico,0,0,0.0
Mexico,0,1,0.0
Mexico,0,0,0.0
Mexico,0,1,0.0
Mexico,0,1,0.0
Mexico,0,1,0.0
Mexico,0,0,102.64929832327093
Mexico,0,0,0.0
Mexico,0,1,0.0
Mexico,0,0,0.0
Mexico,0,0,0.0
Mexico,0,0,-92.38436849094383
Mexico,0,0,0.0
Mexico,0,0,0.0
Mexico,0,0,0.0
Mexico,0,1,0.0
Mexico,0,1,41.05971932930837
Mexico,0,1,0.0
Mexico,0,1,0.0
Mexico,0,0,0.0
Mexico,0,1,0.0
Mexico,0,0,0.0
Mexico,0,0,0.0
Mexico,0,0,0.0
Mexico,0,1,0.0
Mexico,0,0,67.13264110341919
Mexico,0,0,0.0
Mexico,0,0,0.0
Mexico,0,1,61.589578993962554
Mexico,0,0,0.0
Mexico,0,1,0.0
Mexico,0,1,0.0
Mexico,0,0,0.0
Mexico,0,0,0.0
Mexico,0,1,0.0
Mexico,0,0,0.0
Mexico,0,1,0.0
Mexico,0,0,0.0
Mexico,0,1,0.0
Mexico,0,0,0.0
Mexico,0,0,30.794789496981277
Mexico,0,1,21.45370334956362
Mexico,0,0,615.8957899396255
Mexico,0,0,0.0
Mexico,0,1,0.0
Mexico,0,1,0.0
Mexico,0,1,0.0
Mexico,0,1,0.0
Mexico,0,0,20.529859664654186
Mexico,0,0,0.0
Mexico,0,1,0.0
Mexico,0,0,0.0
Mexico,0,0,-30.794789496981277
Mexico,0,1,0.0
Mexico,0,0,0.0
Mexico,0,1,0.0
Mexico,0,0,-25.66232458081773
Mexico,0,0,0.0
Mexico,0,1,0.0
Mexico,0,1,0.0
Mexico,0,1,0.0
Mexico,0,1,0.0
Mexico,0,1,0.0
Mexico,0,1,0.0
Mexico,0,1,0.0
Mexico,0,1,-30.794789496981277
Mexico,0,1,0.0
Mexico,0,0,0.0
Mexico,0,0,0.0
Mexico,0,1,0.0
Mexico,0,0,0.0
Mexico,0,0,143.7090176525793
Mexico,0,0,0.0
Mexico,0,1,0.0
Mexico,0,1,102.64929832327093
Mexico,0,1,0.0
Mexico,0,1,0.0
Mexico,0,1,0.0
Mexico,0,1,0.0
Mexico,0,0,246.35831597585022
Mexico,0,1,71.85450882628965
Mexico,0,1,0.0
Mexico,0,0,0.0
Mexico,0,1,0.0
Mexico,0,1,564.5711407779901
Mexico,0,1,0.0
Mexico,0,1,0.0
Mexico,0,1,0.0
Mexico,0,0,0.0
Mexico,0,0,0.0
Mexico,0,1,0.0
Mexico,0,1,0.0
Mexico,0,1,0.0
Mexico,0,0,0.0
Mexico,0,1,0.0
Mexico,0,0,0.0
Mexico,0,1,0.0
Mexico,0,1,0.0
Mexico,0,0,0.0
Mexico,0,0,0.0
Mexico,0,1,0.0
Mexico,0,1,0.0
Mexico,0,0,0.0
Mexico,0,0,102.64929832327093
Mexico,0,1,0.0
Mexico,0,1,0.0
Mexico,0,0,0.0
Mexico,0,1,0.0
Mexico,0,0,0.0
Mexico,0,0,30.794789496981277
Mexico,0,1,0.0
Mexico,0,0,0.0
Mexico,0,1,153.97394748490638
Mexico,0,1,20.529859664654186
Mexico,0,0,0.0
Mexico,0,0,-164.2388773172335
Mexico,0,0,0.0
Mexico,0,1,0.0
Mexico,0,1,0.0
Mexico,0,1,0.0
Mexico,0,1,0.0
Mexico,0,0,0.0
Mexico,0,0,0.0
Mexico,0,1,0.0
Mexico,0,1,0.0
Mexico,0,0,0.0
Mexico,0,1,0.0
Mexico,0,0,0.0
Mexico,0,0,0.0
Mexico,0,1,0.0
Mexico,0,1,0.0
Mexico,0,1,205.29859664654185
Mexico,0,1,0.0
Mexico,0,1,0.0
Mexico,0,0,0.0
Mexico,0,1,0.0
Mexico,0,0,0.0
Mexico,0,0,205.29859664654185
Mexico,0,1,0.0
Mexico,0,0,0.0
Mexico,0,0,0.0
Mexico,0,1,0.0
Mexico,0,0,153.97394748490638
Mexico,0,1,0.0
Mexico,0,0,0.0
Mexico,0,1,0.0
Mexico,0,0,0.0
Mexico,0,0,0.0
Mexico,0,1,-4721.867722870463
Mexico,0,1,0.0
Mexico,0,0,0.0
Mexico,0,0,0.0
Mexico,0,0,20.529859664654186
Mexico,0,0,0.0
Mexico,0,0,0.0
Mexico,0,0,410.5971932930837
Mexico,0,1,-71.85450882628965
Mexico,0,0,0.0
Mexico,0,0,0.0
Mexico,0,1,0.0
Mexico,0,0,0.0
Mexico,0,0,0.0
Mexico,0,0,0.0
Mexico,0,0,0.0
Mexico,0,0,0.0
Mexico,0,0,0.0
Mexico,0,0,0.0
Mexico,0,1,0.0
Mexico,0,0,0.0
Mexico,0,0,0.0
Mexico,0,1,-82.11943865861674
Mexico,0,1,0.0
Mexico,0,1,0.0
Mexico,0,1,0.0
Mexico,0,0,0.0
Mexico,0,1,0.0
Mexico,0,1,0.0
Mexico,0,1,0.0
Mexico,0,0,184.76873698188766
Mexico,0,1,0.0
Mexico,0,1,0.0
Mexico,0,0,0.0
Mexico,0,1,0.0
Mexico,0,1,0.0
Mexico,0,0,-7.185450882628965
Mexico,0,1,41.05971932930837
Mexico,0,0,0.0
Mexico,0,1,313.0803598859763
Mexico,0,1,0.0
Mexico,0,0,0.0
Mexico,0,0,0.0
Mexico,0,0,0.0
Mexico,0,0,0.0
Mexico,0,1,0.0
Mexico,0,0,0.0
Mexico,0,0,0.0
Mexico,0,1,0.0
Mexico,0,0,0.0
Mexico,0,1,0.0
Mexico,0,1,0.0
Mexico,0,1,0.0
Mexico,0,1,0.0
Mexico,0,0,0.0
Mexico,0,0,0.0
Mexico,0,1,0.0
Mexico,0,0,0.0
Mexico,0,1,0.0
Mexico,0,1,0.0
Mexico,0,0,0.0
Mexico,0,1,0.0
Mexico,0,0,-10.264929832327093
Mexico,0,0,-102.64929832327093
Mexico,0,1,0.0
Mexico,0,1,0.0
Mexico,0,1,0.0
Mexico,0,1,92.38436849094383
Mexico,0,0,0.0
Mexico,0,0,0.0
Mexico,0,0,0.0
Mexico,0,0,0.0
Mexico,0,1,82.11943865861674
Mexico,0,0,0.0
Mexico,0,1,0.0
Mexico,0,1,0.0
Mexico,0,0,0.0
Mexico,0,1,0.0
Mexico,0,1,205.29859664654185
Mexico,0,1,0.0
Mexico,0,1,10.264929832327093
Mexico,0,1,0.0
Mexico,0,1,225.82845631119602
Mexico,0,0,14.37090176525793
Mexico,0,0,0.0
Mexico,0,1,0.0
Mexico,0,0,0.0
Mexico,0,0,205.29859664654185
Mexico,0,0,0.0
Mexico,0,1,0.0
Mexico,0,1,0.0
Mexico,0,0,0.0
Mexico,0,1,0.0
Mexico,0,0,0.0
Mexico,0,1,0.0
Mexico,0,0,0.0
Mexico,0,1,0.0
Mexico,0,0,-153.97394748490638
Mexico,0,0,0.0
Mexico,0,1,0.0
Mexico,0,1,0.0
Mexico,0,0,0.0
Mexico,0,1,0.0
Mexico,0,1,0.0
Mexico,0,1,0.0
Mexico,0,1,0.0
Mexico,0,1,0.0
Mexico,0,0,0.0
Mexico,0,1,0.0
Mexico,0,1,0.0
Mexico,0,0,0.0
Mexico,0,0,0.0
Mexico,0,0,769.8697374245319
Mexico,0,1,0.0
Mexico,0,1,0.0
Mexico,0,0,102.64929832327093
Mexico,0,1,0.0
Mexico,0,1,0.0
Mexico,0,0,0.0
Mexico,0,1,0.0
Mexico,0,1,0.0
Mexico,0,1,0.0
Mexico,0,0,10.264929832327093
Mexico,0,1,0.0
Mexico,0,1,0.0
Mexico,0,0,0.0
Mexico,0,1,0.0
Mexico,0,0,0.0
Mexico,0,1,0.0
Mexico,0,0,0.0
Mexico,0,1,0.0
Mexico,0,1,0.0
Mexico,0,0,-349.00761429912114
Mexico,0,1,0.0
Mexico,0,0,205.29859664654185
Mexico,0,1,0.0
Mexico,0,0,0.0
Mexico,0,1,0.0
Mexico,0,0,82.11943865861674
Mexico,0,0,205.29859664654185
Mexico,0,1,0.0
Mexico,0,0,0.0
Mexico,0,0,0.0
Mexico,0,1,0.0
Mexico,0,0,0.0
Mexico,0,0,0.0
Mexico,0,0,71.85450882628965
Mexico,0,1,0.0
Mexico,0,0,0.0
Mexico,0,1,0.0
Mexico,0,1,0.0
Mexico,0,0,0.0
Mexico,0,0,0.0
Mexico,0,1,0.0
Mexico,0,1,0.0
Mexico,0,0,0.0
Mexico,0,1,0.0
Mexico,0,1,0.0
Mexico,0,0,25.66232458081773
Mexico,0,0,-133.4440878202522
Mexico,0,1,0.0
Mexico,0,0,0.0
Mexico,0,1,513.2464916163547
Mexico,0,1,0.0
Mexico,0,0,0.0
Mexico,0,1,0.0
Mexico,0,1,0.0
Mexico,0,1,0.0
Mexico,0,1,0.0
Mexico,0,0,0.0
Mexico,0,0,0.0
Mexico,0,1,10.264929832327093
Mexico,0,1,0.0
Mexico,0,1,0.0
Mexico,0,0,0.0
Mexico,0,1,0.0
Mexico,0,0,0.0
Mexico,0,0,0.0
Mexico,0,0,0.0
Mexico,0,1,0.0
Mexico,0,1,-123.17915798792511
Mexico,0,0,0.0
Mexico,0,0,0.0
Mexico,0,1,0.0
Mexico,0,1,0.0
Mexico,0,0,0.0
Mexico,0,1,0.0
Mexico,0,0,0.0
Mexico,0,1,0.0
Mexico,0,1,205.29859664654185
Mexico,0,0,0.0
Mexico,0,1,0.0
Mexico,0,0,102.64929832327093
Mexico,0,0,0.0
Mexico,0,1,112.91422815559801
Mexico,0,0,0.0
Mexico,0,0,-123.17915798792511
Mexico,0,0,0.0
Mexico,0,1,0.0
Mexico,0,0,0.0
Mexico,0,1,0.0
Mexico,0,1,0.0
Mexico,0,0,0.0
Mexico,0,1,0.0
Mexico,0,1,0.0
Mexico,0,0,0.0
Mexico,0,1,0.0
Mexico,0,1,0.0
Mexico,0,0,0.0
Mexico,0,1,1539.7394748490638
Mexico,0,1,0.0
Mexico,0,1,0.0
Mexico,0,0,0.0
Mexico,0,1,0.0
Mexico,0,0,0.0
Mexico,0,1,0.0
Mexico,0,0,0.0
Mexico,0,0,0.0
Mexico,0,0,0.0
Mexico,0,0,0.0
Mexico,0,1,0.0
Mexico,0,1,0.0
Mexico,0,0,0.0
Mexico,0,1,0.0
Mexico,0,0,0.0
Mexico,0,1,0.0
Mexico,0,1,0.0
Mexico,0,0,-513.2464916163547
Mexico,0,0,236.09338614352313
Mexico,0,1,0.0
Mexico,0,1,0.0
Mexico,0,0,0.0
Mexico,0,1,0.0
Mexico,0,1,0.0
Mexico,0,1,0.0
Mexico,0,0,0.0
Mexico,0,0,102.64929832327093
Mexico,0,0,0.0
Mexico,0,0,0.0
Mexico,0,0,0.0
Mexico,0,0,0.0
Mexico,0,0,0.0
Mexico,0,0,0.0
Mexico,0,0,0.0
Mexico,0,1,0.0
Mexico,0,0,0.0
Mexico,0,1,102.64929832327093
Mexico,0,1,0.0
Mexico,0,1,0.0
Mexico,0,1,0.0
Mexico,0,1,0.0
Mexico,0,0,0.0
Mexico,0,1,0.0
Mexico,0,1,0.0
Mexico,0,1,0.0
Mexico,0,0,0.0
Mexico,0,0,205.29859664654185
Mexico,0,0,71.85450882628965
Mexico,0,0,0.0
Mexico,0,0,0.0
Mexico,0,1,0.0
Mexico,0,0,23.609338614352314
Mexico,0,1,0.0
Mexico,0,1,0.0
Mexico,0,1,0.0
Mexico,0,0,0.0
Mexico,0,1,20.529859664654186
Mexico,0,1,0.0
Mexico,0,1,102.64929832327093
Mexico,0,1,0.0
Mexico,0,0,0.0
Mexico,0,1,-246.35831597585022
Mexico,0,1,0.0
Mexico,0,0,0.0
Mexico,0,0,0.0
Mexico,0,1,0.0
Mexico,0,0,0.0
Mexico,0,0,0.0
Mexico,0,1,20.529859664654186
Mexico,0,1,9.238436849094382
Mexico,0,1,82.11943865861674
Mexico,0,1,0.0
Mexico,0,1,0.0
Mexico,0,1,0.0
Mexico,0,0,0.0
Mexico,0,1,0.0
Mexico,0,0,0.0
Mexico,0,0,0.0
Mexico,0,1,8.211943865861674
Mexico,0,0,0.0
Mexico,0,1,0.0
Mexico,0,0,0.0
Mexico,0,1,0.0
Mexico,0,1,-30.794789496981277
Mexico,0,0,0.0
Mexico,0,0,0.0
Mexico,0,1,61.589578993962554
Mexico,0,1,0.0
Mexico,0,1,0.0
Mexico,0,0,0.0
Mexico,0,0,0.0
Mexico,0,0,0.0
Mexico,0,1,0.0
Mexico,0,1,0.0
Mexico,0,1,0.0
Mexico,0,1,0.0
Mexico,0,1,0.0
Mexico,0,0,0.0
Mexico,0,0,0.0
Mexico,0,1,-225.82845631119602
Mexico,0,1,0.0
Mexico,0,0,0.0
Mexico,0,0,0.0
Mexico,0,1,0.0
Mexico,0,0,0.0
Mexico,0,0,0.0
Mexico,0,1,0.0
Mexico,0,0,0.0
Mexico,0,1,780.1346672568591
Mexico,0,1,0.0
Mexico,0,1,82.11943865861674
Mexico,0,1,-25.66232458081773
Mexico,0,1,0.0
Mexico,0,1,0.0
Mexico,0,0,0.0
Mexico,0,0,0.0
Mexico,0,0,0.0
Mexico,0,0,0.0
Mexico,0,0,0.0
Mexico,0,0,0.0
Mexico,0,0,0.0
Mexico,0,0,0.0
Mexico,0,1,0.0
Mexico,0,0,0.0
Mexico,0,0,0.0
Mexico,0,1,0.0
Mexico,0,1,0.0
Mexico,0,1,51.32464916163546
Mexico,0,1,0.0
Mexico,0,1,41.05971932930837
Mexico,0,1,-1334.440878202522
Mexico,0,1,0.0
Mexico,0,1,0.0
Mexico,0,0,0.0
Mexico,0,1,0.0
Mexico,0,1,0.0
Mexico,0,1,0.0
Mexico,0,0,0.0
Mexico,0,0,0.0
Mexico,0,1,0.0
Mexico,0,0,0.0
Mexico,0,0,0.0
Mexico,0,0,0.0
Mexico,0,1,0.0
Mexico,0,0,51.32464916163546
Mexico,0,1,0.0
Mexico,0,1,0.0
Mexico,0,1,0.0
Mexico,0,0,0.0
Mexico,0,0,0.0
Mexico,0,1,0.0
Mexico,0,1,0.0
Mexico,0,0,513.2464916163547
Mexico,0,0,0.0
Mexico,0,1,0.0
Mexico,0,1,0.0
Mexico,0,1,0.0
Mexico,0,1,0.0
Mexico,0,1,0.0
Mexico,0,0,0.0
Mexico,0,1,0.0
Mexico,0,1,0.0
Mexico,0,1,0.0
Mexico,0,1,0.0
Mexico,0,0,-51.32464916163546
Mexico,0,0,0.0
Mexico,0,0,0.0
Mexico,0,1,0.0
Mexico,0,0,-143.7090176525793
Mexico,0,1,0.0
Mexico,0,0,0.0
Mexico,0,0,0.0
Mexico,0,1,0.0
Mexico,0,1,0.0
Mexico,0,1,0.0
Mexico,0,1,0.0
Mexico,0,0,-20.529859664654186
Mexico,0,0,0.0
Mexico,0,0,0.0
Mexico,0,1,0.0
Mexico,0,1,0.0
Mexico,0,0,0.0
Mexico,0,0,0.0
Mexico,0,0,0.0
Mexico,0,0,0.0
Mexico,0,0,0.0
Mexico,0,0,0.0
Mexico,0,0,0.0
Mexico,0,1,0.0
Mexico,0,1,0.0
Mexico,0,1,0.0
Mexico,0,0,0.0
Mexico,0,1,0.0
Mexico,0,1,153.97394748490638
Mexico,0,0,0.0
Mexico,0,0,0.0
Mexico,0,1,0.0
Mexico,0,1,0.0
Mexico,0,1,0.0
Mexico,0,0,0.0
Mexico,0,1,821.1943865861674
Mexico,0,1,0.0
Mexico,0,0,0.0
Mexico,0,1,0.0
Mexico,0,0,0.0
Mexico,0,1,0.0
Mexico,0,1,0.0
Mexico,0,0,0.0
Mexico,0,1,10.264929832327093
Mexico,0,0,0.0
Mexico,0,0,0.0
Mexico,0,1,46.192184245471914
Mexico,0,1,0.0
Mexico,0,0,-71.85450882628965
Mexico,0,0,0.0
Mexico,0,1,287.4180353051586
Mexico,0,0,112.91422815559801
Mexico,0,0,0.0
Mexico,0,1,0.0
Mexico,0,1,-205.29859664654185
Mexico,0,0,0.0
Mexico,0,1,0.0
Mexico,0,0,0.0
Mexico,0,1,0.0
Mexico,0,0,0.0
Mexico,0,0,0.0
Mexico,0,1,0.0
Mexico,0,0,71.85450882628965
Mexico,0,0,-10.264929832327093
Mexico,0,0,0.0
Mexico,0,0,0.0
Mexico,0,1,0.0
Mexico,0,0,0.0
Mexico,0,1,0.0
Mexico,0,1,0.0
Mexico,0,1,0.0
Mexico,0,1,0.0
Mexico,0,1,0.0
Mexico,0,0,0.0
Mexico,0,1,0.0
Mexico,0,0,0.0
Mexico,0,1,0.0
Mexico,0,1,0.0
Mexico,0,1,0.0
Mexico,0,0,0.0
Mexico,0,0,0.0
Mexico,0,0,0.0
Mexico,0,1,0.0
Mexico,0,1,92.38436849094383
Mexico,0,1,0.0
Mexico,0,0,0.0
Mexico,0,0,0.0
Mexico,0,1,0.0
Mexico,0,0,0.0
Mexico,0,1,0.0
Mexico,0,1,0.0
Mexico,0,0,0.0
Mexico,0,1,143.7090176525793
Mexico,0,0,-718.5450882628965
Mexico,0,0,0.0
Mexico,0,0,-51.32464916163546
Mexico,0,1,0.0
Mexico,0,0,0.0
Mexico,0,0,0.0
Mexico,0,1,0.0
Mexico,0,1,0.0
Mexico,0,0,0.0
Mexico,0,1,0.0
Mexico,0,0,0.0
Mexico,0,1,472.18677228704627
Mexico,0,1,0.0
Mexico,0,1,0.0
Mexico,0,1,0.0
Mexico,0,0,0.0
Mexico,0,1,0.0
Mexico,0,1,143.7090176525793
Mexico,0,0,0.0
Mexico,0,1,105.72877727296905
Mexico,0,1,0.0
Mexico,0,1,0.0
Mexico,0,0,0.0
Mexico,0,0,0.0
Mexico,0,0,0.0
Mexico,0,0,0.0
Mexico,0,0,0.0
Mexico,0,1,0.0
Mexico,0,1,0.0
Mexico,0,0,0.0
Mexico,0,0,0.0
Mexico,0,1,0.0
Mexico,0,1,0.0
Mexico,0,1,0.0
Mexico,0,0,153.97394748490638
Mexico,0,1,0.0
Mexico,0,0,0.0
Mexico,0,1,0.0
Mexico,0,1,0.0
Mexico,0,1,30.794789496981277
Mexico,0,1,0.0
Mexico,0,1,0.0
Mexico,0,0,0.0
Mexico,0,0,0.0
Mexico,0,0,0.0
Mexico,0,1,0.0
Mexico,0,0,0.0
Mexico,0,0,0.0
Mexico,0,0,0.0
Mexico,0,1,0.0
Mexico,0,1,0.0
Mexico,0,0,0.0
Mexico,0,0,0.0
Mexico,0,1,0.0
Mexico,0,0,61.589578993962554
Mexico,0,1,0.0
Mexico,0,0,0.0
Mexico,0,0,0.0
Mexico,0,1,0.0
Mexico,0,1,0.0
Mexico,0,0,0.0
Mexico,0,1,153.97394748490638
Mexico,0,0,0.0
Mexico,0,0,51.32464916163546
Mexico,0,0,0.0
Mexico,0,1,0.0
Mexico,0,1,0.0
Mexico,0,0,0.0
Mexico,0,0,0.0
Mexico,0,0,256.62324580817733
Mexico,0,0,0.0
Mexico,0,0,0.0
Mexico,0,1,0.0
Mexico,0,0,0.0
Mexico,0,0,0.0
Mexico,0,1,0.0
Mexico,0,0,71.85450882628965
Mexico,0,1,0.0
Mexico,0,0,0.0
Mexico,0,1,0.0
Mexico,0,0,0.0
Mexico,0,0,0.0
Mexico,0,1,0.0
Mexico,0,1,0.0
Mexico,0,1,0.0
Mexico,0,0,-205.29859664654185
Mexico,0,1,0.0
Mexico,0,0,0.0
Mexico,0,1,0.0
Mexico,0,0,0.0
Mexico,0,0,0.0
Mexico,0,1,0.0
Mexico,0,1,0.0
Mexico,0,1,0.0
Mexico,0,1,0.0
Mexico,0,0,0.0
Mexico,0,0,71.85450882628965
Mexico,0,0,0.0
Mexico,0,1,0.0
Mexico,0,0,-102.64929832327093
Mexico,0,0,0.0
Mexico,0,1,0.0
Mexico,0,1,0.0
Mexico,0,1,0.0
Mexico,0,0,0.0
Mexico,0,1,0.0
Mexico,0,0,0.0
Mexico,0,0,0.0
Mexico,0,0,0.0
Mexico,0,1,0.0
Mexico,0,0,0.0
Mexico,0,0,0.0
Mexico,0,0,0.0
Mexico,0,0,0.0
Mexico,0,1,0.0
Mexico,0,0,0.0
Mexico,0,0,143.7090176525793
Mexico,0,0,15.397394748490639
Mexico,0,1,0.0
Mexico,0,1,0.0
Mexico,0,1,0.0
Mexico,0,0,0.0
Mexico,0,0,0.0
Mexico,0,0,0.0
Mexico,0,1,-821.1943865861674
Mexico,0,1,0.0
Mexico,0,1,0.0
Mexico,0,1,0.0
Mexico,0,1,0.0
Mexico,0,1,0.0
Mexico,0,0,0.0
Mexico,0,0,30.794789496981277
Mexico,0,0,0.0
Mexico,0,1,0.0
Mexico,0,0,0.0
Mexico,0,0,0.0
Mexico,0,0,-564.5711407779901
Mexico,0,1,0.0
Mexico,0,0,0.0
Mexico,0,0,0.0
Mexico,0,0,0.0
Mexico,0,0,10.264929832327093
Mexico,0,1,92.38436849094383
Mexico,0,1,0.0
Mexico,0,0,0.0
Mexico,0,0,0.0
Mexico,0,0,0.0
Mexico,0,0,0.0
Mexico,0,1,0.0
Mexico,0,1,0.0
Mexico,0,0,0.0
Mexico,0,0,0.0
Mexico,0,0,0.0
Mexico,0,0,0.0
Mexico,0,0,0.0
Mexico,0,0,0.0
Mexico,0,1,0.0
Mexico,0,0,-123.17915798792511
Mexico,0,0,0.0
Mexico,0,1,51.32464916163546
Mexico,0,0,0.0
Mexico,0,1,0.0
Mexico,0,0,0.0
Mexico,0,0,0.0
Mexico,0,0,0.0
Mexico,0,0,0.0
Mexico,0,1,27.71531054728315
Mexico,0,1,0.0
Mexico,0,1,0.0
Mexico,0,1,0.0
Mexico,0,0,0.0
Mexico,0,0,0.0
Mexico,0,0,0.0
Mexico,0,1,15.397394748490639
Mexico,0,1,0.0
Mexico,0,1,0.0
Mexico,0,1,0.0
Mexico,0,0,0.0
Mexico,0,0,0.0
Mexico,0,0,0.0
Mexico,0,1,0.0
Mexico,0,1,0.0
Mexico,0,1,30.794789496981277
Mexico,0,0,0.0
Mexico,0,0,0.0
Mexico,0,1,0.0
Mexico,0,0,147.81498958551012
Mexico,0,1,0.0
Mexico,0,1,0.0
Mexico,0,1,0.0
Mexico,0,1,0.0
Mexico,0,1,0.0
Mexico,0,0,0.0
Mexico,0,0,0.0
Mexico,0,1,0.0
Mexico,0,1,0.0
Mexico,0,1,0.0
Mexico,0,1,0.0
Mexico,0,0,-718.5450882628965
Mexico,0,1,0.0
Mexico,0,0,82.11943865861674
Mexico,0,1,0.0
Mexico,0,0,0.0
Mexico,0,1,205.29859664654185
Mexico,0,1,0.0
Mexico,0,1,0.0
Mexico,0,1,0.0
Mexico,0,1,0.0
Mexico,0,0,0.0
Mexico,0,1,0.0
Mexico,0,0,0.0
Mexico,0,1,35.92725441314482
Mexico,0,1,0.0
Mexico,0,1,0.0
Mexico,0,0,0.0
Mexico,0,0,0.0
Mexico,0,1,0.0
Mexico,0,0,0.0
Mexico,0,1,0.0
Mexico,0,1,71.85450882628965
Mexico,0,0,0.0
Mexico,0,0,0.0
Mexico,0,0,-20.529859664654186
Mexico,0,1,0.0
Mexico,0,0,0.0
Mexico,0,1,0.0
Mexico,0,1,0.0
Mexico,0,1,0.0
Mexico,0,0,0.0
Mexico,0,0,0.0
Mexico,0,1,0.0
Mexico,0,1,41.05971932930837
Mexico,0,0,0.0
Mexico,0,1,0.0
Mexico,0,1,0.0
Mexico,0,1,0.0
Mexico,0,0,0.0
Mexico,0,0,0.0
Mexico,0,1,0.0
Mexico,0,1,0.0
Mexico,0,0,0.0
Mexico,0,1,0.0
Mexico,0,1,0.0
Mexico,0,0,0.0
Mexico,0,1,0.0
Mexico,0,1,410.5971932930837
Mexico,0,0,0.0
Mexico,0,0,0.0
Mexico,0,0,0.0
Mexico,0,0,0.0
Mexico,0,1,0.0
Mexico,0,1,102.64929832327093
Mexico,0,0,0.0
Mexico,0,0,0.0
Mexico,0,1,-256.62324580817733
Mexico,0,1,0.0
Mexico,0,1,0.0
Mexico,0,1,0.0
Mexico,0,1,0.0
Mexico,0,1,0.0
Mexico,0,0,169.37134223339703
Mexico,0,0,0.0
Mexico,0,0,0.0
Mexico,0,0,0.0
Mexico,0,1,0.0
Mexico,0,0,0.0
Mexico,0,0,0.0
Mexico,0,1,0.0
Mexico,0,0,71.85450882628965
Mexico,0,0,0.0
Mexico,0,1,0.0
Mexico,0,0,0.0
Mexico,0,0,1827.1575101542223
Mexico,0,0,0.0
Mexico,0,0,0.0
Mexico,0,0,0.0
Mexico,0,0,61.589578993962554
Mexico,0,1,0.0
Mexico,0,1,71.85450882628965
Mexico,0,1,0.0
Mexico,0,0,0.0
Mexico,0,1,0.0
Mexico,0,1,0.0
Mexico,0,1,0.0
Mexico,0,0,0.0
Mexico,0,0,46.192184245471914
Mexico,0,0,0.0
Mexico,0,0,0.0
Mexico,0,1,41.05971932930837
Mexico,0,1,0.0
Mexico,0,0,0.0
Mexico,0,0,0.0
Mexico,0,0,0.0
Mexico,0,1,0.0
Mexico,0,1,0.0
Mexico,0,0,0.0
Mexico,0,0,0.0
Mexico,0,1,0.0
Mexico,0,1,0.0
Mexico,0,1,-205.29859664654185
Mexico,0,1,0.0
Mexico,0,1,0.0
Mexico,0,1,0.0
Mexico,0,1,0.0
Mexico,0,1,0.0
Mexico,0,1,0.0
Mexico,0,0,0.0
Mexico,0,1,0.0
Mexico,0,1,0.0
Mexico,0,0,0.0
Mexico,0,0,0.0
Mexico,0,1,0.0
Mexico,0,0,0.0
Mexico,0,1,0.0
Mexico,0,0,0.0
Mexico,0,0,0.0
Mexico,0,1,0.0
Mexico,0,0,0.0
Mexico,0,1,0.0
Mexico,0,1,0.0
Mexico,0,0,0.0
Mexico,0,1,0.0
Mexico,0,0,0.0
Mexico,0,1,0.0
Mexico,0,1,749.3398777598777
Mexico,0,0,0.0
Mexico,0,0,0.0
Mexico,0,0,0.0
Mexico,0,1,71.85450882628965
Mexico,0,0,0.0
Mexico,0,1,0.0
Mexico,0,1,0.0
Mexico,0,0,0.0
Mexico,0,1,0.0
Mexico,0,1,0.0
Mexico,0,0,61.589578993962554
Mexico,0,1,0.0
Mexico,0,1,0.0
Mexico,0,1,0.0
Mexico,0,1,718.5450882628965
Mexico,0,1,0.0
Mexico,0,1,0.0
Mexico,0,0,0.0
Mexico,0,0,0.0
Mexico,0,1,0.0
Mexico,0,1,0.0
Mexico,0,0,0.0
Mexico,0,0,0.0
Mexico,0,1,153.97394748490638
Mexico,0,0,0.0
Mexico,0,0,0.0
Mexico,0,1,0.0
Mexico,0,0,0.0
Mexico,0,0,82.11943865861674
Mexico,0,1,10.264929832327093
Mexico,0,0,0.0
Mexico,0,1,0.0
Mexico,0,1,0.0
Mexico,0,0,0.0
Mexico,0,1,82.11943865861674
Mexico,0,0,0.0
Mexico,0,1,0.0
Mexico,0,1,0.0
Mexico,0,1,0.0
Mexico,0,1,0.0
Mexico,0,0,0.0
Mexico,0,1,0.0
Mexico,0,0,0.0
Mexico,0,1,0.0
Mexico,0,1,0.0
Mexico,0,1,0.0
Mexico,0,0,0.0
Mexico,0,1,0.0
Mexico,0,1,0.0
Mexico,0,1,0.0
Mexico,0,0,0.0
Mexico,0,0,0.0
Mexico,0,0,0.0
Mexico,0,0,0.0
Mexico,0,1,0.0
Mexico,0,1,0.0
Mexico,0,1,0.0
Mexico,0,1,0.0
Mexico,0,0,0.0
Mexico,0,1,20.529859664654186
Mexico,0,1,0.0
Mexico,0,0,0.0
Mexico,0,1,718.5450882628965
Mexico,0,1,0.0
Mexico,0,0,153.97394748490638
Mexico,0,1,102.64929832327093
Mexico,0,0,0.0
Mexico,0,1,0.0
Mexico,0,0,0.0
Mexico,0,1,390.06733362842954
Mexico,0,0,0.0
Mexico,0,1,0.0
Mexico,0,1,0.0
Mexico,0,0,51.32464916163546
Mexico,0,1,0.0
Mexico,0,0,123.17915798792511
Mexico,0,1,0.0
Mexico,0,1,0.0
Mexico,0,1,0.0
Mexico,0,1,0.0
Mexico,0,0,0.0
Mexico,0,1,0.0
Mexico,0,1,102.64929832327093
Mexico,0,0,0.0
Mexico,0,1,0.0
Mexico,0,0,133.4440878202522
Mexico,0,0,0.0
Mexico,0,0,0.0
Mexico,0,0,0.0
Mexico,0,1,0.0
Mexico,0,1,0.0
Mexico,0,0,0.0
Mexico,0,1,0.0
Mexico,0,1,0.0
Mexico,0,1,0.0
Mexico,0,1,0.0
Mexico,0,0,0.0
Mexico,0,0,133.4440878202522
Mexico,0,0,61.589578993962554
Mexico,0,0,0.0
Mexico,0,0,0.0
Mexico,0,0,0.0
Mexico,0,0,0.0
Mexico,0,0,0.0
Mexico,0,0,0.0
Mexico,0,1,0.0
Mexico,0,0,0.0
Mexico,0,0,0.0
Mexico,0,1,158.07991941783723
Mexico,0,1,0.0
Mexico,0,0,61.589578993962554
Mexico,0,0,0.0
Mexico,0,1,0.0
Mexico,0,1,0.0
Mexico,0,0,-20.529859664654186
Mexico,0,0,282.28557038899504
Mexico,0,0,0.0
Mexico,0,0,0.0
Mexico,0,0,0.0
Mexico,0,1,0.0
Mexico,0,1,0.0
Mexico,0,1,0.0
Mexico,0,1,71.85450882628965
Mexico,0,0,-636.4256496042798
Mexico,0,0,0.0
Mexico,0,0,0.0
Mexico,0,1,0.0
Mexico,0,0,0.0
Mexico,0,1,0.0
Mexico,0,1,0.0
Mexico,0,0,127.28512992085595
Mexico,0,1,0.0
Mexico,0,0,513.2464916163547
Mexico,0,0,0.0
Mexico,0,0,0.0
Mexico,0,0,0.0
Mexico,0,1,0.0
Mexico,0,0,0.0
Mexico,0,0,-17.450380714956058
Mexico,0,1,0.0
Mexico,0,1,0.0
Mexico,0,1,0.0
Mexico,0,0,0.0
Mexico,0,0,0.0
Mexico,0,0,102.64929832327093
Mexico,0,0,0.0
Mexico,0,0,0.0
Mexico,0,0,-41.05971932930837
Mexico,0,0,-24.63583159758502
Mexico,0,1,51.32464916163546
Mexico,0,1,0.0
Mexico,0,1,0.0
Mexico,0,1,0.0
Mexico,0,1,0.0
Mexico,0,1,0.0
Mexico,0,1,0.0
Mexico,0,1,0.0
Mexico,0,1,51.32464916163546
Mexico,0,0,0.0
Mexico,0,1,0.0
Mexico,0,0,0.0
Mexico,0,0,-195.03366681421477
Mexico,0,1,30.794789496981277
Mexico,0,1,0.0
Mexico,0,1,0.0
Mexico,0,0,0.0
Mexico,0,1,0.0
Mexico,0,0,0.0
Mexico,0,0,82.11943865861674
Mexico,0,0,0.0
Mexico,0,1,0.0
Mexico,0,1,0.0
Mexico,0,1,0.0
Mexico,0,0,0.0
Mexico,0,1,410.5971932930837
Mexico,0,0,0.0
Mexico,0,0,0.0
Mexico,0,0,0.0
Mexico,0,0,0.0
Mexico,0,1,0.0
Mexico,0,1,0.0
Mexico,0,0,0.0
Mexico,0,0,0.0
Mexico,0,1,0.0
Mexico,0,1,0.0
Mexico,0,1,0.0
Mexico,0,1,0.0
Mexico,0,1,0.0
Mexico,0,0,0.0
Mexico,0,1,0.0
Mexico,0,1,0.0
Mexico,0,0,41.05971932930837
Mexico,0,1,0.0
Mexico,0,0,51.32464916163546
Mexico,0,0,0.0
Mexico,0,1,0.0
Mexico,0,0,0.0
Mexico,0,0,0.0
Mexico,0,1,0.0
Mexico,0,1,0.0
Mexico,0,1,0.0
Mexico,0,0,0.0
Mexico,0,0,0.0
Mexico,0,1,10.264929832327093
Mexico,0,0,0.0
Mexico,0,0,0.0
Mexico,0,1,0.0
Mexico,0,1,0.0
Mexico,0,1,0.0
Mexico,0,1,0.0
Mexico,0,1,0.0
Mexico,0,1,0.0
Mexico,0,0,0.0
Mexico,0,1,0.0
Mexico,0,1,0.0
Mexico,0,1,0.0
Mexico,0,1,0.0
Mexico,0,1,0.0
Mexico,0,0,0.0
Mexico,0,1,0.0
Mexico,0,1,0.0
Mexico,0,0,0.0
Mexico,0,0,0.0
Mexico,0,1,0.0
Mexico,0,1,0.0
Mexico,0,1,0.0
Mexico,0,0,0.0
Mexico,0,1,0.0
Mexico,0,1,0.0
Mexico,0,0,0.0
Mexico,0,1,718.5450882628965
Mexico,0,0,0.0
Mexico,0,1,0.0
Mexico,0,1,0.0
Mexico,0,1,0.0
Mexico,0,1,0.0
Mexico,0,1,0.0
Mexico,0,0,0.0
Mexico,0,1,0.0
Mexico,0,0,0.0
Mexico,0,1,0.0
Mexico,0,0,0.0
Mexico,0,0,0.0
Mexico,0,1,-30.794789496981277
Mexico,0,0,0.0
Mexico,0,1,0.0
Mexico,0,0,0.0
Mexico,0,1,0.0
Mexico,0,1,0.0
Mexico,0,0,0.0
Mexico,0,0,0.0
Mexico,0,0,0.0
Mexico,0,1,0.0
Mexico,0,0,0.0
Mexico,0,0,0.0
Mexico,0,0,0.0
Mexico,0,1,0.0
Mexico,0,1,0.0
Mexico,0,0,0.0
Mexico,0,0,0.0
Mexico,0,0,0.0
Mexico,0,0,102.64929832327093
Mexico,0,0,0.0
Mexico,0,0,0.0
Mexico,0,0,0.0
Mexico,0,1,0.0
Mexico,0,1,71.85450882628965
Mexico,0,1,0.0
Mexico,0,0,0.0
Mexico,0,0,0.0
Mexico,0,1,0.0
Mexico,0,1,0.0
Mexico,0,0,0.0
Mexico,0,0,0.0
Mexico,0,0,0.0
Mexico,0,0,51.32464916163546
Mexico,0,1,0.0
Mexico,0,1,0.0
Mexico,0,0,133.4440878202522
Mexico,0,1,0.0
Mexico,0,1,0.0
Mexico,0,0,0.0
Mexico,0,1,0.0
Mexico,0,0,0.0
Mexico,0,1,0.0
Mexico,0,0,0.0
Mexico,0,0,0.0
Mexico,0,1,0.0
Mexico,0,1,0.0
Mexico,0,0,0.0
Mexico,0,0,0.0
Mexico,0,0,0.0
Mexico,0,0,0.0
Mexico,0,1,102.64929832327093
Mexico,0,1,102.64929832327093
Mexico,0,1,821.1943865861674
Mexico,0,0,0.0
Mexico,0,1,256.62324580817733
Mexico,0,1,0.0
Mexico,0,0,0.0
Mexico,0,1,0.0
Mexico,0,1,0.0
Mexico,0,1,0.0
Mexico,0,1,180.97071294392663
Mexico,0,0,0.0
Mexico,0,0,0.0
Mexico,0,0,0.0
Mexico,0,0,0.0
Mexico,0,0,30.794789496981277
Mexico,0,1,0.0
Mexico,0,1,0.0
Mexico,0,1,0.0
Mexico,0,1,0.0
Mexico,0,0,0.0
Mexico,0,0,41.05971932930837
Mexico,0,1,0.0
Mexico,0,1,307.94789496981275
Mexico,0,1,0.0
Mexico,0,0,153.97394748490638
Mexico,0,0,0.0
Mexico,0,1,0.0
Mexico,0,1,102.64929832327093
Mexico,0,0,0.0
Mexico,0,1,0.0
Mexico,0,1,0.0
Mexico,0,0,0.0
Mexico,0,0,0.0
Mexico,0,0,0.0
Mexico,0,1,0.0
Mexico,0,0,0.0
Mexico,0,0,0.0
Mexico,0,0,0.0
Mexico,0,1,0.0
Mexico,0,1,0.0
Mexico,0,0,0.0
Mexico,0,0,0.0
Mexico,0,0,0.0
Mexico,0,1,0.0
Mexico,0,0,0.0
Mexico,0,0,184.76873698188766
Mexico,0,0,-123.17915798792511
Mexico,0,1,0.0
Mexico,0,1,0.0
Mexico,0,0,0.0
Mexico,0,0,369.5374739637753
Mexico,0,0,0.0
Mexico,0,1,0.0
Mexico,0,0,0.0
Mexico,0,1,0.0
Mexico,0,0,0.0
Mexico,0,0,0.0
Mexico,0,0,0.0
Mexico,0,1,0.0
Mexico,0,1,0.0
Mexico,0,0,0.0
Mexico,0,0,0.0
Mexico,0,1,0.0
Mexico,0,1,-15.397394748490639
Mexico,0,1,0.0
Mexico,0,1,10.264929832327093
Mexico,0,1,0.0
Mexico,0,1,0.0
Mexico,0,1,0.0
Mexico,0,1,0.0
Mexico,0,0,307.94789496981275
Mexico,0,0,0.0
Mexico,0,1,0.0
Mexico,0,1,0.0
Mexico,0,1,0.0
Mexico,0,1,0.0
Mexico,0,0,0.0
Mexico,0,1,153.97394748490638
Mexico,0,0,0.0
Mexico,0,1,67.7485368933588
Mexico,0,0,0.0
Mexico,0,1,0.0
Mexico,0,1,0.0
Mexico,0,1,0.0
Mexico,0,1,0.0
Mexico,0,0,0.0
Mexico,0,0,0.0
Mexico,0,0,0.0
Mexico,0,1,0.0
Mexico,0,1,0.0
Mexico,0,0,-153.97394748490638
Mexico,0,0,0.0
Mexico,0,1,9.238436849094382
Mexico,0,0,0.0
Mexico,0,1,0.0
Mexico,0,0,0.0
Mexico,0,0,0.0
Mexico,0,0,0.0
Mexico,0,1,0.0
Mexico,0,1,0.0
Mexico,0,0,0.0
Mexico,0,1,0.0
Mexico,0,1,0.0
Mexico,0,1,0.0
Mexico,0,0,0.0
Mexico,0,1,0.0
Mexico,0,1,0.0
Mexico,0,0,0.0
Mexico,0,0,123.17915798792511
Mexico,0,1,0.0
Mexico,0,1,0.0
Mexico,0,1,0.0
Mexico,0,1,0.0
Mexico,0,1,0.0
Mexico,0,0,0.0
Mexico,0,0,0.0
Mexico,0,1,102.64929832327093
Mexico,0,0,0.0
Mexico,0,1,-20.529859664654186
Mexico,0,0,0.0
Mexico,0,1,0.0
Mexico,0,0,-71.85450882628965
Mexico,0,1,0.0
Mexico,0,1,-205.29859664654185
Mexico,0,1,0.0
Mexico,0,1,0.0
Mexico,0,1,0.0
Mexico,0,1,0.0
Mexico,0,1,0.0
Mexico,0,0,0.0
Mexico,0,0,-20.529859664654186
Mexico,0,0,51.32464916163546
Mexico,0,1,0.0
Mexico,0,1,0.0
Mexico,0,1,0.0
Mexico,0,0,0.0
Mexico,0,1,-153.97394748490638
Mexico,0,1,-5.1324649161635465
Mexico,0,0,0.0
Mexico,0,1,0.0
Mexico,0,0,0.0
Mexico,0,0,0.0
Mexico,0,0,0.0
Mexico,0,1,0.0
Mexico,0,0,51.32464916163546
Mexico,0,0,0.0
Mexico,0,0,0.0
Mexico,0,1,0.0
Mexico,0,1,71.85450882628965
Mexico,0,1,0.0
Mexico,0,0,0.0
Mexico,0,0,0.0
Mexico,0,1,0.0
Mexico,0,0,82.11943865861674
Mexico,0,0,102.64929832327093
Mexico,0,1,0.0
Mexico,0,1,287.4180353051586
Mexico,0,1,0.0
Mexico,0,1,0.0
Mexico,0,0,0.0
Mexico,0,0,0.0
Mexico,0,0,0.0
Mexico,0,1,0.0
Mexico,0,1,0.0
Mexico,0,1,0.0
Mexico,0,0,84.17242462508216
Mexico,0,0,0.0
Mexico,0,0,102.64929832327093
Mexico,0,0,20.529859664654186
Mexico,0,0,0.0
Mexico,0,0,0.0
Mexico,0,0,0.0
Mexico,0,0,0.0
Mexico,0,0,0.0
Mexico,0,1,-205.29859664654185
Mexico,0,0,0.0
Mexico,0,0,0.0
Mexico,0,1,-164.2388773172335
Mexico,0,0,0.0
Mexico,0,0,0.0
Mexico,0,1,0.0
Mexico,0,1,0.0
Mexico,0,1,71.85450882628965
Mexico,0,0,0.0
Mexico,0,0,82.11943865861674
Mexico,0,1,0.0
Mexico,0,1,0.0
Mexico,0,0,0.0
Mexico,0,1,0.0
Mexico,0,0,0.0
Mexico,0,1,0.0
Mexico,0,0,0.0
Mexico,0,1,0.0
Mexico,0,0,0.0
Mexico,0,1,0.0
Mexico,0,1,153.97394748490638
Mexico,0,0,0.0
Mexico,0,1,0.0
Mexico,0,1,0.0
Mexico,0,1,82.11943865861674
Mexico,0,1,0.0
Mexico,0,1,205.29859664654185
Mexico,0,1,-20.529859664654186
Mexico,0,1,-184.76873698188766
Mexico,0,0,0.0
Mexico,0,1,0.0
Mexico,0,1,0.0
Mexico,0,1,-4.105971932930837
Mexico,0,0,41.05971932930837
Mexico,0,1,0.0
Mexico,0,0,0.0
Mexico,0,1,0.0
Mexico,0,0,0.0
Mexico,0,1,0.0
Mexico,0,0,0.0
Mexico,0,1,0.0
Mexico,0,1,0.0
Mexico,0,1,102.64929832327093
Mexico,0,1,0.0
Mexico,0,1,0.0
Mexico,0,1,0.0
Mexico,0,0,0.0
Mexico,0,0,0.0
Mexico,0,1,0.0
Mexico,0,1,0.0
Mexico,0,1,0.0
Mexico,0,0,0.0
Mexico,0,1,-718.5450882628965
Mexico,0,0,0.0
Mexico,0,0,0.0
Mexico,0,0,0.0
Mexico,0,1,0.0
Mexico,0,1,26.68881756405044
Mexico,0,1,-92.38436849094383
Mexico,0,0,0.0
Mexico,0,1,0.0
Mexico,0,1,0.0
Mexico,0,0,0.0
Mexico,0,1,61.589578993962554
Mexico,0,0,153.97394748490638
Mexico,0,0,51.32464916163546
Mexico,0,1,0.0
Mexico,0,1,0.0
Mexico,0,0,821.1943865861674
Mexico,0,1,0.0
Mexico,0,0,0.0
Mexico,0,1,0.0
Mexico,0,1,0.0
Mexico,0,0,0.0
Mexico,0,0,0.0
Mexico,0,0,0.0
Mexico,0,0,0.0
Mexico,0,1,0.0
Mexico,0,1,0.0
Mexico,0,0,0.0
Mexico,0,0,10.264929832327093
Mexico,0,1,0.0
Mexico,0,1,0.0
Mexico,0,1,0.0
Mexico,0,0,0.0
Mexico,0,0,0.0
Mexico,0,1,0.0
Mexico,0,0,82.11943865861674
Mexico,0,0,0.0
Mexico,0,0,0.0
Mexico,0,0,153.97394748490638
Mexico,0,0,0.0
Mexico,0,1,0.0
Mexico,0,1,0.0
Mexico,0,1,0.0
Mexico,0,1,0.0
Mexico,0,0,0.0
Mexico,0,0,26.68881756405044
Mexico,0,0,0.0
Mexico,0,1,0.0
Mexico,0,0,-205.29859664654185
Mexico,0,1,1334.440878202522
Mexico,0,0,0.0
Mexico,0,0,0.0
Mexico,0,0,0.0
Mexico,0,1,0.0
Mexico,0,1,0.0
Mexico,0,0,0.0
Mexico,0,0,0.0
Mexico,0,1,0.0
Mexico,0,0,-4.927166319517005
Mexico,0,1,30.794789496981277
Mexico,0,0,0.0
Mexico,0,0,0.0
Mexico,0,1,0.0
Mexico,0,1,143.7090176525793
Mexico,0,1,0.0
Mexico,0,1,0.0
Mexico,0,1,0.0
Mexico,0,1,0.0
Mexico,0,0,0.0
Mexico,0,0,0.0
Mexico,0,0,41.05971932930837
Mexico,0,1,0.0
Mexico,0,0,0.0
Mexico,0,1,0.0
Mexico,0,0,0.0
Mexico,0,1,0.0
Mexico,0,0,0.0
Mexico,0,0,0.0
Mexico,0,1,0.0
Mexico,0,1,0.0
Mexico,0,0,0.0
Mexico,0,0,0.0
Mexico,0,0,0.0
Mexico,0,0,0.0
Mexico,0,0,0.0
Mexico,0,1,0.0
Mexico,0,1,0.0
Mexico,0,1,0.0
Mexico,0,1,0.0
Mexico,0,0,0.0
Mexico,0,1,102.64929832327093
Mexico,0,1,0.0
Mexico,0,1,0.0
Mexico,0,0,0.0
Mexico,0,1,821.1943865861674
Mexico,0,1,0.0
Mexico,0,0,0.0
Mexico,0,1,0.0
Mexico,0,1,0.0
Mexico,0,0,0.0
Mexico,0,1,0.0
Mexico,0,1,0.0
Mexico,0,1,0.0
Mexico,0,1,0.0
Mexico,0,1,0.0
Mexico,0,1,35.92725441314482
Mexico,0,1,0.0
Mexico,0,1,0.0
Mexico,0,0,0.0
Mexico,0,0,0.0
Mexico,0,1,0.0
Mexico,0,1,0.0
Mexico,0,1,-20.529859664654186
Mexico,0,0,0.0
Mexico,0,1,0.0
Mexico,0,1,0.0
Mexico,0,0,0.0
Mexico,0,1,0.0
Mexico,0,1,0.0
Mexico,0,1,0.0
Mexico,0,0,0.0
Mexico,0,0,0.0
Mexico,0,1,0.0
Mexico,0,1,0.0
Mexico,0,0,0.0
Mexico,0,1,0.0
Mexico,0,0,0.0
Mexico,0,1,0.0
Mexico,0,1,0.0
Mexico,0,1,0.0
Mexico,0,0,0.0
Mexico,0,1,0.0
Mexico,0,1,-143.7090176525793
Mexico,0,0,0.0
Mexico,0,1,0.0
Mexico,0,1,0.0
Mexico,0,0,410.5971932930837
Mexico,0,0,0.0
Mexico,0,1,0.0
Mexico,0,0,0.0
Mexico,0,0,0.0
Mexico,0,0,0.0
Mexico,0,0,61.589578993962554
Mexico,0,1,61.589578993962554
Mexico,0,0,0.0
Mexico,0,1,0.0
Mexico,0,1,0.0
Mexico,0,0,0.0
Mexico,0,0,0.0
Mexico,0,1,0.0
Mexico,0,1,0.0
Mexico,0,1,0.0
Mexico,0,0,0.0
Mexico,0,0,71.85450882628965
Mexico,0,1,0.0
Mexico,0,0,0.0
Mexico,0,1,0.0
Mexico,0,0,0.0
Mexico,0,1,0.0
Mexico,0,1,0.0
Mexico,0,0,14.884148256874283
Mexico,0,1,0.0
Mexico,0,0,0.0
Mexico,0,1,0.0
Mexico,0,0,0.0
Mexico,0,1,0.0
Mexico,0,1,0.0
Mexico,0,1,0.0
Mexico,0,1,-51.32464916163546
Mexico,0,0,0.0
Mexico,0,0,0.0
Mexico,0,1,0.0
Mexico,0,1,-205.29859664654185
Mexico,0,0,-30.794789496981277
Mexico,0,0,0.0
Mexico,0,1,0.0
Mexico,0,0,0.0
Mexico,0,0,-71.85450882628965
Mexico,0,1,0.0
Mexico,0,1,25.66232458081773
Mexico,0,0,-71.85450882628965
Mexico,0,0,0.0
Mexico,0,0,0.0
Mexico,0,0,0.0
Mexico,0,1,0.0
Mexico,0,1,0.0
Mexico,0,0,0.0
Mexico,0,1,0.0
Mexico,0,1,0.0
Mexico,0,0,0.0
Mexico,0,1,0.0
Mexico,0,0,0.0
Mexico,0,1,30.794789496981277
Mexico,0,0,-205.29859664654185
Mexico,0,0,0.0
Mexico,0,0,0.0
Mexico,0,1,0.0
Mexico,0,0,0.0
Mexico,0,0,82.11943865861674
Mexico,0,0,0.0
Mexico,0,1,0.0
Mexico,0,0,0.0
Mexico,0,1,0.0
Mexico,0,1,0.0
Mexico,0,1,0.0
Mexico,0,1,0.0
Mexico,0,1,0.0
Mexico,0,1,0.0
Mexico,0,1,0.0
Mexico,0,0,0.0
Mexico,0,1,0.0
Mexico,0,0,0.0
Mexico,0,0,0.0
Mexico,0,1,0.0
Mexico,0,1,0.0
Mexico,0,0,0.0
Mexico,0,0,-102.64929832327093
Mexico,0,0,0.0
Mexico,0,1,13.34440878202522
Mexico,0,0,0.0
Mexico,0,0,0.0
Mexico,0,1,0.0
Mexico,0,0,0.0
Mexico,0,0,0.0
Mexico,0,1,0.0
Mexico,0,1,0.0
Mexico,0,1,0.0
Mexico,0,1,0.0
Mexico,0,0,0.0
Mexico,0,0,0.0
Mexico,0,0,0.0
Mexico,0,1,0.0
Mexico,0,0,205.29859664654185
Mexico,0,1,0.0
Mexico,0,0,0.0
Mexico,0,0,0.0
Mexico,0,0,0.0
Mexico,0,1,0.0
Mexico,0,1,0.0
Mexico,0,0,0.0
Mexico,0,0,0.0
Mexico,0,1,0.0
Mexico,0,1,0.0
Mexico,0,1,102.64929832327093
Mexico,0,1,0.0
Mexico,0,0,0.0
Mexico,0,0,0.0
Mexico,0,0,0.0
Mexico,0,1,0.0
Mexico,0,1,0.0
Mexico,0,1,0.0
Mexico,0,1,0.0
Mexico,0,1,0.0
Mexico,0,0,0.0
Mexico,0,0,0.0
Mexico,0,0,0.0
Mexico,0,1,0.0
Mexico,0,1,0.0
Mexico,0,1,0.0
Mexico,0,0,0.0
Mexico,0,0,0.0
Mexico,0,1,0.0
Mexico,0,1,0.0
Mexico,0,0,0.0
Mexico,0,1,-1324.1759483701949
Mexico,0,1,0.0
Mexico,0,1,0.0
Mexico,0,1,0.0
Mexico,0,0,-61.589578993962554
Mexico,0,1,0.0
Mexico,0,0,0.0
Mexico,0,0,0.0
Mexico,0,0,20.529859664654186
Mexico,0,1,0.0
Mexico,0,0,0.0
Mexico,0,1,0.0
Mexico,0,0,0.0
Mexico,0,1,0.0
Mexico,0,0,0.0
Mexico,0,0,0.0
Mexico,0,1,0.0
Mexico,0,1,0.0
Mexico,0,0,51.32464916163546
Mexico,0,0,11.291422815559802
Mexico,0,0,0.0
Mexico,0,0,102.64929832327093
Mexico,0,0,0.0
Mexico,0,0,0.0
Mexico,0,1,0.0
Mexico,0,1,0.0
Mexico,0,0,0.0
Mexico,0,1,0.0
Mexico,0,1,0.0
Mexico,0,1,41.05971932930837
Mexico,0,0,10.264929832327093
Mexico,0,0,0.0
Mexico,0,0,0.0
Mexico,0,1,0.0
Mexico,0,0,0.0
Mexico,0,1,0.0
Mexico,0,0,0.0
Mexico,0,0,0.0
Mexico,0,0,-71.85450882628965
Mexico,0,1,0.0
Mexico,0,0,51.32464916163546
Mexico,0,0,0.0
Mexico,0,1,0.0
Mexico,0,1,0.0
Mexico,0,1,0.0
Mexico,0,1,-307.94789496981275
Mexico,0,0,0.0
Mexico,0,1,0.0
Mexico,0,0,68.4670819816217
Mexico,0,1,143.7090176525793
Mexico,0,1,0.0
Mexico,0,0,0.0
Mexico,0,1,-1.0264929832327092
Mexico,0,0,0.0
Mexico,0,0,0.0
Mexico,0,0,0.0
Mexico,0,1,0.0
Mexico,0,0,0.0
Mexico,0,0,0.0
Mexico,0,0,0.0
Mexico,0,1,0.0
Mexico,0,1,0.0
Mexico,0,1,0.0
Mexico,0,1,0.0
Mexico,0,0,0.0
Mexico,0,0,0.0
Mexico,0,0,0.0
Mexico,0,0,0.0
Mexico,0,1,0.0
Mexico,0,1,0.0
Mexico,0,1,0.0
Mexico,0,0,0.0
Mexico,0,1,0.0
Mexico,0,0,0.0
Mexico,0,0,0.0
Mexico,0,1,0.0
Mexico,0,1,0.0
Mexico,0,0,0.0
Mexico,0,0,0.0
Mexico,0,1,-143.7090176525793
Mexico,0,1,61.589578993962554
Mexico,0,1,20.529859664654186
Mexico,0,1,-256.62324580817733
Mexico,0,0,0.0
Mexico,0,0,10.264929832327093
Mexico,0,0,10.264929832327093
Mexico,0,0,0.0
Mexico,0,1,0.0
Mexico,0,1,0.0
Mexico,0,0,0.0
Mexico,0,0,0.0
Mexico,0,0,0.0
Mexico,0,0,0.0
Mexico,0,0,102.64929832327093
Mexico,0,1,0.0
Mexico,0,1,0.0
Mexico,0,1,0.0
Mexico,0,0,-25.66232458081773
Mexico,0,0,0.0
Mexico,0,0,0.0
Mexico,0,0,0.0
Mexico,0,0,0.0
Mexico,0,1,0.0
Mexico,0,0,82.11943865861674
Mexico,0,1,0.0
Mexico,0,0,0.0
Mexico,0,0,0.0
Mexico,0,1,0.0
Mexico,0,1,0.0
Mexico,0,1,0.0
Mexico,0,0,0.0
Mexico,0,0,0.0
Mexico,0,1,0.0
Mexico,0,1,0.0
Mexico,0,1,0.0
Mexico,0,1,0.0
Mexico,0,0,0.0
Mexico,0,1,0.0
Mexico,0,0,0.0
Mexico,0,0,0.0
Mexico,0,1,0.0
Mexico,0,1,0.0
Mexico,0,0,0.0
Mexico,0,0,0.0
Mexico,0,0,0.0
Mexico,0,1,0.0
Mexico,0,0,0.0
Mexico,0,1,0.0
Mexico,0,0,0.0
Mexico,0,0,0.0
Mexico,0,1,0.0
Mexico,0,1,0.0
Mexico,0,0,615.8957899396255
Mexico,0,0,0.0
Mexico,0,0,0.0
Mexico,0,1,0.0
Mexico,0,1,-92.38436849094383
Mexico,0,0,0.0
Mexico,0,0,0.0
Mexico,0,1,0.0
Mexico,0,1,0.0
Mexico,0,0,0.0
Mexico,0,0,0.0
Mexico,0,1,0.0
Mexico,0,0,0.0
Mexico,0,0,0.0
Mexico,0,1,0.0
Mexico,0,1,0.0
Mexico,0,0,0.0
Mexico,0,0,0.0
Mexico,0,0,0.0
Mexico,0,1,0.0
Mexico,0,1,236.09338614352313
Mexico,0,1,0.0
Mexico,0,0,0.0
Mexico,0,1,0.0
Mexico,0,0,0.0
Mexico,0,0,30.794789496981277
Mexico,0,0,102.64929832327093
Mexico,0,0,0.0
Mexico,0,1,0.0
Mexico,0,0,0.0
Mexico,0,0,0.0
Mexico,0,1,87.25190357478029
Mexico,0,0,51.32464916163546
Mexico,0,1,0.0
Mexico,0,0,0.0
Mexico,0,1,0.0
Mexico,0,0,-51.32464916163546
Mexico,0,0,43.112705295773786
Mexico,0,1,0.0
Mexico,0,0,0.0
Mexico,0,1,0.0
Mexico,0,0,0.0
Mexico,0,0,0.0
Mexico,0,0,0.0
Mexico,0,1,164.2388773172335
Mexico,0,0,0.0
Mexico,0,1,-41.05971932930837
Mexico,0,1,0.0
Mexico,0,0,0.0
Mexico,0,0,0.0
Mexico,0,1,0.0
Mexico,0,0,0.0
Mexico,0,1,0.0
Mexico,0,0,0.0
Mexico,0,0,0.0
Mexico,0,0,51.32464916163546
Mexico,0,0,0.0
Mexico,0,1,0.0
Mexico,0,0,0.0
Mexico,0,0,0.0
Mexico,0,0,88.278396558013
Mexico,0,0,0.0
Mexico,0,1,-316.15983883567446
Mexico,0,1,0.0
Mexico,0,1,0.0
Mexico,0,1,0.0
Mexico,0,1,0.0
Mexico,0,1,0.0
Mexico,0,1,0.0
Mexico,0,0,-30.794789496981277
Mexico,0,0,51.32464916163546
Mexico,0,1,0.0
Mexico,0,1,0.0
Mexico,0,0,0.0
Mexico,0,1,0.0
Mexico,0,0,0.0
Mexico,0,1,102.64929832327093
Mexico,0,1,30.794789496981277
Mexico,0,0,20.529859664654186
Mexico,0,1,0.0
Mexico,0,1,0.0
Mexico,0,0,153.97394748490638
Mexico,0,1,164.2388773172335
Mexico,0,1,0.0
Mexico,0,0,0.0
Mexico,0,0,16.423887731723347
Mexico,0,1,0.0
Mexico,0,1,153.97394748490638
Mexico,0,0,0.0
Mexico,0,1,0.0
Mexico,0,1,0.0
Mexico,0,1,0.0
Mexico,0,0,0.0
Mexico,0,0,-61.589578993962554
Mexico,0,0,0.0
Mexico,0,0,0.0
Mexico,0,1,0.0
Mexico,0,1,0.0
Mexico,0,0,0.0
Mexico,0,1,0.0
Mexico,0,0,225.82845631119602
Mexico,0,0,0.0
Mexico,0,1,0.0
Mexico,0,1,0.0
Mexico,0,1,0.0
Mexico,0,1,0.0
Mexico,0,0,0.0
Mexico,0,0,0.0
Mexico,0,0,0.0
Mexico,0,1,51.32464916163546
Mexico,0,1,0.0
Mexico,0,1,0.0
Mexico,0,0,0.0
Mexico,0,1,0.0
Mexico,0,1,0.0
Mexico,0,1,0.0
Mexico,0,0,0.0
Mexico,0,1,0.0
Mexico,0,0,0.0
Mexico,0,0,0.0
Mexico,0,1,0.0
Mexico,0,0,41.05971932930837
Mexico,0,0,0.0
Mexico,0,1,0.0
Mexico,0,1,0.0
Mexico,0,0,26.68881756405044
Mexico,0,0,0.0
Mexico,0,0,113.94072113883072
Mexico,0,1,55.4306210945663
Mexico,0,0,51.32464916163546
Mexico,0,1,0.0
Mexico,0,0,0.0
Mexico,0,1,0.0
Mexico,0,1,513.2464916163547
Mexico,0,0,0.0
Mexico,0,0,0.0
Mexico,0,0,0.0
Mexico,0,1,0.0
Mexico,0,1,0.0
Mexico,0,1,0.0
Mexico,0,1,0.0
Mexico,0,0,0.0
Mexico,0,1,266.8881756405044
Mexico,0,1,0.0
Mexico,0,0,0.0
Mexico,0,1,0.0
Mexico,0,0,0.0
Mexico,0,0,0.0
Mexico,0,1,0.0
Mexico,0,1,0.0
Mexico,0,0,0.0
Mexico,0,0,0.0
Mexico,0,0,-1026.4929832327093
Mexico,0,1,0.0
Mexico,0,1,-410.5971932930837
Mexico,0,0,0.0
Mexico,0,0,0.0
Mexico,0,1,0.0
Mexico,0,1,51.32464916163546
Mexico,0,1,0.0
Mexico,0,1,0.0
Mexico,0,0,0.0
Mexico,0,0,0.0
Mexico,0,1,0.0
Mexico,0,1,0.0
Mexico,0,1,153.97394748490638
Mexico,0,1,0.0
Mexico,0,0,0.0
Mexico,0,0,0.0
Mexico,0,1,0.0
Mexico,0,1,0.0
Mexico,0,0,0.0
Mexico,0,1,0.0
Mexico,0,0,0.0
Mexico,0,1,0.0
Mexico,0,1,0.0
Mexico,0,1,0.0
Mexico,0,0,0.0
Mexico,0,1,0.0
Mexico,0,1,0.0
Mexico,0,0,5.1324649161635465
Mexico,0,0,0.0
Mexico,0,0,0.0
Mexico,0,1,0.0
Mexico,0,1,0.0
Mexico,0,0,0.0
Mexico,0,0,0.0
Mexico,0,0,0.0
Mexico,0,0,0.0
Mexico,0,1,0.0
Mexico,0,1,0.0
Mexico,0,0,0.0
Mexico,0,0,0.0
Mexico,0,1,51.32464916163546
Mexico,0,0,0.0
Mexico,0,1,0.0
Mexico,0,1,0.0
Mexico,0,0,0.0
Mexico,0,0,102.64929832327093
Mexico,0,1,0.0
Mexico,0,0,0.0
Mexico,0,1,0.0
Mexico,0,1,0.0
Mexico,0,1,0.0
Mexico,0,1,0.0
Mexico,0,0,0.0
Mexico,0,0,0.0
Mexico,0,0,0.0
Mexico,0,1,0.0
Mexico,0,0,0.0
Mexico,0,0,0.0
Mexico,0,1,0.0
Mexico,0,0,0.0
Mexico,0,0,0.0
Mexico,0,0,0.0
Mexico,0,0,0.0
Mexico,0,1,0.0
Mexico,0,0,0.0
Mexico,0,1,0.0
Mexico,0,0,0.0
Mexico,0,0,0.0
Mexico,0,0,0.0
Mexico,0,0,0.0
Mexico,0,0,0.0
Mexico,0,0,61.589578993962554
Mexico,0,1,0.0
Mexico,0,0,0.0
Mexico,0,0,0.0
Mexico,0,0,0.0
Mexico,0,0,82.11943865861674
Mexico,0,0,0.0
Mexico,0,0,0.0
Mexico,0,1,0.0
Mexico,0,0,205.29859664654185
Mexico,0,1,0.0
Mexico,0,1,0.0
Mexico,0,1,0.0
Mexico,0,1,-513.2464916163547
Mexico,0,0,0.0
Mexico,0,0,0.0
Mexico,0,0,0.0
Mexico,0,0,0.0
Mexico,0,1,102.64929832327093
Mexico,0,1,718.5450882628965
Mexico,0,1,0.0
Mexico,0,0,82.11943865861674
Mexico,0,1,0.0
Mexico,0,0,0.0
Mexico,0,1,0.0
Mexico,0,1,0.0
Mexico,0,0,-215.56352647886894
Mexico,0,1,10.264929832327093
Mexico,0,1,71.85450882628965
Mexico,0,0,0.0
Mexico,0,0,0.0
Mexico,0,0,20.529859664654186
Mexico,0,0,0.0
Mexico,0,1,0.0
Mexico,0,1,-133.4440878202522
Mexico,0,1,0.0
Mexico,0,1,0.0
Mexico,0,1,0.0
Mexico,0,1,0.0
Mexico,0,1,0.0
Mexico,0,0,0.0
Mexico,0,1,2052.9859664654186
Mexico,0,0,102.64929832327093
Mexico,0,0,0.0
Mexico,0,1,-225.82845631119602
Mexico,0,1,0.0
Mexico,0,0,0.0
Mexico,0,0,0.0
Mexico,0,0,0.0
Mexico,0,0,0.0
Mexico,0,1,0.0
Mexico,0,1,0.0
Mexico,0,0,0.0
Mexico,0,1,0.0
Mexico,0,1,0.0
Mexico,0,1,8211.943865861675
Mexico,0,1,0.0
Mexico,0,0,0.0
Mexico,0,0,0.0
Mexico,0,0,0.0
Mexico,0,0,0.0
Mexico,0,0,0.0
Mexico,0,1,0.0
Mexico,0,0,0.0
Mexico,0,1,0.0
Mexico,0,1,0.0
Mexico,0,0,0.0
Mexico,0,1,0.0
Mexico,0,1,0.0
Mexico,0,1,0.0
Mexico,0,1,0.0
Mexico,0,1,0.0
Mexico,0,0,0.0
Mexico,0,0,10.264929832327093
Mexico,0,0,0.0
Mexico,0,1,0.0
Mexico,0,1,15.397394748490639
Mexico,0,0,0.0
Mexico,0,1,0.0
Mexico,0,0,0.0
Mexico,0,0,0.0
Mexico,0,1,0.0
Mexico,0,1,0.0
Mexico,0,0,615.8957899396255
Mexico,0,1,0.0
Mexico,0,0,0.0
Mexico,0,1,0.0
Mexico,0,0,0.0
Mexico,0,1,-102.64929832327093
Mexico,0,1,20.529859664654186
Mexico,0,0,-41.05971932930837
Mexico,0,0,0.0
Mexico,0,0,0.0
Mexico,0,1,0.0
Mexico,0,0,0.0
Mexico,0,1,82.11943865861674
Mexico,0,1,0.0
Mexico,0,1,0.0
Mexico,0,1,0.0
Mexico,0,1,0.0
Mexico,0,0,0.0
Mexico,0,0,0.0
Mexico,0,0,0.0
Mexico,0,1,0.0
Mexico,0,1,0.0
Mexico,0,1,0.0
Mexico,0,1,0.0
Mexico,0,1,112.91422815559801
Mexico,0,1,0.0
Mexico,0,0,0.0
Mexico,0,0,0.0
Mexico,0,1,0.0
Mexico,0,1,0.0
Mexico,0,0,0.0
Mexico,0,1,102.64929832327093
Mexico,0,1,0.0
Mexico,0,0,0.0
Mexico,0,1,0.0
Mexico,0,1,0.0
Mexico,0,1,0.0
Mexico,0,1,0.0
Mexico,0,1,0.0
Mexico,0,0,0.0
Mexico,0,0,0.0
Mexico,0,1,0.0
Mexico,0,1,0.0
Mexico,0,0,410.5971932930837
Mexico,0,0,-153.97394748490638
Mexico,0,0,0.0
Mexico,0,0,20.529859664654186
Mexico,0,0,0.0
Mexico,0,1,0.0
Mexico,0,0,0.0
Mexico,0,1,0.0
Mexico,0,1,0.0
Mexico,0,0,-256.62324580817733
Mexico,0,1,0.0
Mexico,0,1,0.0
Mexico,0,0,0.0
Mexico,0,0,98.54332639034008
Mexico,0,0,0.0
Mexico,0,0,0.0
Mexico,0,1,0.0
Mexico,0,0,0.0
Mexico,0,1,112.91422815559801
Mexico,0,1,0.0
Mexico,0,1,0.0
Mexico,0,0,0.0
Mexico,0,1,0.0
Mexico,0,1,0.0
Mexico,0,0,0.0
Mexico,0,0,0.0
Mexico,0,0,0.0
Mexico,0,0,0.0
Mexico,0,0,-88.278396558013
Mexico,0,0,0.0
Mexico,0,0,-28.536504933869317
Mexico,0,0,0.0
Mexico,0,1,0.0
Mexico,0,0,153.97394748490638
Mexico,0,1,0.0
Mexico,0,1,0.0
Mexico,0,0,0.0
Mexico,0,1,0.0
Mexico,0,0,0.0
Mexico,0,1,0.0
Mexico,0,1,0.0
Mexico,0,0,0.0
Mexico,0,1,0.0
Mexico,0,1,71.85450882628965
Mexico,0,0,102.64929832327093
Mexico,0,1,0.0
Mexico,0,0,0.0
Mexico,0,1,0.0
Mexico,0,1,0.0
Mexico,0,1,102.64929832327093
Mexico,0,1,153.97394748490638
Mexico,0,1,205.29859664654185
Mexico,0,1,0.0
Mexico,0,0,0.0
Mexico,0,0,0.0
Mexico,0,1,0.0
Mexico,0,0,0.0
Mexico,0,0,0.0
Mexico,0,0,0.0
Mexico,0,0,-20.529859664654186
Mexico,0,0,0.0
Mexico,0,1,0.0
Mexico,0,0,0.0
Mexico,0,0,0.0
Mexico,0,1,0.0
Mexico,0,1,35.92725441314482
Mexico,0,0,0.0
Mexico,0,1,0.0
Mexico,0,0,0.0
Mexico,0,0,102.64929832327093
Mexico,0,0,0.0
Mexico,0,1,41.05971932930837
Mexico,0,1,-123.17915798792511
Mexico,0,1,0.0
Mexico,0,1,184.76873698188766
Mexico,0,0,0.0
Mexico,0,1,0.0
Mexico,0,0,0.0
Mexico,0,1,-513.2464916163547
Mexico,0,0,153.97394748490638
Mexico,0,0,153.97394748490638
Mexico,0,1,0.0
Mexico,0,1,51.32464916163546
Mexico,0,1,0.0
Mexico,0,0,0.0
Mexico,0,0,0.0
Mexico,0,0,338.74268446679406
Mexico,0,0,153.97394748490638
Mexico,0,1,0.0
Mexico,0,1,30.794789496981277
Mexico,0,1,0.0
Mexico,0,1,0.0
Mexico,0,1,0.0
Mexico,0,0,0.0
Mexico,0,1,0.0
Mexico,0,0,0.0
Mexico,0,0,0.0
Mexico,0,1,0.0
Mexico,0,1,0.0
Mexico,0,0,0.0
Mexico,0,1,0.0
Mexico,0,0,0.0
Mexico,0,1,0.0
Mexico,0,0,10.264929832327093
Mexico,0,1,0.0
Mexico,0,1,0.0
Mexico,0,1,25.66232458081773
Mexico,0,1,0.0
Mexico,0,0,0.0
Mexico,0,1,513.2464916163547
Mexico,0,0,0.0
Mexico,0,0,0.0
Mexico,0,1,307.94789496981275
Mexico,0,0,0.0
Mexico,0,1,0.0
Mexico,0,0,0.0
Mexico,0,0,0.0
Mexico,0,0,0.0
Mexico,0,1,30.794789496981277
Mexico,0,0,0.0
Mexico,0,0,0.0
Mexico,0,1,-51.32464916163546
Mexico,0,1,0.0
Mexico,0,0,20.529859664654186
Mexico,0,0,0.0
Mexico,0,0,0.0
Mexico,0,0,0.0
Mexico,0,1,0.0
Mexico,0,0,0.0
Mexico,0,1,0.0
Mexico,0,0,0.0
Mexico,0,0,0.0
Mexico,0,0,0.0
Mexico,0,1,0.0
Mexico,0,1,1592.090616993932
Mexico,0,1,0.0
Mexico,0,0,10.264929832327093
Mexico,0,0,0.0
Mexico,0,0,0.0
Mexico,0,1,0.0
Mexico,0,1,0.0
Mexico,0,1,0.0
Mexico,0,0,0.0
Mexico,0,1,0.0
Mexico,0,1,0.0
Mexico,0,1,0.0
Mexico,0,1,30.794789496981277
Mexico,0,0,0.0
Mexico,0,0,0.0
Mexico,0,0,0.0
Mexico,0,0,0.0
Mexico,0,1,0.0
Mexico,0,1,0.0
Mexico,0,1,0.0
Mexico,0,0,-71.85450882628965
Mexico,0,1,0.0
Mexico,0,1,102.64929832327093
Mexico,0,1,0.0
Mexico,0,1,0.0
Mexico,0,0,0.0
Mexico,0,1,0.0
Mexico,0,1,0.0
Mexico,0,0,0.0
Mexico,0,0,0.0
Mexico,0,1,0.0
Mexico,0,0,10.264929832327093
Mexico,0,1,0.0
Mexico,0,0,0.0
Mexico,0,1,0.0
Mexico,0,1,0.0
Mexico,0,1,0.0
Mexico,0,0,0.0
Mexico,0,0,20.529859664654186
Mexico,0,0,0.0
Mexico,0,0,-256.62324580817733
Mexico,0,0,30.794789496981277
Mexico,0,1,0.0
Mexico,0,1,123.17915798792511
Mexico,0,1,0.0
Mexico,0,1,0.0
Mexico,0,1,0.0
Mexico,0,1,0.0
Mexico,0,0,0.0
Mexico,0,0,0.0
Mexico,0,1,30.794789496981277
Mexico,0,1,0.0
Mexico,0,0,0.0
Mexico,0,0,0.0
Mexico,0,1,0.0
Mexico,0,1,0.0
Mexico,0,0,0.0
Mexico,0,0,0.0
Mexico,0,1,0.0
Mexico,0,1,0.0
Mexico,0,1,0.0
Mexico,0,1,0.0
Mexico,0,0,0.0
Mexico,0,1,0.0
Mexico,0,0,0.0
Mexico,0,0,205.29859664654185
Mexico,0,0,0.0
Mexico,0,1,0.0
Mexico,0,0,0.0
Mexico,0,1,0.0
Mexico,0,0,0.0
Mexico,0,1,0.0
Mexico,0,0,0.0
Mexico,0,1,0.0
Mexico,0,0,0.0
Mexico,0,1,0.0
Mexico,0,1,0.0
Mexico,0,1,0.0
Mexico,0,0,0.0
Mexico,0,1,0.0
Mexico,0,1,0.0
Mexico,0,1,0.0
Mexico,0,0,0.0
Mexico,0,0,0.0
Mexico,0,1,0.0
Mexico,0,1,0.0
Mexico,0,1,0.0
Mexico,0,1,0.0
Mexico,0,0,0.0
Mexico,0,0,0.0
Mexico,0,0,0.0
Mexico,0,1,0.0
Mexico,0,1,0.0
Mexico,0,0,0.0
Mexico,0,0,0.0
Mexico,0,1,0.0
Mexico,0,1,0.0
Mexico,0,0,0.0
Mexico,0,0,0.0
Mexico,0,0,0.0
Mexico,0,1,51.32464916163546
Mexico,0,0,0.0
Mexico,0,0,0.0
Mexico,0,1,0.0
Mexico,0,0,0.0
Mexico,0,0,61.589578993962554
Mexico,0,0,0.0
Mexico,0,1,0.0
Mexico,0,0,0.0
Mexico,0,0,0.0
Mexico,0,1,0.0
Mexico,0,0,0.0
Mexico,0,1,0.0
Mexico,0,0,0.0
Mexico,0,0,0.0
Mexico,0,0,0.0
Mexico,0,0,0.0
Mexico,0,0,0.0
Mexico,0,1,0.0
Mexico,0,1,0.0
Mexico,0,1,0.0
Mexico,0,1,0.0
Mexico,0,1,0.0
Mexico,0,0,0.0
Mexico,0,1,0.0
Mexico,0,1,20.529859664654186
Mexico,0,1,0.0
Mexico,0,0,0.0
Mexico,0,1,0.0
Mexico,0,1,0.0
Mexico,0,0,0.0
Mexico,0,1,0.0
Mexico,0,1,0.0
Mexico,0,1,123.17915798792511
Mexico,0,0,0.0
Mexico,0,1,0.0
Mexico,0,0,0.0
Mexico,0,0,0.0
Mexico,0,0,0.0
Mexico,0,1,6.158957899396255
Mexico,0,1,0.0
Mexico,0,0,0.0
Mexico,0,1,0.0
Mexico,0,0,0.0
Mexico,0,0,205.29859664654185
Mexico,0,1,0.0
Mexico,0,1,51.32464916163546
Mexico,0,1,0.0
Mexico,0,1,0.0
Mexico,0,1,0.0
Mexico,0,1,0.0
Mexico,0,1,0.0
Mexico,0,1,0.0
Mexico,0,0,164.2388773172335
Mexico,0,1,0.0
Mexico,0,0,-1.5397394748490638
Mexico,0,0,0.0
Mexico,0,0,0.0
Mexico,0,1,0.0
Mexico,0,1,0.0
Mexico,0,0,0.0
Mexico,0,0,0.0
Mexico,0,1,0.0
Mexico,0,0,0.0
Mexico,0,0,0.0
Mexico,0,1,0.0
Mexico,0,0,102.64929832327093
Mexico,0,1,0.0
Mexico,0,0,51.32464916163546
Mexico,0,1,0.0
Mexico,0,1,0.0
Mexico,0,1,0.0
Mexico,0,0,0.0
Mexico,0,1,0.0
Mexico,0,1,0.0
Mexico,0,0,0.0
Mexico,0,1,0.0
Mexico,0,0,51.32464916163546
Mexico,0,0,0.0
Mexico,0,0,0.0
Mexico,0,1,0.0
Mexico,0,0,0.0
Mexico,0,1,0.0
Mexico,0,0,143.7090176525793
Mexico,0,1,0.0
Mexico,0,1,0.0
Mexico,0,0,51.32464916163546
Mexico,0,1,0.0
Mexico,0,1,0.0
Mexico,0,0,82.11943865861674
Mexico,0,0,0.0
Mexico,0,1,0.0
Mexico,0,0,0.0
Mexico,0,0,0.0
Mexico,0,0,0.0
Mexico,0,1,-153.97394748490638
Mexico,0,1,0.0
Mexico,0,1,-102.64929832327093
Mexico,0,1,0.0
Mexico,0,1,0.0
Mexico,0,0,0.0
Mexico,0,0,0.0
Mexico,0,0,0.0
Mexico,0,0,0.0
Mexico,0,1,0.0
Mexico,0,0,0.0
Mexico,0,0,0.0
Mexico,0,1,0.0
Mexico,0,0,0.0
Mexico,0,1,0.0
Mexico,0,1,0.0
Mexico,0,0,0.0
Mexico,0,0,0.0
Mexico,0,0,0.0
Mexico,0,0,0.0
Mexico,0,0,0.0
Mexico,0,0,0.0
Mexico,0,0,0.0
Mexico,0,0,0.0
Mexico,0,1,41.05971932930837
Mexico,0,0,0.0
Mexico,0,1,0.0
Mexico,0,0,0.0
Mexico,0,1,0.0
Mexico,0,0,0.0
Mexico,0,1,0.0
Mexico,0,1,0.0
Mexico,0,0,0.0
Mexico,0,0,0.0
Mexico,0,0,0.0
Mexico,0,1,3.0794789496981276
Mexico,0,1,0.0
Mexico,0,1,92.38436849094383
Mexico,0,1,0.0
Mexico,0,1,0.0
Mexico,0,0,0.0
Mexico,0,1,0.0
Mexico,0,0,0.0
Mexico,0,1,0.0
Mexico,0,1,0.0
Mexico,0,1,0.0
Mexico,0,0,0.0
Mexico,0,0,0.0
Mexico,0,0,0.0
Mexico,0,1,0.0
Mexico,0,1,-205.29859664654185
Mexico,0,0,0.0
Mexico,0,1,0.0
Mexico,0,1,0.0
Mexico,0,1,0.0
Mexico,0,0,0.0
Mexico,0,1,0.0
Mexico,0,0,0.0
Mexico,0,0,0.0
Mexico,0,0,0.0
Mexico,0,1,0.0
Mexico,0,1,0.0
Mexico,0,0,0.0
Mexico,0,0,0.0
Mexico,0,1,0.0
Mexico,0,1,0.0
Mexico,0,0,0.0
Mexico,0,0,0.0
Mexico,0,1,0.0
Mexico,0,1,0.0
Mexico,0,0,0.0
Mexico,0,1,0.0
Mexico,0,1,0.0
Mexico,0,1,0.0
Mexico,0,0,0.0
Mexico,0,1,0.0
Mexico,0,0,0.0
Mexico,0,1,0.0
Mexico,0,1,-51.32464916163546
Mexico,0,0,0.0
Mexico,0,0,0.0
Mexico,0,1,0.0
Mexico,0,0,0.0
Mexico,0,1,0.0
Mexico,0,0,0.0
Mexico,0,0,0.0
Mexico,0,0,0.0
Mexico,0,0,-71.85450882628965
Mexico,0,0,0.0
Mexico,0,0,0.0
Mexico,0,1,-205.29859664654185
Mexico,0,0,0.0
Mexico,0,0,71.85450882628965
Mexico,0,0,0.0
Mexico,0,0,0.0
Mexico,0,0,0.0
Mexico,0,0,0.0
Mexico,0,0,0.0
Mexico,0,0,0.0
Mexico,0,0,0.0
Mexico,0,1,-615.8957899396255
Mexico,0,1,0.0
Mexico,0,0,0.0
Mexico,0,1,0.0
Mexico,0,0,0.0
Mexico,0,0,0.0
Mexico,0,0,0.0
Mexico,0,1,0.0
Mexico,0,1,0.0
Mexico,0,0,0.0
Mexico,0,1,0.0
Mexico,0,0,-51.32464916163546
Mexico,0,1,0.0
Mexico,0,1,0.0
Mexico,0,1,41.05971932930837
Mexico,0,0,0.0
Mexico,0,1,0.0
Mexico,0,1,0.0
Mexico,0,0,30.794789496981277
Mexico,0,1,107.78176323943447
Mexico,0,1,0.0
Mexico,0,0,0.0
Mexico,0,1,0.0
Mexico,0,1,0.0
Mexico,0,1,0.0
Mexico,0,1,53.17233653145434
Mexico,0,1,0.0
Mexico,0,0,0.0
Mexico,0,1,0.0
Mexico,0,0,0.0
Mexico,0,1,0.0
Mexico,0,1,0.0
Mexico,0,1,-205.29859664654185
Mexico,0,1,0.0
Mexico,0,0,0.0
Mexico,0,0,0.0
Mexico,0,1,0.0
Mexico,0,0,0.0
Mexico,0,1,0.0
Mexico,0,1,0.0
Mexico,0,0,0.0
Mexico,0,0,102.64929832327093
Mexico,0,0,0.0
Mexico,0,1,0.0
Mexico,0,1,0.0
Mexico,0,1,0.0
Mexico,0,1,0.0
Mexico,0,0,0.0
Mexico,0,0,0.0
Mexico,0,0,0.0
Mexico,0,1,0.0
Mexico,0,0,0.0
Mexico,0,1,0.0
Mexico,0,1,0.0
Mexico,0,0,0.0
Mexico,0,0,0.0
Mexico,0,1,0.0
Mexico,0,1,0.0
Mexico,0,1,266.8881756405044
Mexico,0,1,0.0
Mexico,0,1,61.589578993962554
Mexico,0,1,0.0
Mexico,0,1,30.794789496981277
Mexico,0,0,0.0
Mexico,0,0,0.0
Mexico,0,1,0.0
Mexico,0,0,0.0
Mexico,0,0,1437.090176525793
Mexico,0,1,0.0
Mexico,0,0,0.0
Mexico,0,1,-10.264929832327093
Mexico,0,1,61.589578993962554
Mexico,0,0,0.0
Mexico,0,0,0.0
Mexico,0,0,0.0
Mexico,0,0,102.64929832327093
Mexico,0,1,0.0
Mexico,0,0,0.0
Mexico,0,1,0.0
Mexico,0,1,0.0
Mexico,0,1,0.0
Mexico,0,0,0.0
Mexico,0,0,61.589578993962554
Mexico,0,1,0.0
Mexico,0,1,0.0
Mexico,0,1,0.0
Mexico,0,1,0.0
Mexico,0,1,615.8957899396255
Mexico,0,1,0.0
Mexico,0,1,0.0
Mexico,0,0,0.0
Mexico,0,0,0.0
Mexico,0,0,0.0
Mexico,0,1,0.0
Mexico,0,0,0.0
Mexico,0,1,0.0
Mexico,0,1,0.0
Mexico,0,1,0.0
Mexico,0,1,0.0
Mexico,0,0,-20.529859664654186
Mexico,0,1,0.0
Mexico,0,0,0.0
Mexico,0,0,0.0
Mexico,0,1,0.0
Mexico,0,0,0.0
Mexico,0,0,102.64929832327093
Mexico,0,0,-112.91422815559801
Mexico,0,1,0.0
Mexico,0,0,0.0
Mexico,0,1,0.0
Mexico,0,1,71.85450882628965
Mexico,0,1,0.0
Mexico,0,1,0.0
Mexico,0,1,0.0
Mexico,0,0,0.0
Mexico,0,1,0.0
Mexico,0,1,0.0
Mexico,0,1,0.0
Mexico,0,0,0.0
Mexico,0,0,0.0
Mexico,0,0,102.64929832327093
Mexico,0,0,0.0
Mexico,0,0,0.0
Mexico,0,1,0.0
Mexico,0,0,0.0
Mexico,0,0,0.0
Mexico,0,0,0.0
Mexico,0,0,51.32464916163546
Mexico,0,1,0.0
Mexico,0,1,15.397394748490639
Mexico,0,1,0.0
Mexico,0,1,0.0
Mexico,0,0,-2.0529859664654184
Mexico,0,1,0.0
Mexico,0,1,0.0
Mexico,0,0,0.0
Mexico,0,0,-153.97394748490638
Mexico,0,0,0.0
Mexico,0,0,0.0
Mexico,0,0,0.0
Mexico,0,1,0.0
Mexico,0,0,0.0
Mexico,0,1,0.0
Mexico,0,0,0.0
Mexico,0,0,0.0
Mexico,0,0,22.582845631119604
Mexico,0,1,0.0
Mexico,0,1,-153.97394748490638
Mexico,0,1,0.0
Mexico,0,1,0.0
Mexico,0,1,0.0
Mexico,0,0,0.0
Mexico,0,0,0.0
Mexico,0,0,0.0
Mexico,0,0,0.0
Mexico,0,1,0.0
Mexico,0,0,153.97394748490638
Mexico,0,1,0.0
Mexico,0,1,0.0
Mexico,0,1,0.0
Mexico,0,0,133.4440878202522
Mexico,0,0,71.85450882628965
Mexico,0,1,-195.03366681421477
Mexico,0,1,0.0
Mexico,0,1,0.0
Mexico,0,0,0.0
Mexico,0,0,0.0
Mexico,0,0,0.0
Mexico,0,0,71.85450882628965
Mexico,0,1,0.0
Mexico,0,0,0.0
Mexico,0,0,0.0
Mexico,0,0,0.0
Mexico,0,0,20.529859664654186
Mexico,0,1,0.0
Mexico,0,0,0.0
Mexico,0,0,0.0
Mexico,0,1,0.0
Mexico,0,0,95.05325024734887
Mexico,0,1,0.0
Mexico,0,1,-359.2725441314482
Mexico,0,1,0.0
Mexico,0,1,-164.2388773172335
Mexico,0,0,0.0
Mexico,0,1,0.0
Mexico,0,1,0.0
Mexico,0,0,0.0
Mexico,0,1,30.794789496981277
Mexico,0,0,71.85450882628965
Mexico,0,1,0.0
Mexico,0,0,0.0
Mexico,0,0,0.0
Mexico,0,1,0.0
Mexico,0,1,0.0
Mexico,0,1,184.76873698188766
Mexico,0,0,0.0
Mexico,0,1,0.0
Mexico,0,0,164.2388773172335
Mexico,0,1,0.0
Mexico,0,1,0.0
Mexico,0,1,0.0
Mexico,0,1,0.0
Mexico,0,0,0.0
Mexico,0,1,0.0
Mexico,0,0,0.0
Mexico,0,0,0.0
Mexico,0,0,0.0
Mexico,0,0,0.0
Mexico,0,0,0.0
Mexico,0,1,0.0
Mexico,0,0,0.0
Mexico,0,0,0.0
Mexico,0,1,0.0
Mexico,0,1,102.64929832327093
Mexico,0,1,0.0
Mexico,0,0,0.0
Mexico,0,0,0.0
Mexico,0,1,133.4440878202522
Mexico,0,0,0.0
Mexico,0,0,0.0
Mexico,0,1,18.476873698188765
Mexico,0,1,0.0
Mexico,0,1,0.0
Mexico,0,0,0.0
Mexico,0,0,-61.589578993962554
Mexico,0,0,0.0
Mexico,0,1,102.64929832327093
Mexico,0,0,0.0
Mexico,0,1,0.0
Mexico,0,1,12.31791579879251
Mexico,0,0,0.0
Mexico,0,0,0.0
Mexico,0,1,0.0
Mexico,0,1,0.0
Mexico,0,0,0.0
Mexico,0,0,0.0
Mexico,0,1,-5.1324649161635465
Mexico,0,0,41.05971932930837
Mexico,0,0,0.0
Mexico,0,1,0.0
Mexico,0,0,0.0
Mexico,0,0,0.0
Mexico,0,0,0.0
Mexico,0,1,0.0
Mexico,0,1,0.0
Mexico,0,1,0.0
Mexico,0,1,0.0
Mexico,0,1,0.0
Mexico,0,0,0.0
Mexico,0,0,0.0
Mexico,0,0,0.0
Mexico,0,1,0.0
Mexico,0,1,0.0
Mexico,0,1,0.0
Mexico,0,1,0.0
Mexico,0,1,0.0
Mexico,0,0,0.0
Mexico,0,0,0.0
Mexico,0,0,0.0
Mexico,0,1,0.0
Mexico,0,0,0.0
Mexico,0,1,0.0
Mexico,0,1,0.0
Mexico,0,0,0.0
Mexico,0,0,0.0
Mexico,0,1,0.0
Mexico,0,0,0.0
Mexico,0,1,287.4180353051586
Mexico,0,1,0.0
Mexico,0,1,0.0
Mexico,0,1,0.0
Mexico,0,0,0.0
Mexico,0,0,0.0
Mexico,0,0,-92.38436849094383
Mexico,0,1,0.0
Mexico,0,1,0.0
Mexico,0,1,0.0
Mexico,0,1,-153.97394748490638
Mexico,0,0,0.0
Mexico,0,1,0.0
Mexico,0,0,0.0
Mexico,0,0,61.589578993962554
Mexico,0,1,0.0
Mexico,0,0,0.0
Mexico,0,1,0.0
Mexico,0,1,0.0
Mexico,0,1,0.0
Mexico,0,0,0.0
Mexico,0,1,0.0
Mexico,0,0,0.0
Mexico,0,0,-102.64929832327093
Mexico,0,0,0.0
Mexico,0,1,0.0
Mexico,0,1,0.0
Mexico,0,0,166.2918632836989
Mexico,0,0,0.0
Mexico,0,0,0.0
Mexico,0,0,0.0
Mexico,0,0,0.0
Mexico,0,1,153.97394748490638
Mexico,0,0,102.64929832327093
Mexico,0,1,0.0
Mexico,0,0,82.11943865861674
Mexico,0,1,0.0
Mexico,0,0,0.0
Mexico,0,1,0.0
Mexico,0,0,0.0
Mexico,0,1,0.0
Mexico,0,0,0.0
Mexico,0,0,0.0
Mexico,0,1,30.794789496981277
Mexico,0,1,0.0
Mexico,0,0,102.64929832327093
Mexico,0,0,0.0
Mexico,0,0,0.0
Mexico,0,0,0.0
Mexico,0,1,0.0
Mexico,0,1,0.0
Mexico,0,0,0.0
Mexico,0,0,0.0
Mexico,0,0,0.0
Mexico,0,1,0.0
Mexico,0,1,0.0
Mexico,0,1,0.0
Mexico,0,1,0.0
Mexico,0,0,102.64929832327093
Mexico,0,1,0.0
Mexico,0,0,0.0
Mexico,0,1,0.0
Mexico,0,0,338.74268446679406
Mexico,0,0,0.0
Mexico,0,1,0.0
Mexico,0,1,0.0
Mexico,0,0,0.0
Mexico,0,1,0.0
Mexico,0,0,0.0
Mexico,0,1,0.0
Mexico,0,1,513.2464916163547
Mexico,0,0,0.0
Mexico,0,1,0.0
Mexico,0,1,30.794789496981277
Mexico,0,0,-37.980240379610244
Mexico,0,0,56.457114077799005
Mexico,0,1,0.0
Mexico,0,1,0.0
Mexico,0,1,0.0
Mexico,0,1,0.0
Mexico,0,0,0.0
Mexico,0,0,0.0
Mexico,0,0,0.0
Mexico,0,1,0.0
Mexico,0,0,-153.97394748490638
Mexico,0,1,0.0
Mexico,0,1,0.0
Mexico,0,1,0.0
Mexico,0,0,0.0
Mexico,0,0,0.0
Mexico,0,1,0.0
Mexico,0,1,0.0
Mexico,0,0,0.0
Mexico,0,1,0.0
Mexico,0,1,0.0
Mexico,0,1,0.0
Mexico,0,1,102.64929832327093
Mexico,0,0,0.0
Mexico,0,1,0.0
Mexico,0,1,0.0
Mexico,0,1,0.0
Mexico,0,0,10.264929832327093
Mexico,0,0,0.0
Mexico,0,0,0.0
Mexico,0,1,0.0
Mexico,0,0,0.0
Mexico,0,1,0.0
Mexico,0,0,0.0
Mexico,0,1,205.29859664654185
Mexico,0,0,0.0
Mexico,0,0,0.0
Mexico,0,1,0.0
Mexico,0,0,0.0
Mexico,0,1,0.0
Mexico,0,1,0.0
Mexico,0,0,0.0
Mexico,0,1,0.0
Mexico,0,0,0.0
Mexico,0,0,0.0
Mexico,0,0,0.0
Mexico,0,0,0.0
Mexico,0,0,0.0
Mexico,0,1,0.0
Mexico,0,1,51.32464916163546
Mexico,0,0,0.0
Mexico,0,0,0.0
Mexico,0,0,0.0
Mexico,0,1,0.0
Mexico,0,1,0.0
Mexico,0,0,0.0
Mexico,0,1,0.0
Mexico,0,0,0.0
Mexico,0,1,0.0
Mexico,0,0,0.0
Mexico,0,0,0.0
Mexico,0,1,0.0
Mexico,0,0,0.0
Mexico,0,0,0.0
Mexico,0,0,15.397394748490639
Mexico,0,1,0.0
Mexico,0,1,0.0
Mexico,0,0,0.0
Mexico,0,0,0.0
Mexico,0,1,0.0
Mexico,0,1,0.0
Mexico,0,1,0.0
Mexico,0,1,287.4180353051586
Mexico,0,0,0.0
Mexico,0,1,0.0
Mexico,0,1,51.32464916163546
Mexico,0,1,0.0
Mexico,0,1,0.0
Mexico,0,1,0.0
Mexico,0,1,0.0
Mexico,0,0,0.0
Mexico,0,1,0.0
Mexico,0,0,0.0
Mexico,0,0,0.0
Mexico,0,1,0.0
Mexico,0,1,0.0
Mexico,0,0,153.97394748490638
Mexico,0,0,0.0
Mexico,0,1,0.0
Mexico,0,1,0.0
Mexico,0,1,0.0
Mexico,0,1,0.0
Mexico,0,0,-135.9076709800107
Mexico,0,1,0.0
Mexico,0,0,0.0
Mexico,0,0,0.0
Mexico,0,0,0.0
Mexico,0,1,102.64929832327093
Mexico,0,0,0.0
Mexico,0,0,0.0
Mexico,0,0,0.0
Mexico,0,0,0.0
Mexico,0,1,0.0
Mexico,0,0,0.0
Mexico,0,1,0.0
Mexico,0,1,0.0
Mexico,0,1,0.0
Mexico,0,1,0.0
Mexico,0,0,0.0
Mexico,0,0,0.0
Mexico,0,0,205.29859664654185
Mexico,0,0,0.0
Mexico,0,1,0.0
Mexico,0,1,0.0
Mexico,0,1,0.0
Mexico,0,1,0.0
Mexico,0,1,0.0
Mexico,0,1,0.0
Mexico,0,1,0.0
Mexico,0,0,0.0
Mexico,0,0,0.0
Mexico,0,0,0.0
Mexico,0,0,0.0
Mexico,0,1,0.0
Mexico,0,1,0.0
Mexico,0,0,0.0
Mexico,0,0,0.0
Mexico,0,1,266.8881756405044
Mexico,0,1,0.0
Mexico,0,1,0.0
Mexico,0,1,0.0
Mexico,0,0,0.0
Mexico,0,1,0.0
Mexico,0,1,0.0
Mexico,0,1,0.0
Mexico,0,1,0.0
Mexico,0,1,92.38436849094383
Mexico,0,0,123.17915798792511
Mexico,0,1,0.0
Mexico,0,1,0.0
Mexico,0,0,0.0
Mexico,0,1,0.0
Mexico,0,1,61.589578993962554
Mexico,0,0,0.0
Mexico,0,1,230.9609212273596
Mexico,0,1,0.0
Mexico,0,0,0.0
Mexico,0,0,0.0
Mexico,0,0,0.0
Mexico,0,1,0.0
Mexico,0,0,0.0
Mexico,0,1,0.0
Mexico,0,1,0.0
Mexico,0,1,0.0
Mexico,0,0,0.0
Mexico,0,1,0.0
Mexico,0,0,-35.414007921528466
Mexico,0,1,0.0
Mexico,0,0,0.0
Mexico,0,1,0.0
Mexico,0,0,0.0
Mexico,0,1,0.0
Mexico,0,1,0.0
Mexico,0,1,0.0
Mexico,0,1,0.0
Mexico,0,0,0.0
Mexico,0,1,0.0
Mexico,0,1,0.0
Mexico,0,0,0.0
Mexico,0,1,-61.589578993962554
Mexico,0,1,0.0
Mexico,0,1,0.0
Mexico,0,1,0.0
Mexico,0,0,0.0
Mexico,0,1,123.17915798792511
Mexico,0,1,-51.32464916163546
Mexico,0,0,123.17915798792511
Mexico,0,0,-5.1324649161635465
Mexico,0,1,0.0
Mexico,0,1,0.0
Mexico,0,1,82.11943865861674
Mexico,0,0,51.32464916163546
Mexico,0,0,0.0
Mexico,0,0,0.0
Mexico,0,1,0.0
Mexico,0,1,0.0
Mexico,0,0,0.0
Mexico,0,0,71.85450882628965
Mexico,0,0,0.0
Mexico,0,0,0.0
Mexico,0,1,0.0
Mexico,0,0,0.0
Mexico,0,1,0.0
Mexico,0,1,0.0
Mexico,0,1,0.0
Mexico,0,1,0.0
Mexico,0,0,0.0
Mexico,0,0,0.0
Mexico,0,1,-30.794789496981277
Mexico,0,0,0.0
Mexico,0,0,0.0
Mexico,0,1,0.0
Mexico,0,1,0.0
Mexico,0,1,0.0
Mexico,0,1,0.0
Mexico,0,0,0.0
Mexico,0,0,0.0
Mexico,0,1,0.0
Mexico,0,0,0.0
Mexico,0,0,0.0
Mexico,0,1,513.2464916163547
Mexico,0,0,0.0
Mexico,0,1,0.0
Mexico,0,1,0.0
Mexico,0,1,0.0
Mexico,0,0,51.32464916163546
Mexico,0,1,0.0
Mexico,0,0,0.0
Mexico,0,1,0.0
Mexico,0,0,0.0
Mexico,0,0,0.0
Mexico,0,1,307.94789496981275
Mexico,0,0,0.0
Mexico,0,1,0.0
Mexico,0,1,0.0
Mexico,0,0,0.0
Mexico,0,1,0.0
Mexico,0,1,0.0
Mexico,0,1,0.0
Mexico,0,0,0.0
Mexico,0,0,0.0
Mexico,0,1,0.0
Mexico,0,1,0.0
Mexico,0,1,0.0
Mexico,0,1,0.0
Mexico,0,0,0.0
Mexico,0,1,0.0
Mexico,0,1,0.0
Mexico,0,0,0.0
Mexico,0,1,0.0
Mexico,0,0,0.0
Mexico,0,1,0.0
Mexico,0,1,0.0
Mexico,0,0,0.0
Mexico,0,1,0.0
Mexico,0,1,0.0
Mexico,0,0,0.0
Mexico,0,1,0.0
Mexico,0,0,0.0
Mexico,0,1,0.0
Mexico,0,1,0.0
Mexico,0,1,0.0
Mexico,0,1,-102.64929832327093
Mexico,0,0,0.0
Mexico,0,1,0.0
Mexico,0,0,51.32464916163546
Mexico,0,1,61.589578993962554
Mexico,0,0,0.0
Mexico,0,1,0.0
Mexico,0,1,0.0
Mexico,0,1,-205.29859664654185
Mexico,0,1,410.5971932930837
Mexico,0,1,143.7090176525793
Mexico,0,0,0.0
Mexico,0,1,0.0
Mexico,0,1,0.0
Mexico,0,1,0.0
Mexico,0,1,0.0
Mexico,0,0,0.0
Mexico,0,1,0.0
Mexico,0,0,0.0
Mexico,0,1,0.0
Mexico,0,0,0.0
Mexico,0,0,0.0
Mexico,0,0,0.0
Mexico,0,0,0.0
Mexico,0,0,0.0
Mexico,0,1,0.0
Mexico,0,0,0.0
Mexico,0,1,0.0
Mexico,0,0,0.0
Mexico,0,0,0.0
Mexico,0,1,0.0
Mexico,0,1,0.0
Mexico,0,0,0.0
Mexico,0,0,0.0
Mexico,0,1,0.0
Mexico,0,0,0.0
Mexico,0,1,0.0
Mexico,0,1,0.0
Mexico,0,1,0.0
Mexico,0,1,0.0
Mexico,0,0,0.0
Mexico,0,0,82.11943865861674
Mexico,0,1,-2.0529859664654184
Mexico,0,1,0.0
Mexico,0,0,0.0
Mexico,0,0,0.0
Mexico,0,0,112.91422815559801
Mexico,0,1,120.71557482816661
Mexico,0,0,0.0
Mexico,0,1,0.0
Mexico,0,0,0.0
Mexico,0,0,0.0
Mexico,0,0,0.0
Mexico,0,1,0.0
Mexico,0,0,0.0
Mexico,0,0,0.0
Mexico,0,0,41.05971932930837
Mexico,0,0,153.97394748490638
Mexico,0,1,0.0
Mexico,0,1,0.0
Mexico,0,0,0.0
Mexico,0,0,0.0
Mexico,0,0,0.0
Mexico,0,1,102.64929832327093
Mexico,0,1,0.0
Mexico,0,1,0.0
Mexico,0,1,15.397394748490639
Mexico,0,0,0.0
Mexico,0,0,22.582845631119604
Mexico,0,0,0.0
Mexico,0,0,0.0
Mexico,0,0,0.0
Mexico,0,1,0.0
Mexico,0,0,0.0
Mexico,0,1,0.0
Mexico,0,1,0.0
Mexico,0,0,0.0
Mexico,0,1,66.7220439101261
Mexico,0,0,0.0
Mexico,0,0,0.0
Mexico,0,0,0.0
Mexico,0,0,0.0
Mexico,0,0,71.85450882628965
Mexico,0,0,0.0
Mexico,0,0,0.0
Mexico,0,0,0.0
Mexico,0,0,0.0
Mexico,0,1,0.0
Mexico,0,1,0.0
Mexico,0,1,0.0
Mexico,0,1,0.0
Mexico,0,1,0.0
Mexico,0,1,0.0
Mexico,0,1,-51.32464916163546
Mexico,0,0,0.0
Mexico,0,1,0.0
Mexico,0,0,0.0
Mexico,0,1,0.0
Mexico,0,1,0.0
Mexico,0,0,0.0
Mexico,0,1,0.0
Mexico,0,1,0.0
Mexico,0,1,0.0
Mexico,0,1,0.0
Mexico,0,1,0.0
Mexico,0,1,0.0
Mexico,0,1,0.0
Mexico,0,1,0.0
Mexico,0,0,0.0
Mexico,0,0,30.794789496981277
Mexico,0,0,0.0
Mexico,0,0,0.0
Mexico,0,0,123.17915798792511
Mexico,0,0,0.0
Mexico,0,1,0.0
Mexico,0,0,0.0
Mexico,0,0,0.0
Mexico,0,1,0.0
Mexico,0,1,0.0
Mexico,0,0,0.0
Mexico,0,0,92.38436849094383
Mexico,0,0,153.97394748490638
Mexico,0,0,0.0
Mexico,0,1,0.0
Mexico,0,1,338.74268446679406
Mexico,0,1,0.0
Mexico,0,1,0.0
Mexico,0,1,0.0
Mexico,0,0,0.0
Mexico,0,1,0.0
Mexico,0,0,0.0
Mexico,0,1,307.94789496981275
Mexico,0,0,0.0
Mexico,0,0,0.0
Mexico,0,1,0.0
Mexico,0,0,0.0
Mexico,0,0,0.0
Mexico,0,1,41.05971932930837
Mexico,0,1,0.0
Mexico,0,1,0.0
Mexico,0,0,0.0
Mexico,0,1,205.29859664654185
Mexico,0,1,0.0
Mexico,0,0,0.0
Mexico,0,0,0.0
Mexico,0,0,0.0
Mexico,0,0,0.0
Mexico,0,0,0.0
Mexico,0,0,41.05971932930837
Mexico,0,0,0.0
Mexico,0,1,20.529859664654186
Mexico,0,1,0.0
Mexico,0,0,0.0
Mexico,0,0,0.0
Mexico,0,0,0.0
Mexico,0,1,0.0
Mexico,0,0,-51.32464916163546
Mexico,0,1,0.0
Mexico,0,1,0.0
Mexico,0,1,0.0
Mexico,0,1,51.32464916163546
Mexico,0,1,0.0
Mexico,0,0,0.0
Mexico,0,1,0.0
Mexico,0,0,0.0
Mexico,0,0,153.97394748490638
Mexico,0,1,0.0
Mexico,0,0,0.0
Mexico,0,0,0.0
Mexico,0,0,0.0
Mexico,0,1,0.0
Mexico,0,1,0.0
Mexico,0,1,0.0
Mexico,0,0,0.0
Mexico,0,1,0.0
Mexico,0,0,0.0
Mexico,0,0,-92.38436849094383
Mexico,0,0,0.0
Mexico,0,1,0.0
Mexico,0,0,0.0
Mexico,0,0,143.7090176525793
Mexico,0,1,0.0
Mexico,0,0,0.0
Mexico,0,0,-41.05971932930837
Mexico,0,0,0.0
Mexico,0,0,0.0
Mexico,0,0,0.0
Mexico,0,1,0.0
Mexico,0,0,0.0
Mexico,0,0,0.0
Mexico,0,0,0.0
Mexico,0,0,0.0
Mexico,0,0,0.0
Mexico,0,0,0.0
Mexico,0,1,0.0
Mexico,0,0,0.0
Mexico,0,0,0.0
Mexico,0,0,0.0
Mexico,0,0,0.0
Mexico,0,0,0.0
Mexico,0,0,0.0
Mexico,0,0,0.0
Mexico,0,1,0.0
Mexico,0,0,0.0
Mexico,0,0,0.0
Mexico,0,0,0.0
Mexico,0,0,0.0
Mexico,0,0,0.0
Mexico,0,0,215.56352647886894
Mexico,0,0,2258.2845631119603
Mexico,0,0,0.0
Mexico,0,0,0.0
Mexico,0,1,-41.05971932930837
Mexico,0,0,0.0
Mexico,0,0,0.0
Mexico,0,1,20.529859664654186
Mexico,0,1,0.0
Mexico,0,0,0.0
Mexico,0,0,0.0
Mexico,0,0,0.0
Mexico,0,0,0.0
Mexico,0,0,0.0
Mexico,0,0,0.0
Mexico,0,0,0.0
Mexico,0,0,0.0
Mexico,0,1,0.0
Mexico,0,0,0.0
Mexico,0,1,0.0
Mexico,0,1,0.0
Mexico,0,1,0.0
Mexico,0,0,0.0
Mexico,0,0,410.5971932930837
Mexico,0,0,0.0
Mexico,0,0,0.0
Mexico,0,0,71.85450882628965
Mexico,0,1,0.0
Mexico,0,1,0.0
Mexico,0,0,0.0
Mexico,0,0,0.0
Mexico,0,1,0.0
Mexico,0,0,0.0
Mexico,0,1,0.0
Mexico,0,1,0.0
Mexico,0,0,0.0
Mexico,0,1,0.0
Mexico,0,1,0.0
Mexico,0,1,0.0
Mexico,0,0,0.0
Mexico,0,0,0.0
Mexico,0,0,0.0
Mexico,0,1,102.64929832327093
Mexico,0,1,0.0
Mexico,0,0,0.0
Mexico,0,0,82.11943865861674
Mexico,0,0,0.0
Mexico,0,0,0.0
Mexico,0,0,0.0
Mexico,0,0,0.0
Mexico,0,0,92.38436849094383
Mexico,0,0,0.0
Mexico,0,0,0.0
Mexico,0,1,0.0
Mexico,0,1,0.0
Mexico,0,1,0.0
Mexico,0,1,0.0
Mexico,0,0,0.0
Mexico,0,1,61.589578993962554
Mexico,0,1,0.0
Mexico,0,0,102.64929832327093
Mexico,0,0,0.0
Mexico,0,0,82.11943865861674
Mexico,0,0,0.0
Mexico,0,0,0.0
Mexico,0,0,0.0
Mexico,0,0,0.0
Mexico,0,1,-123.17915798792511
Mexico,0,1,0.0
Mexico,0,1,0.0
Mexico,0,1,0.0
Mexico,0,0,0.0
Mexico,0,0,0.0
Mexico,0,1,0.0
Mexico,0,0,0.0
Mexico,0,0,0.0
Mexico,0,1,0.0
Mexico,0,0,0.0
Mexico,0,0,0.0
Mexico,0,1,0.0
Mexico,0,0,0.0
Mexico,0,0,0.0
Mexico,0,0,71.85450882628965
Mexico,0,0,102.64929832327093
Mexico,0,1,0.0
Mexico,0,0,0.0
Mexico,0,1,0.0
Mexico,0,0,20.529859664654186
Mexico,0,1,0.0
Mexico,0,1,0.0
Mexico,0,0,0.0
Mexico,0,0,0.0
Mexico,0,1,0.0
Mexico,0,1,256.62324580817733
Mexico,0,0,0.0
Mexico,0,1,-41.05971932930837
Mexico,0,1,0.0
Mexico,0,0,0.0
Mexico,0,0,205.29859664654185
Mexico,0,1,0.0
Mexico,0,1,-184.76873698188766
Mexico,0,0,0.0
Mexico,0,0,0.0
Mexico,0,0,0.0
Mexico,0,0,0.0
Mexico,0,0,0.0
Mexico,0,0,0.0
Mexico,0,0,0.0
Mexico,0,0,0.0
Mexico,0,0,0.0
Mexico,0,1,0.0
Mexico,0,0,0.0
Mexico,0,1,-595.3659302749713
Mexico,0,1,0.0
Mexico,0,0,0.0
Mexico,0,0,205.29859664654185
Mexico,0,0,0.0
Mexico,0,0,0.0
Mexico,0,1,0.0
Mexico,0,0,0.0
Mexico,0,0,0.0
Mexico,0,1,0.0
Mexico,0,1,0.0
Mexico,0,0,0.0
Mexico,0,0,0.0
Mexico,0,1,0.0
Mexico,0,0,82.11943865861674
Mexico,0,0,-10.264929832327093
Mexico,0,0,0.0
Mexico,0,1,0.0
Mexico,0,1,20.529859664654186
Mexico,0,0,410.5971932930837
Mexico,0,0,0.0
Mexico,0,1,-51.32464916163546
Mexico,0,0,0.0
Mexico,0,1,0.0
Mexico,0,1,0.0
Mexico,0,1,0.0
Mexico,0,0,0.0
Mexico,0,1,0.0
Mexico,0,0,0.0
Mexico,0,1,0.0
Mexico,0,0,0.0
Mexico,0,0,0.0
Mexico,0,1,0.0
Mexico,0,0,0.0
Mexico,0,0,46.192184245471914
Mexico,0,0,0.0
Mexico,0,0,0.0
Mexico,0,0,0.0
Mexico,0,1,0.0
Mexico,0,0,-30.794789496981277
Mexico,0,0,0.0
Mexico,0,1,0.0
Mexico,0,0,0.0
Mexico,0,1,0.0
Mexico,0,0,0.0
Mexico,0,1,0.0
Mexico,0,0,0.0
Mexico,0,1,0.0
Mexico,0,1,0.0
Mexico,0,0,0.0
Mexico,0,1,0.0
Mexico,0,0,0.0
Mexico,0,0,0.0
Mexico,0,1,0.0
Mexico,0,0,0.0
Mexico,0,1,0.0
Mexico,0,0,0.0
Mexico,0,1,0.0
Mexico,0,0,0.0
Mexico,0,0,0.0
Mexico,0,0,0.0
Mexico,0,0,0.0
Mexico,0,1,0.0
Mexico,0,0,0.0
Mexico,0,0,205.29859664654185
Mexico,0,0,41.05971932930837
Mexico,0,1,0.0
Mexico,0,0,0.0
Mexico,0,0,0.0
Mexico,0,1,0.0
Mexico,0,0,0.0
Mexico,0,0,0.0
Mexico,0,0,0.0
Mexico,0,1,0.0
Mexico,0,1,0.0
Mexico,0,0,0.0
Mexico,0,0,0.0
Mexico,0,0,0.0
Mexico,0,0,-492.71663195170044
Mexico,0,1,0.0
Mexico,0,0,0.0
Mexico,0,0,-51.32464916163546
Mexico,0,1,0.0
Mexico,0,0,143.7090176525793
Mexico,0,0,0.0
Mexico,0,1,0.0
Mexico,0,1,410.5971932930837
Mexico,0,0,0.0
Mexico,0,0,0.0
Mexico,0,1,0.0
Mexico,0,0,0.0
Mexico,0,0,0.0
Mexico,0,0,0.0
Mexico,0,1,51.32464916163546
Mexico,0,0,277.1531054728315
Mexico,0,0,-205.29859664654185
Mexico,0,0,0.0
Mexico,0,0,0.0
Mexico,0,0,0.0
Mexico,0,1,102.64929832327093
Mexico,0,1,205.29859664654185
Mexico,0,1,0.0
Mexico,0,0,0.0
Mexico,0,0,0.0
Mexico,0,0,0.0
Mexico,0,1,0.0
Mexico,0,0,0.0
Mexico,0,0,0.0
Mexico,0,0,0.0
Mexico,0,1,0.0
Mexico,0,0,0.0
Mexico,0,0,0.0
Mexico,0,0,0.0
Mexico,0,1,0.0
Mexico,0,0,0.0
Mexico,0,0,0.0
Mexico,0,0,0.0
Mexico,0,0,-71.85450882628965
Mexico,0,0,0.0
Mexico,0,0,0.0
Mexico,0,0,0.0
Mexico,0,0,0.0
Mexico,0,1,0.0
Mexico,0,0,0.0
Mexico,0,1,0.0
Mexico,0,0,0.0
Mexico,0,1,0.0
Mexico,0,0,0.0
Mexico,0,1,0.0
Mexico,0,0,123.17915798792511
Mexico,0,1,0.0
Mexico,0,0,0.0
Mexico,0,0,0.0
Mexico,0,0,0.0
Mexico,0,0,0.0
Mexico,0,1,0.0
Mexico,0,0,0.0
Mexico,0,0,0.0
Mexico,0,0,0.0
Mexico,0,0,-10.264929832327093
Mexico,0,1,0.0
Mexico,0,1,58.510100044264426
Mexico,0,1,0.0
Mexico,0,0,0.0
Mexico,0,0,-215.56352647886894
Mexico,0,1,0.0
Mexico,0,0,0.0
Mexico,0,0,0.0
Mexico,0,0,0.0
Mexico,0,1,0.0
Mexico,0,1,0.0
Mexico,0,0,0.0
Mexico,0,0,0.0
Mexico,0,1,0.0
Mexico,0,0,0.0
Mexico,0,0,153.97394748490638
Mexico,0,0,0.0
Mexico,0,0,0.0
Mexico,0,1,0.0
Mexico,0,0,0.0
Mexico,0,0,0.0
Mexico,0,0,0.0
Mexico,0,1,0.0
Mexico,0,0,-246.35831597585022
Mexico,0,1,0.0
Mexico,0,1,0.0
Mexico,0,1,0.0
Mexico,0,1,0.0
Mexico,0,1,0.0
Mexico,0,0,0.0
Mexico,0,1,0.0
Mexico,0,0,0.0
Mexico,0,1,0.0
Mexico,0,0,0.0
Mexico,0,1,51.32464916163546
Mexico,0,0,0.0
Mexico,0,0,0.0
Mexico,0,1,0.0
Mexico,0,1,0.0
Mexico,0,1,-205.29859664654185
Mexico,0,1,0.0
Mexico,0,0,0.0
Mexico,0,0,0.0
Mexico,0,0,0.0
Mexico,0,1,0.0
Mexico,0,0,0.0
Mexico,0,0,189.9012018980512
Mexico,0,1,0.0
Mexico,0,0,-369.5374739637753
Mexico,0,0,0.0
Mexico,0,1,0.0
Mexico,0,1,0.0
Mexico,0,0,0.0
Mexico,0,0,0.0
Mexico,0,0,0.0
Mexico,0,1,0.0
Mexico,0,1,0.0
Mexico,0,1,0.0
Mexico,0,1,0.0
Mexico,0,1,0.0
Mexico,0,0,0.0
Mexico,0,0,61.589578993962554
Mexico,0,1,0.0
Mexico,0,0,0.0
Mexico,0,0,0.0
Mexico,0,1,0.0
Mexico,0,0,410.5971932930837
Mexico,0,1,82.11943865861674
Mexico,0,0,51.32464916163546
Mexico,0,1,0.0
Mexico,0,1,0.0
Mexico,0,1,0.0
Mexico,0,1,0.0
Mexico,0,0,0.0
Mexico,0,1,0.0
Mexico,0,1,0.0
Mexico,0,0,0.0
Mexico,0,0,30.794789496981277
Mexico,0,1,0.0
Mexico,0,0,-821.1943865861674
Mexico,0,1,0.0
Mexico,0,1,0.0
Mexico,0,1,0.0
Mexico,0,1,0.0
Mexico,0,0,0.0
Mexico,0,0,0.0
Mexico,0,1,328.477754634467
Mexico,0,1,0.0
Mexico,0,1,41.05971932930837
Mexico,0,1,307.94789496981275
Mexico,0,0,0.0
Mexico,0,1,0.0
Mexico,0,0,0.0
Mexico,0,1,0.0
Mexico,0,0,0.0
Mexico,0,1,0.0
Mexico,0,0,513.2464916163547
Mexico,0,1,0.0
Mexico,0,1,0.0
Mexico,0,0,0.0
Mexico,0,0,0.0
Mexico,0,0,0.0
Mexico,0,1,0.0
Mexico,0,0,0.0
Mexico,0,0,0.0
Mexico,0,0,0.0
Mexico,0,0,0.0
Mexico,0,0,0.0
Mexico,0,0,0.0
Mexico,0,1,28.74180353051586
Mexico,0,0,0.0
Mexico,0,0,0.0
Mexico,0,0,0.0
Mexico,0,1,0.0
Mexico,0,0,0.0
Mexico,0,1,0.0
Mexico,0,1,0.0
Mexico,0,1,0.0
Mexico,0,0,-10.264929832327093
Mexico,0,1,615.8957899396255
Mexico,0,1,0.0
Mexico,0,0,0.0
Mexico,0,0,0.0
Mexico,0,0,0.0
Mexico,0,0,0.0
Mexico,0,1,410.5971932930837
Mexico,0,1,0.0
Mexico,0,1,0.0
Mexico,0,1,0.0
Mexico,0,1,0.0
Mexico,0,0,0.0
Mexico,0,1,0.0
Mexico,0,0,0.0
Mexico,0,0,0.0
Mexico,0,0,0.0
Mexico,0,0,0.0
Mexico,0,1,0.0
Mexico,0,0,0.0
Mexico,0,0,0.0
Mexico,0,0,0.0
Mexico,0,0,0.0
Mexico,0,1,92.38436849094383
Mexico,0,1,0.0
Mexico,0,1,0.0
Mexico,0,0,0.0
Mexico,0,0,0.0
Mexico,0,0,0.0
Mexico,0,0,0.0
Mexico,0,0,153.97394748490638
Mexico,0,1,0.0
Mexico,0,0,0.0
Mexico,0,0,0.0
Mexico,0,1,-71.85450882628965
Mexico,0,0,0.0
Mexico,0,1,0.0
Mexico,0,1,0.0
Mexico,0,0,0.0
Mexico,0,1,0.0
Mexico,0,0,0.0
Mexico,0,0,0.0
Mexico,0,0,0.0
Mexico,0,0,0.0
Mexico,0,1,0.0
Mexico,0,0,0.0
Mexico,0,1,0.0
Mexico,0,1,0.0
Mexico,0,0,0.0
Mexico,0,1,0.0
Mexico,0,1,0.0
Mexico,0,0,0.0
Mexico,0,1,0.0
Mexico,0,0,0.0
Mexico,0,0,184.76873698188766
Mexico,0,1,164.2388773172335
Mexico,0,1,0.0
Mexico,0,0,0.0
Mexico,0,1,0.0
Mexico,0,0,0.0
Mexico,0,1,562.5181548115247
Mexico,0,0,0.0
Mexico,0,0,0.0
Mexico,0,0,5.1324649161635465
Mexico,0,0,0.0
Mexico,0,0,410.5971932930837
Mexico,0,1,0.0
Mexico,0,1,0.0
Mexico,0,1,0.0
Mexico,0,1,-205.29859664654185
Mexico,0,1,0.0
Mexico,0,0,0.0
Mexico,0,1,61.589578993962554
Mexico,0,1,0.0
Mexico,0,0,-102.64929832327093
Mexico,0,0,102.64929832327093
Mexico,0,1,0.0
Mexico,0,1,41.05971932930837
Mexico,0,1,0.0
Mexico,0,0,0.0
Mexico,0,0,0.0
Mexico,0,0,0.0
Mexico,0,1,0.0
Mexico,0,1,0.0
Mexico,0,0,61.589578993962554
Mexico,0,0,0.0
Mexico,0,1,0.0
Mexico,0,0,0.0
Mexico,0,1,123.17915798792511
Mexico,0,0,0.0
Mexico,0,1,0.0
Mexico,0,0,0.0
Mexico,0,0,0.0
Mexico,0,0,41.05971932930837
Mexico,0,1,0.0
Mexico,0,0,30.794789496981277
Mexico,0,1,0.0
Mexico,0,0,0.0
Mexico,0,1,0.0
Mexico,0,1,0.0
Mexico,0,1,41.05971932930837
Mexico,0,0,0.0
Mexico,0,1,0.0
Mexico,0,1,0.0
Mexico,0,0,0.0
Mexico,0,0,0.0
Mexico,0,0,0.0
Mexico,0,0,153.97394748490638
Mexico,0,0,248.924548433932
Mexico,0,0,51.32464916163546
Mexico,0,1,0.0
Mexico,0,0,0.0
Mexico,0,0,0.0
Mexico,0,1,0.0
Mexico,0,0,82.11943865861674
Mexico,0,1,0.0
Mexico,0,0,0.0
Mexico,0,0,0.0
Mexico,0,0,0.0
Mexico,0,1,0.0
Mexico,0,1,0.0
Mexico,0,0,0.0
Mexico,0,0,61.589578993962554
Mexico,0,0,0.0
Mexico,0,0,0.0
Mexico,0,1,0.0
Mexico,0,0,0.0
Mexico,0,0,0.0
Mexico,0,0,0.0
Mexico,0,0,0.0
Mexico,0,0,61.589578993962554
Mexico,0,0,0.0
Mexico,0,1,0.0
Mexico,0,0,102.64929832327093
Mexico,0,0,92.38436849094383
Mexico,0,0,93.51351077249981
Mexico,0,0,0.0
Mexico,0,1,0.0
Mexico,0,0,0.0
Mexico,0,0,410.5971932930837
Mexico,0,0,0.0
Mexico,0,1,-281.25907740576235
Mexico,0,0,0.0
Mexico,0,1,0.0
Mexico,0,0,82.11943865861674
Mexico,0,0,0.0
Mexico,0,0,0.0
Mexico,0,0,-20.529859664654186
Mexico,0,0,0.0
Mexico,0,1,28.74180353051586
Mexico,0,0,61.589578993962554
Mexico,0,0,0.0
Mexico,0,0,0.0
Mexico,0,0,0.0
Mexico,0,0,0.0
Mexico,0,0,0.0
Mexico,0,0,0.0
Mexico,0,0,0.0
Mexico,0,0,0.0
Mexico,0,0,0.0
Mexico,0,0,0.0
Mexico,0,0,61.589578993962554
Mexico,0,1,0.0
Mexico,0,0,0.0
Mexico,0,0,0.0
Mexico,0,0,0.0
Mexico,0,1,0.0
Mexico,0,0,0.0
Mexico,0,0,0.0
Mexico,0,0,0.0
Mexico,0,1,0.0
Mexico,0,0,153.97394748490638
Mexico,0,0,0.0
Mexico,0,0,0.0
Mexico,0,0,0.0
Mexico,0,0,0.0
Mexico,0,0,0.0
Mexico,0,0,0.0
Mexico,0,0,256.62324580817733
Mexico,0,0,0.0
Mexico,0,0,0.0
Mexico,0,1,0.0
Mexico,0,0,0.0
Mexico,0,1,0.0
Mexico,0,1,-287.93128179677495
Mexico,0,0,0.0
Mexico,0,1,0.0
Mexico,0,0,0.0
Mexico,0,1,0.0
Mexico,0,1,0.0
Mexico,0,1,0.0
Mexico,0,1,0.0
Mexico,0,1,0.0
Mexico,0,0,0.0
Mexico,0,1,0.0
Mexico,0,0,30.794789496981277
Mexico,0,1,0.0
Mexico,0,0,0.0
Mexico,0,1,153.97394748490638
Mexico,0,0,0.0
Mexico,0,1,0.0
Mexico,0,0,-46.192184245471914
Mexico,0,0,0.0
Mexico,0,0,0.0
Mexico,0,1,0.0
Mexico,0,1,0.0
Mexico,0,1,-6364.256496042797
Mexico,0,0,0.0
Mexico,0,1,0.0
Mexico,0,0,0.0
Mexico,0,0,0.0
Mexico,0,1,0.0
Mexico,0,1,0.0
Mexico,0,0,0.0
Mexico,0,0,0.0
Mexico,0,1,0.0
Mexico,0,0,0.0
Mexico,0,0,0.0
Mexico,0,1,66.20879741850975
Mexico,0,1,0.0
Mexico,0,0,410.5971932930837
Mexico,0,0,0.0
Mexico,0,1,0.0
Mexico,0,0,0.0
Mexico,0,0,51.32464916163546
Mexico,0,0,338.74268446679406
Mexico,0,0,0.0
Mexico,0,1,0.0
Mexico,0,0,0.0
Mexico,0,1,41.05971932930837
Mexico,0,0,0.0
Mexico,0,0,0.0
Mexico,0,1,0.0
Mexico,0,0,236.09338614352313
Mexico,0,0,0.0
Mexico,0,0,0.0
Mexico,0,1,0.0
Mexico,0,0,0.0
Mexico,0,0,0.0
Mexico,0,0,0.0
Mexico,0,0,25.66232458081773
Mexico,0,0,0.0
Mexico,0,1,35.92725441314482
Mexico,0,0,0.0
Mexico,0,0,-20.529859664654186
Mexico,0,1,0.0
Mexico,0,0,0.0
Mexico,0,0,-30.794789496981277
Mexico,0,1,0.0
Mexico,0,0,0.0
Mexico,0,0,-1.0264929832327092
Mexico,0,0,0.0
Mexico,0,1,102.64929832327093
Mexico,0,0,0.0
Mexico,0,0,0.0
Mexico,0,1,0.0
Mexico,0,1,0.0
Mexico,0,1,0.0
Mexico,0,1,0.0
Mexico,0,1,0.0
Mexico,0,0,0.0
Mexico,0,0,0.0
Mexico,0,0,0.0
Mexico,0,0,0.0
Mexico,0,1,0.0
Mexico,0,0,0.0
Mexico,0,1,20.529859664654186
Mexico,0,0,0.0
Mexico,0,0,0.0
Mexico,0,0,0.0
Mexico,0,0,0.0
Mexico,0,1,0.0
Mexico,0,0,0.0
Mexico,0,1,0.0
Mexico,0,1,0.0
Mexico,0,1,256.62324580817733
Mexico,0,1,-102.64929832327093
Mexico,0,1,0.0
Mexico,0,0,0.0
Mexico,0,0,0.0
Mexico,0,0,400.3322634607566
Mexico,0,0,0.0
Mexico,0,0,0.0
Mexico,0,0,1334.440878202522
Mexico,0,1,0.0
Mexico,0,0,0.0
Mexico,0,1,0.0
Mexico,0,0,0.0
Mexico,0,1,0.0
Mexico,0,1,0.0
Mexico,0,0,0.0
Mexico,0,1,0.0
Mexico,0,0,0.0
Mexico,0,1,0.0
Mexico,0,0,0.0
Mexico,0,0,0.0
Mexico,0,0,0.0
Mexico,0,1,0.0
Mexico,0,1,0.0
Mexico,0,0,0.0
Mexico,0,0,0.0
Mexico,0,1,0.0
Mexico,0,0,0.0
Mexico,0,1,0.0
Mexico,0,0,0.0
Mexico,0,0,112.91422815559801
Mexico,0,1,0.0
Mexico,0,0,-307.94789496981275
Mexico,0,0,0.0
Mexico,0,0,0.0
Mexico,0,0,0.0
Mexico,0,0,0.0
Mexico,0,0,0.0
Mexico,0,0,0.0
Mexico,0,1,0.0
Mexico,0,0,0.0
Mexico,0,0,0.0
Mexico,0,1,0.0
Mexico,0,0,0.0
Mexico,0,0,0.0
Mexico,0,1,-153.97394748490638
Mexico,0,1,0.0
Mexico,0,0,51.32464916163546
Mexico,0,0,0.0
Mexico,0,0,0.0
Mexico,0,0,0.0
Mexico,0,0,10.264929832327093
Mexico,0,1,0.0
Mexico,0,1,0.0
Mexico,0,0,-133.4440878202522
Mexico,0,0,61.589578993962554
Mexico,0,0,-71.85450882628965
Mexico,0,0,0.0
Mexico,0,0,0.0
Mexico,0,0,0.0
Mexico,0,0,0.0
Mexico,0,0,0.0
Mexico,0,0,0.0
Mexico,0,0,-205.29859664654185
Mexico,0,0,10.264929832327093
Mexico,0,1,0.0
Mexico,0,0,0.0
Mexico,0,1,0.0
Mexico,0,0,-82.11943865861674
Mexico,0,0,0.0
Mexico,0,0,0.0
Mexico,0,0,0.0
Mexico,0,1,0.0
Mexico,0,1,-137.55005975318304
Mexico,0,0,82.11943865861674
Mexico,0,1,0.0
Mexico,0,0,0.0
Mexico,0,0,39.00673336284295
Mexico,0,1,0.0
Mexico,0,0,0.0
Mexico,0,0,0.0
Mexico,0,0,0.0
Mexico,0,0,-37.980240379610244
Mexico,0,0,102.64929832327093
Mexico,0,0,0.0
Mexico,0,0,0.0
Mexico,0,1,0.0
Mexico,0,0,0.0
Mexico,0,1,0.0
Mexico,0,0,0.0
Mexico,0,1,0.0
Mexico,0,0,0.0
Mexico,0,0,0.0
Mexico,0,1,0.0
Mexico,0,1,0.0
Mexico,0,0,0.0
Mexico,0,0,0.0
Mexico,0,0,0.0
Mexico,0,0,0.0
Mexico,0,0,0.0
Mexico,0,0,0.0
Mexico,0,1,0.0
Mexico,0,0,0.0
Mexico,0,0,0.0
Mexico,0,0,-112.91422815559801
Mexico,0,1,0.0
Mexico,0,0,0.0
Mexico,0,0,513.2464916163547
Mexico,0,0,0.0
Mexico,0,0,0.0
Mexico,0,0,20.529859664654186
Mexico,0,0,0.0
Mexico,0,0,0.0
Mexico,0,0,256.62324580817733
Mexico,0,0,0.0
Mexico,0,0,0.0
Mexico,0,0,0.0
Mexico,0,0,0.0
Mexico,0,0,0.0
Mexico,0,0,0.0
Mexico,0,0,-1016.2280534003821
Mexico,0,0,133.4440878202522
Mexico,0,1,205.29859664654185
Mexico,0,1,0.0
Mexico,0,1,0.0
Mexico,0,0,0.0
Mexico,0,1,0.0
Mexico,0,0,0.0
Mexico,0,1,0.0
Mexico,0,1,0.0
Mexico,0,0,0.0
Mexico,0,0,0.0
Mexico,0,1,0.0
Mexico,0,1,0.0
Mexico,0,1,9.238436849094382
Mexico,0,0,0.0
Mexico,0,1,0.0
Mexico,0,0,0.0
Mexico,0,1,0.0
Mexico,0,1,0.0
Mexico,0,0,0.0
Mexico,0,1,153.97394748490638
Mexico,0,0,0.0
Mexico,0,1,0.0
Mexico,0,0,0.0
Mexico,0,0,246.35831597585022
Mexico,0,1,0.0
Mexico,0,1,-51.32464916163546
Mexico,0,0,30.794789496981277
Mexico,0,0,0.0
Mexico,0,1,0.0
Mexico,0,1,-97.51683340710738
Mexico,0,1,0.0
Mexico,0,0,0.0
Mexico,0,0,112.91422815559801
Mexico,0,0,0.0
Mexico,0,0,0.0
Mexico,0,0,123.17915798792511
Mexico,0,0,307.94789496981275
Mexico,0,0,0.0
Mexico,0,1,0.0
Mexico,0,0,0.0
Mexico,0,1,0.0
Mexico,0,1,0.0
Mexico,0,1,0.0
Mexico,0,0,0.0
Mexico,0,0,0.0
Mexico,0,1,0.0
Mexico,0,1,0.0
Mexico,0,0,7.185450882628965
Mexico,0,0,0.0
Mexico,0,1,615.8957899396255
Mexico,0,0,112.91422815559801
Mexico,0,0,0.0
Mexico,0,1,20.529859664654186
Mexico,0,0,0.0
Mexico,0,0,0.0
Mexico,0,0,0.0
Mexico,0,0,0.0
Mexico,0,0,0.0
Mexico,0,0,-9.238436849094382
Mexico,0,0,0.0
Mexico,0,0,0.0
Mexico,0,0,0.0
Mexico,0,1,0.0
Mexico,0,0,102.64929832327093
Mexico,0,0,0.0
Mexico,0,1,0.0
Mexico,0,0,205.29859664654185
Mexico,0,0,0.0
Mexico,0,0,0.0
Mexico,0,1,0.0
Mexico,0,0,0.0
Mexico,0,1,0.0
Mexico,0,0,0.0
Mexico,0,1,0.0
Mexico,0,0,0.0
Mexico,0,1,0.0
Mexico,0,0,0.0
Mexico,0,1,0.0
Mexico,0,1,256.62324580817733
Mexico,0,0,0.0
Mexico,0,0,0.0
Mexico,0,1,71.85450882628965
Mexico,0,0,0.0
Mexico,0,0,0.0
Mexico,0,0,0.0
Mexico,0,1,0.0
Mexico,0,0,-61.589578993962554
Mexico,0,0,0.0
Mexico,0,0,0.0
Mexico,0,1,0.0
Mexico,0,0,61.589578993962554
Mexico,0,0,0.0
Mexico,0,0,0.0
Mexico,0,1,0.0
Mexico,0,1,61.589578993962554
Mexico,0,0,0.0
Mexico,0,0,0.0
Mexico,0,0,0.0
Mexico,0,1,0.0
Mexico,0,1,0.0
Mexico,0,0,0.0
Mexico,0,0,0.0
Mexico,0,0,0.0
Mexico,0,0,0.0
Mexico,0,1,0.0
Mexico,0,0,0.0
Mexico,0,1,0.0
Mexico,0,1,0.0
Mexico,0,0,0.0
Mexico,0,1,0.0
Mexico,0,0,0.0
Mexico,0,1,410.5971932930837
Mexico,0,0,0.0
Mexico,0,0,287.4180353051586
Mexico,0,0,-20.529859664654186
Mexico,0,0,0.0
Mexico,0,1,0.0
Mexico,0,1,0.0
Mexico,0,0,102.64929832327093
Mexico,0,0,0.0
Mexico,0,0,0.0
Mexico,0,1,0.0
Mexico,0,1,0.0
Mexico,0,1,0.0
Mexico,0,0,-153.97394748490638
Mexico,0,0,153.97394748490638
Mexico,0,1,0.0
Mexico,0,1,0.0
Mexico,0,1,0.0
Mexico,0,1,0.0
Mexico,0,0,0.0
Mexico,0,1,0.0
Mexico,0,0,0.0
Mexico,0,1,256.62324580817733
Mexico,0,0,0.0
Mexico,0,0,0.0
Mexico,0,0,0.0
Mexico,0,1,71.85450882628965
Mexico,0,0,0.0
Mexico,0,0,0.0
Mexico,0,0,0.0
Mexico,0,1,0.0
Mexico,0,0,0.0
Mexico,0,0,0.0
Mexico,0,1,0.0
Mexico,0,0,0.0
Mexico,0,0,0.0
Mexico,0,0,0.0
Mexico,0,0,0.0
Mexico,0,1,0.0
Mexico,0,0,0.0
Mexico,0,0,0.0
Mexico,0,0,20.529859664654186
Mexico,0,0,0.0
Mexico,0,0,25.66232458081773
Mexico,0,0,0.0
Mexico,0,0,0.0
Mexico,0,0,-102.64929832327093
Mexico,0,1,0.0
Mexico,0,0,0.0
Mexico,0,1,0.0
Mexico,0,1,0.0
Mexico,0,0,205.29859664654185
Mexico,0,1,0.0
Mexico,0,0,0.0
Mexico,0,0,0.0
Mexico,0,0,0.0
Mexico,0,0,0.0
Mexico,0,0,0.0
Mexico,0,0,30.794789496981277
Mexico,0,1,0.0
Mexico,0,0,112.91422815559801
Mexico,0,0,0.0
Mexico,0,1,0.0
Mexico,0,0,0.0
Mexico,0,0,0.0
Mexico,0,0,0.0
Mexico,0,0,0.0
Mexico,0,0,0.0
Mexico,0,1,0.0
Mexico,0,0,0.0
Mexico,0,0,61.589578993962554
Mexico,0,1,0.0
Mexico,0,0,0.0
Mexico,0,0,0.0
Mexico,0,0,0.0
Mexico,0,0,64.66905794366068
Mexico,0,1,0.0
Mexico,0,1,0.0
Mexico,0,1,0.0
Mexico,0,0,10.264929832327093
Mexico,0,0,0.0
Mexico,0,0,0.0
Mexico,0,0,0.0
Mexico,0,0,0.0
Mexico,0,0,0.0
Mexico,0,1,0.0
Mexico,0,1,0.0
Mexico,0,1,-92.38436849094383
Mexico,0,1,143.7090176525793
Mexico,0,0,0.0
Mexico,0,1,71.85450882628965
Mexico,0,0,71.85450882628965
Mexico,0,1,0.0
Mexico,0,1,0.0
Mexico,0,0,184.76873698188766
Mexico,0,0,0.0
Mexico,0,0,0.0
Mexico,0,0,0.0
Mexico,0,0,0.0
Mexico,0,0,-30.794789496981277
Mexico,0,0,0.0
Mexico,0,1,0.0
Mexico,0,0,-51.32464916163546
Mexico,0,1,0.0
Mexico,0,0,524.1273172386213
Mexico,0,1,0.0
Mexico,0,0,0.0
Mexico,0,0,0.0
Mexico,0,1,0.0
Mexico,0,0,30.794789496981277
Mexico,0,0,0.0
Mexico,0,1,0.0
Mexico,0,1,51.32464916163546
Mexico,0,1,0.0
Mexico,0,0,153.97394748490638
Mexico,0,0,0.0
Mexico,0,1,0.0
Mexico,0,0,0.0
Mexico,0,0,-102.64929832327093
Mexico,0,1,0.0
Mexico,0,0,0.0
Mexico,0,0,11.804669307176157
Mexico,0,1,0.0
Mexico,0,1,0.0
Mexico,0,0,0.0
Mexico,0,0,0.0
Mexico,0,0,0.0
Mexico,0,0,0.0
Mexico,0,0,0.0
Mexico,0,0,0.0
Mexico,0,0,205.29859664654185
Mexico,0,0,307.94789496981275
Mexico,0,1,0.0
Mexico,0,0,0.0
Mexico,0,1,0.0
Mexico,0,0,0.0
Mexico,0,0,0.0
Mexico,0,0,0.0
Mexico,0,1,0.0
Mexico,0,0,0.0
Mexico,0,1,0.0
Mexico,0,0,0.0
Mexico,0,0,0.0
Mexico,0,1,205.29859664654185
Mexico,0,1,0.0
Mexico,0,1,153.97394748490638
Mexico,0,0,0.0
Mexico,0,1,0.0
Mexico,0,1,0.0
Mexico,0,1,0.0
Mexico,0,0,0.0
Mexico,0,1,0.0
Mexico,0,1,0.0
Mexico,0,0,1642.3887731723348
Mexico,0,1,184.76873698188766
Mexico,0,1,0.0
Mexico,0,0,0.0
Mexico,0,0,0.0
Mexico,0,0,0.0
Mexico,0,1,0.0
Mexico,0,0,0.0
Mexico,0,0,0.0
Mexico,0,1,0.0
Mexico,0,1,0.0
Mexico,0,0,51.32464916163546
Mexico,0,1,0.0
Mexico,0,0,0.0
Mexico,0,0,513.2464916163547
Mexico,0,1,0.0
Mexico,0,0,0.0
Mexico,0,0,-66.7220439101261
Mexico,0,1,0.0
Mexico,0,0,0.0
Mexico,0,0,0.0
Mexico,0,1,82.11943865861674
Mexico,0,0,0.0
Mexico,0,1,0.0
Mexico,0,1,174.50380714956057
Mexico,0,1,0.0
Mexico,0,0,0.0
Mexico,0,0,0.0
Mexico,0,0,0.0
Mexico,0,1,0.0
Mexico,0,0,0.0
Mexico,0,1,0.0
Mexico,0,0,0.0
Mexico,0,0,-143.7090176525793
Mexico,0,1,51.32464916163546
Mexico,0,0,0.0
Mexico,0,0,0.0
Mexico,0,0,0.0
Mexico,0,0,0.0
Mexico,0,0,0.0
Mexico,0,0,0.0
Mexico,0,0,0.0
Mexico,0,0,0.0
Mexico,0,1,0.0
Mexico,0,0,0.0
Mexico,0,1,-256.62324580817733
Mexico,0,1,0.0
Mexico,0,1,0.0
Mexico,0,0,0.0
Mexico,0,1,0.0
Mexico,0,0,0.0
Mexico,0,0,-24.63583159758502
Mexico,0,0,0.0
Mexico,0,1,0.0
Mexico,0,0,169.37134223339703
Mexico,0,1,0.0
Mexico,0,1,0.0
Mexico,0,1,51.32464916163546
Mexico,0,1,0.0
Mexico,0,1,0.0
Mexico,0,0,0.0
Mexico,0,0,-41.05971932930837
Mexico,0,0,61.589578993962554
Mexico,0,0,0.0
Mexico,0,0,0.0
Mexico,0,1,0.0
Mexico,0,0,0.0
Mexico,0,0,20.529859664654186
Mexico,0,1,-51.32464916163546
Mexico,0,1,0.0
Mexico,0,0,133.4440878202522
Mexico,0,0,0.0
Mexico,0,0,0.0
Mexico,0,0,0.0
Mexico,0,0,0.0
Mexico,0,0,51.32464916163546
Mexico,0,1,0.0
Mexico,0,0,0.0
Mexico,0,1,0.0
Mexico,0,0,0.0
Mexico,0,0,0.0
Mexico,0,0,0.0
Mexico,0,0,0.0
Mexico,0,0,0.0
Mexico,0,0,0.0
Mexico,0,0,-20.529859664654186
Mexico,0,0,615.8957899396255
Mexico,0,0,0.0
Mexico,0,0,0.0
Mexico,0,0,123.17915798792511
Mexico,0,1,0.0
Mexico,0,0,2155.6352647886893
Mexico,0,0,0.0
Mexico,0,0,0.0
Mexico,0,0,0.0
Mexico,0,0,0.0
Mexico,0,1,51.32464916163546
Mexico,0,1,0.0
Mexico,0,1,18.476873698188765
Mexico,0,0,0.0
Mexico,0,0,0.0
Mexico,0,0,0.0
Mexico,0,1,51.32464916163546
Mexico,0,1,0.0
Mexico,0,1,0.0
Mexico,0,0,0.0
Mexico,0,0,0.0
Mexico,0,1,0.0
Mexico,0,1,0.0
Mexico,0,0,0.0
Mexico,0,1,0.0
Mexico,0,0,102.64929832327093
Mexico,0,0,0.0
Mexico,0,0,0.0
Mexico,0,0,0.0
Mexico,0,0,0.0
Mexico,0,1,0.0
Mexico,0,1,0.0
Mexico,0,1,0.0
Mexico,0,0,0.0
Mexico,0,0,30.794789496981277
Mexico,0,0,102.64929832327093
Mexico,0,1,0.0
Mexico,0,1,0.0
Mexico,0,0,0.0
Mexico,0,0,-51.32464916163546
Mexico,0,0,0.0
Mexico,0,0,0.0
Mexico,0,1,61.589578993962554
Mexico,0,1,0.0
Mexico,0,0,0.0
Mexico,0,0,0.0
Mexico,0,1,0.0
Mexico,0,0,0.0
Mexico,0,1,50.298156178402756
Mexico,0,1,0.0
Mexico,0,1,0.0
Mexico,0,1,0.0
Mexico,0,0,0.0
Mexico,0,0,0.0
Mexico,0,0,0.0
Mexico,0,1,0.0
Mexico,0,0,0.0
Mexico,0,1,205.29859664654185
Mexico,0,0,237.01722982843256
Mexico,0,1,0.0
Mexico,0,0,0.0
Mexico,0,0,0.0
Mexico,0,1,0.0
Mexico,0,0,307.94789496981275
Mexico,0,0,0.0
Mexico,0,0,0.0
Mexico,0,1,-2.0529859664654184
Mexico,0,0,0.0
Mexico,0,0,0.0
Mexico,0,1,0.0
Mexico,0,0,0.0
Mexico,0,1,7185.450882628965
Mexico,0,1,0.0
Mexico,0,1,0.0
Mexico,0,0,-15.397394748490639
Mexico,0,0,0.0
Mexico,0,1,61.589578993962554
Mexico,0,0,51.32464916163546
Mexico,0,0,0.0
Mexico,0,0,-287.4180353051586
Mexico,0,1,0.0
Mexico,0,0,0.0
Mexico,0,0,0.0
Mexico,0,0,0.0
Mexico,0,0,0.0
Mexico,0,0,0.0
Mexico,0,1,0.0
Mexico,0,0,0.0
Mexico,0,0,0.0
Mexico,0,0,0.0
Mexico,0,0,0.0
Mexico,0,0,0.0
Mexico,0,1,0.0
Mexico,0,0,71.85450882628965
Mexico,0,1,0.0
Mexico,0,1,51.32464916163546
Mexico,0,0,0.0
Mexico,0,1,0.0
Mexico,0,0,0.0
Mexico,0,0,0.0
Mexico,0,0,0.0
Mexico,0,0,0.0
Mexico,0,1,0.0
Mexico,0,0,0.0
Mexico,0,0,0.0
Mexico,0,1,0.0
Mexico,0,1,0.0
Mexico,0,0,0.0
Mexico,0,0,0.0
Mexico,0,1,0.0
Mexico,0,0,0.0
Mexico,0,1,0.0
Mexico,0,1,0.0
Mexico,0,1,0.0
Mexico,0,0,0.0
Mexico,0,0,0.0
Mexico,0,1,0.0
Mexico,0,0,0.0
Mexico,0,1,0.0
Mexico,0,0,0.0
Mexico,0,1,0.0
Mexico,0,1,0.0
Mexico,0,1,0.0
Mexico,0,0,0.0
Mexico,0,0,0.0
Mexico,0,1,0.0
Mexico,0,0,287.4180353051586
Mexico,0,1,0.0
Mexico,0,0,0.0
Mexico,0,0,0.0
Mexico,0,0,0.0
Mexico,0,1,0.0
Mexico,0,0,0.0
Mexico,0,0,205.29859664654185
Mexico,0,1,0.0
Mexico,0,1,0.0
Mexico,0,1,0.0
Mexico,0,1,0.0
Mexico,0,0,0.0
Mexico,0,1,390.06733362842954
Mexico,0,1,0.0
Mexico,0,1,-71.85450882628965
Mexico,0,0,0.0
Mexico,0,0,0.0
Mexico,0,0,0.0
Mexico,0,0,0.0
Mexico,0,0,0.0
Mexico,0,1,0.0
Mexico,0,1,0.0
Mexico,0,1,0.0
Mexico,0,1,0.0
Mexico,0,0,0.0
Mexico,0,0,-73.90749479275506
Mexico,0,1,0.0
Mexico,0,0,0.0
Mexico,0,1,0.0
Mexico,0,1,0.0
Mexico,0,0,0.0
Mexico,0,0,0.0
Mexico,0,0,0.0
Mexico,0,0,0.0
Mexico,0,1,0.0
Mexico,0,1,0.0
Mexico,0,1,0.0
Mexico,0,1,0.0
Mexico,0,0,0.0
Mexico,0,0,0.0
Mexico,0,0,0.0
Mexico,0,1,-20.529859664654186
Mexico,0,0,0.0
Mexico,0,0,0.0
Mexico,0,0,205.29859664654185
Mexico,0,0,0.0
Mexico,0,1,41.05971932930837
Mexico,0,1,-25.66232458081773
Mexico,0,0,0.0
Mexico,0,0,0.0
Mexico,0,0,51.32464916163546
Mexico,0,0,0.0
Mexico,0,0,0.0
Mexico,0,1,0.0
Mexico,0,1,0.0
Mexico,0,1,0.0
Mexico,0,0,0.0
Mexico,0,0,102.64929832327093
Mexico,0,0,0.0
Mexico,0,1,0.0
Mexico,0,0,35.92725441314482
Mexico,0,0,0.0
Mexico,0,0,0.0
Mexico,0,0,0.0
Mexico,0,0,0.0
Mexico,0,0,0.0
Mexico,0,0,0.0
Mexico,0,0,0.0
Mexico,0,0,0.0
Mexico,0,1,0.0
Mexico,0,0,0.0
Mexico,0,0,102.64929832327093
Mexico,0,0,0.0
Mexico,0,0,35.92725441314482
Mexico,0,0,0.0
Mexico,0,1,0.0
Mexico,0,1,0.0
Mexico,0,0,51.32464916163546
Mexico,0,0,0.0
Mexico,0,0,0.0
Mexico,0,1,0.0
Mexico,0,0,-205.29859664654185
Mexico,0,1,153.97394748490638
Mexico,0,1,0.0
Mexico,0,0,0.0
Mexico,0,0,0.0
Mexico,0,0,0.0
Mexico,0,0,0.0
Mexico,0,0,-307.94789496981275
Mexico,0,0,0.0
Mexico,0,0,0.0
Mexico,0,0,0.0
Mexico,0,0,0.0
Mexico,0,0,0.0
Mexico,0,0,-41.05971932930837
Mexico,0,0,82.11943865861674
Mexico,0,0,0.0
Mexico,0,0,123.17915798792511
Mexico,0,1,0.0
Mexico,0,0,0.0
Mexico,0,1,0.0
Mexico,0,0,0.0
Mexico,0,1,0.0
Mexico,0,0,0.0
Mexico,0,1,0.0
Mexico,0,0,0.0
Mexico,0,0,0.0
Mexico,0,1,0.0
Mexico,0,1,0.0
Mexico,0,0,51.32464916163546
Mexico,0,0,0.0
Mexico,0,0,-205.29859664654185
Mexico,0,0,0.0
Mexico,0,1,0.0
Mexico,0,0,0.0
Mexico,0,1,0.0
Mexico,0,1,0.0
Mexico,0,1,46.192184245471914
Mexico,0,1,3079.4789496981275
Mexico,0,1,0.0
Mexico,0,0,0.0
Mexico,0,1,0.0
Mexico,0,0,-246.35831597585022
Mexico,0,0,0.0
Mexico,0,1,-123.17915798792511
Mexico,0,0,0.0
Mexico,0,0,0.0
Mexico,0,0,0.0
Mexico,0,0,153.97394748490638
Mexico,0,1,0.0
Mexico,0,0,0.0
Mexico,0,1,51.32464916163546
Mexico,0,1,15.397394748490639
Mexico,0,0,0.0
Mexico,0,0,15.397394748490639
Mexico,0,1,0.0
Mexico,0,1,0.0
Mexico,0,1,0.0
Mexico,0,0,184.76873698188766
Mexico,0,0,0.0
Mexico,0,0,0.0
Mexico,0,0,0.0
Mexico,0,1,0.0
Mexico,0,0,0.0
Mexico,0,1,0.0
Mexico,0,0,0.0
Mexico,0,0,0.0
Mexico,0,1,0.0
Mexico,0,0,0.0
Mexico,0,1,0.0
Mexico,0,1,0.0
Mexico,0,0,0.0
Mexico,0,1,0.0
Mexico,0,1,20.529859664654186
Mexico,0,0,0.0
Mexico,0,0,0.0
Mexico,0,0,0.0
Mexico,0,0,0.0
Mexico,0,0,0.0
Mexico,0,0,0.0
Mexico,0,0,0.0
Mexico,0,1,0.0
Mexico,0,0,0.0
Mexico,0,0,0.0
Mexico,0,1,0.0
Mexico,0,0,0.0
Mexico,0,0,0.0
Mexico,0,1,0.0
Mexico,0,0,0.0
Mexico,0,0,0.0
Mexico,0,0,0.0
Mexico,0,0,0.0
Mexico,0,0,0.0
Mexico,0,0,0.0
Mexico,0,1,0.0
Mexico,0,0,0.0
Mexico,0,0,0.0
Mexico,0,1,30.794789496981277
Mexico,0,1,0.0
Mexico,0,1,0.0
Mexico,0,0,0.0
Mexico,0,1,0.0
Mexico,0,1,0.0
Mexico,0,1,0.0
Mexico,0,0,0.0
Mexico,0,0,0.0
Mexico,0,0,0.0
Mexico,0,0,0.0
Mexico,0,0,0.0
Mexico,0,0,10.264929832327093
Mexico,0,0,0.0
Mexico,0,0,0.0
Mexico,0,1,0.0
Mexico,0,0,0.0
Mexico,0,1,-513.2464916163547
Mexico,0,0,0.0
Mexico,0,0,0.0
Mexico,0,0,0.0
Mexico,0,0,0.0
Mexico,0,0,0.0
Mexico,0,1,0.0
Mexico,0,1,0.0
Mexico,0,0,0.0
Mexico,0,0,-51.32464916163546
Mexico,0,1,0.0
Mexico,0,0,0.0
Mexico,0,0,0.0
Mexico,0,0,0.0
Mexico,0,1,0.0
Mexico,0,1,61.589578993962554
Mexico,0,0,0.0
Mexico,0,0,82.11943865861674
Mexico,0,1,20.529859664654186
Mexico,0,1,0.0
Mexico,0,1,0.0
Mexico,0,0,0.0
Mexico,0,0,17.347731416632787
Mexico,0,0,0.0
Mexico,0,0,0.0
Mexico,0,0,0.0
Mexico,0,0,0.0
Mexico,0,1,0.0
Mexico,0,0,71.85450882628965
Mexico,0,0,0.0
Mexico,0,0,0.0
Mexico,0,0,0.0
Mexico,0,0,0.0
Mexico,0,0,205.29859664654185
Mexico,0,0,15.397394748490639
Mexico,0,0,0.0
Mexico,0,0,0.0
Mexico,0,1,0.0
Mexico,0,0,0.0
Mexico,0,0,0.0
Mexico,0,0,0.0
Mexico,0,1,0.0
Mexico,0,0,0.0
Mexico,0,1,0.0
Mexico,0,1,-51.32464916163546
Mexico,0,0,-410.5971932930837
Mexico,0,0,0.0
Mexico,0,1,0.0
Mexico,0,1,0.0
Mexico,0,0,0.0
Mexico,0,0,0.0
Mexico,0,0,0.0
Mexico,0,1,0.0
Mexico,0,0,0.0
Mexico,0,1,0.0
Mexico,0,1,0.0
Mexico,0,0,0.0
Mexico,0,0,0.0
Mexico,0,0,0.0
Mexico,0,0,0.0
Mexico,0,0,0.0
Mexico,0,1,0.0
Mexico,0,1,0.0
Mexico,0,1,0.0
Mexico,0,0,-41.05971932930837
Mexico,0,1,0.0
Mexico,0,0,0.0
Mexico,0,0,0.0
Mexico,0,1,0.0
Mexico,0,1,205.29859664654185
Mexico,0,0,0.0
Mexico,0,0,51.32464916163546
Mexico,0,0,0.0
Mexico,0,0,71.85450882628965
Mexico,0,0,0.0
Mexico,0,0,0.0
Mexico,0,1,0.0
Mexico,0,0,0.0
Mexico,0,0,0.0
Mexico,0,0,0.0
Mexico,0,1,0.0
Mexico,0,0,0.0
Mexico,0,1,112.91422815559801
Mexico,0,1,0.0
Mexico,0,0,0.0
Mexico,0,1,0.0
Mexico,0,0,0.0
Mexico,0,1,-61.589578993962554
Mexico,0,1,-256.62324580817733
Mexico,0,1,10.264929832327093
Mexico,0,0,0.0
Mexico,0,1,0.0
Mexico,0,0,82.11943865861674
Mexico,0,0,0.0
Mexico,0,0,-102.64929832327093
Mexico,0,1,0.0
Mexico,0,0,0.0
Mexico,0,1,0.0
Mexico,0,1,0.0
Mexico,0,1,0.0
Mexico,0,1,32.847775463446695
Mexico,0,1,0.0
Mexico,0,1,0.0
Mexico,0,1,0.0
Mexico,0,1,0.0
Mexico,0,1,0.0
Mexico,0,1,0.0
Mexico,0,0,0.0
Mexico,0,0,0.0
Mexico,0,1,0.0
Mexico,0,1,0.0
Mexico,0,1,0.0
Mexico,0,0,0.0
Mexico,0,1,0.0
Mexico,0,0,0.0
Mexico,0,0,0.0
Mexico,0,0,0.0
Mexico,0,1,61.589578993962554
Mexico,0,0,0.0
Mexico,0,0,0.0
Mexico,0,0,-191.338292074577
Mexico,0,1,0.0
Mexico,0,0,0.0
Mexico,0,0,0.0
Mexico,0,0,0.0
Mexico,0,1,0.0
Mexico,0,1,0.0
Mexico,0,0,0.0
Mexico,0,1,0.0
Mexico,0,0,0.0
Mexico,0,0,82.11943865861674
Mexico,0,0,0.0
Mexico,0,0,0.0
Mexico,0,0,0.0
Mexico,0,1,0.0
Mexico,0,0,0.0
Mexico,0,0,0.0
Mexico,0,1,0.0
Mexico,0,0,0.0
Mexico,0,0,0.0
Mexico,0,0,0.0
Mexico,0,0,0.0
Mexico,0,0,61.589578993962554
Mexico,0,0,0.0
Mexico,0,0,0.0
Mexico,0,1,0.0
Mexico,0,0,0.0
Mexico,0,0,0.0
Mexico,0,0,0.0
Mexico,0,1,410.5971932930837
Mexico,0,0,0.0
Mexico,0,1,0.0
Mexico,0,0,225.82845631119602
Mexico,0,0,10.264929832327093
Mexico,0,1,0.0
Mexico,0,0,0.0
Mexico,0,1,0.0
Mexico,0,0,0.0
Mexico,0,0,-205.29859664654185
Mexico,0,1,0.0
Mexico,0,0,0.0
Mexico,0,0,0.0
Mexico,0,0,0.0
Mexico,0,0,-51.32464916163546
Mexico,0,1,0.0
Mexico,0,0,20.529859664654186
Mexico,0,0,0.0
Mexico,0,0,0.0
Mexico,0,0,0.0
Mexico,0,0,0.0
Mexico,0,1,0.0
Mexico,0,1,215.56352647886894
Mexico,0,1,0.0
Mexico,0,0,0.0
Mexico,0,0,0.0
Mexico,0,1,0.0
Mexico,0,0,256.62324580817733
Mexico,0,0,0.0
Mexico,0,0,0.0
Mexico,0,0,0.0
Mexico,0,0,0.0
Mexico,0,0,0.0
Mexico,0,0,0.0
Mexico,0,1,0.0
Mexico,0,0,0.0
Mexico,0,0,30.794789496981277
Mexico,0,1,0.0
Mexico,0,1,0.0
Mexico,0,0,0.0
Mexico,0,0,0.0
Mexico,0,0,0.0
Mexico,0,0,0.0
Mexico,0,0,112.91422815559801
Mexico,0,0,0.0
Mexico,0,0,0.0
Mexico,0,0,307.94789496981275
Mexico,0,0,258.6762317746427
Mexico,0,0,0.0
Mexico,0,1,0.0
Mexico,0,1,0.0
Mexico,0,0,0.0
Mexico,0,0,0.0
Mexico,0,1,0.0
Mexico,0,0,102.64929832327093
Mexico,0,1,0.0
Mexico,0,1,0.0
Mexico,0,0,-61.589578993962554
Mexico,0,0,0.0
Mexico,0,1,0.0
Mexico,0,1,0.0
Mexico,0,1,0.0
Mexico,0,0,0.0
Mexico,0,1,0.0
Mexico,0,0,-153.97394748490638
Mexico,0,1,0.0
Mexico,0,0,71.85450882628965
Mexico,0,1,0.0
Mexico,0,0,0.0
Mexico,0,0,-225.82845631119602
Mexico,0,0,51.32464916163546
Mexico,0,0,0.0
Mexico,0,1,0.0
Mexico,0,0,0.0
Mexico,0,0,0.0
Mexico,0,1,0.0
Mexico,0,1,0.0
Mexico,0,0,0.0
Mexico,0,0,0.0
Mexico,0,0,0.0
Mexico,0,0,0.0
Mexico,0,1,0.0
Mexico,0,1,0.0
Mexico,0,0,0.0
Mexico,0,0,-21.04310615627054
Mexico,0,0,0.0
Mexico,0,0,0.0
Mexico,0,0,0.0
Mexico,0,0,0.0
Mexico,0,1,0.0
Mexico,0,1,51.32464916163546
Mexico,0,1,0.0
Mexico,0,1,0.0
Mexico,0,1,0.0
Mexico,0,0,0.0
Mexico,0,0,0.0
Mexico,0,1,0.0
Mexico,0,1,0.0
Mexico,0,1,0.0
Mexico,0,0,0.0
Mexico,0,1,0.0
Mexico,0,0,0.0
Mexico,0,0,0.0
Mexico,0,1,0.0
Mexico,0,1,92.38436849094383
Mexico,0,0,0.0
Mexico,0,0,61.589578993962554
Mexico,0,0,0.0
Mexico,0,1,0.0
Mexico,0,0,0.0
Mexico,0,0,0.0
Mexico,0,0,0.0
Mexico,0,1,0.0
Mexico,0,1,0.0
Mexico,0,1,20.529859664654186
Mexico,0,1,0.0
Mexico,0,1,0.0
Mexico,0,1,0.0
Mexico,0,1,0.0
Mexico,0,1,0.0
Mexico,0,0,153.97394748490638
Mexico,0,0,0.0
Mexico,0,1,0.0
Mexico,0,0,0.0
Mexico,0,0,0.0
Mexico,0,0,0.0
Mexico,0,0,0.0
Mexico,0,1,0.0
Mexico,0,0,32.847775463446695
Mexico,0,0,0.0
Mexico,0,0,0.0
Mexico,0,0,212.48404752917082
Mexico,0,0,102.64929832327093
Mexico,0,0,0.0
Mexico,0,0,0.0
Mexico,0,1,513.2464916163547
Mexico,0,1,0.0
Mexico,0,1,92.38436849094383
Mexico,0,1,0.0
Mexico,0,1,205.29859664654185
Mexico,0,0,102.64929832327093
Mexico,0,0,0.0
Mexico,0,0,0.0
Mexico,0,0,102.64929832327093
Mexico,0,0,0.0
Mexico,0,0,0.0
Mexico,0,1,0.0
Mexico,0,1,0.0
Mexico,0,1,-25.66232458081773
Mexico,0,1,0.0
Mexico,0,0,0.0
Mexico,0,0,0.0
Mexico,0,1,0.0
Mexico,0,1,0.0
Mexico,0,0,0.0
Mexico,0,1,51.32464916163546
Mexico,0,0,0.0
Mexico,0,1,0.0
Mexico,0,0,0.0
Mexico,0,1,0.0
Mexico,0,0,0.0
Mexico,0,0,0.0
Mexico,0,0,0.0
Mexico,0,0,0.0
Mexico,0,1,0.0
Mexico,0,1,11.291422815559802
Mexico,0,0,0.0
Mexico,0,0,205.29859664654185
Mexico,0,0,-102.64929832327093
Mexico,0,0,0.0
Mexico,0,1,0.0
Mexico,0,0,0.0
Mexico,0,1,0.0
Mexico,0,0,0.0
Mexico,0,0,0.0
Mexico,0,0,0.0
Mexico,0,0,0.0
Mexico,0,0,0.0
Mexico,0,0,0.0
Mexico,0,0,0.0
Mexico,0,0,0.0
Mexico,0,0,0.0
Mexico,0,1,0.0
Mexico,0,0,0.0
Mexico,0,1,0.0
Mexico,0,1,0.0
Mexico,0,1,0.0
Mexico,0,0,0.0
Mexico,0,0,297.68296513748567
Mexico,0,0,0.0
Mexico,0,0,61.589578993962554
Mexico,0,1,0.0
Mongolia,1,0,0.0
Mongolia,1,0,0.0
Mongolia,1,0,0.0
Mongolia,1,0,-2.547915804871615
Mongolia,1,0,-7.119176513611865
Mongolia,1,0,-2.3980384045850496
Mongolia,1,0,-4.796076809170099
Mongolia,1,0,0.0
Mongolia,1,0,7.194115213755148
Mongolia,1,0,-6.187313777330144
Mongolia,1,0,0.0
Mongolia,1,0,0.0
Mongolia,1,0,-1.4238353027223731
Mongolia,1,0,0.0
Mongolia,1,0,0.0
Mongolia,1,0,3.5745759968345894
Mongolia,1,0,0.0
Mongolia,1,0,0.0
Mongolia,1,0,0.0
Mongolia,1,0,-10.240373374579594
Mongolia,1,0,0.26977932051581804
Mongolia,1,0,10.116724519343178
Mongolia,1,0,0.0
Mongolia,1,0,0.0
Mongolia,1,0,-3.6719963070208568
Mongolia,1,0,-3.469661816633993
Mongolia,1,0,0.0
Mongolia,1,0,0.0
Mongolia,1,0,0.7493870014328279
Mongolia,1,0,-3.6719963070208568
Mongolia,1,0,0.0
Mongolia,1,0,0.0
Mongolia,1,0,0.0
Mongolia,1,0,0.0
Mongolia,1,0,-11.465621121922267
Mongolia,1,0,-8.203389627284881
Mongolia,1,0,-0.37469350071641394
Mongolia,1,0,0.0
Mongolia,1,0,0.0
Mongolia,1,0,0.0
Mongolia,1,0,-0.2997548005731312
Mongolia,1,0,-9.532202658225572
Mongolia,1,0,0.0
Mongolia,1,0,0.0
Mongolia,1,0,0.0
Mongolia,1,0,0.0
Mongolia,1,0,0.0
Mongolia,1,0,0.0
Mongolia,1,0,0.0
Mongolia,1,0,0.0
Mongolia,1,0,4.496322008596968
Mongolia,1,0,0.0
Mongolia,1,0,0.0
Mongolia,1,0,0.0
Mongolia,1,0,-1.7385778433241608
Mongolia,1,0,0.0
Mongolia,1,0,0.0
Mongolia,1,0,0.0
Mongolia,1,0,-6.369789512179038
Mongolia,1,0,-4.0804122228017485
Mongolia,1,1,3.6719963070208568
Mongolia,1,1,-9.704561668555122
Mongolia,1,1,-1.5737127030089386
Mongolia,1,1,-0.37469350071641394
Mongolia,1,1,0.0
Mongolia,1,1,0.0
Mongolia,1,1,0.0
Mongolia,1,1,0.0
Mongolia,1,1,4.121628507880554
Mongolia,1,1,0.0
Mongolia,1,1,0.0
Mongolia,1,1,0.0
Mongolia,1,1,-6.44472821232232
Mongolia,1,1,0.0
Mongolia,1,1,0.0
Mongolia,1,1,-6.4971853024226185
Mongolia,1,1,-1.8584797635534134
Mongolia,1,1,0.0
Mongolia,1,1,0.0
Mongolia,1,1,0.0
Mongolia,1,1,0.0
Mongolia,1,1,0.0
Mongolia,1,1,-0.7044237813468582
Mongolia,1,1,0.0
Mongolia,1,1,-5.245709010029795
Mongolia,1,1,0.0
Mongolia,1,1,0.0
Mongolia,1,1,0.0
Mongolia,1,1,0.0
Mongolia,1,1,0.0
Mongolia,1,1,-2.6228545050148977
Mongolia,1,1,0.0
Mongolia,1,1,0.0
Mongolia,1,1,0.46836687589551745
Mongolia,1,1,0.0
Mongolia,1,1,0.0
Mongolia,1,1,0.0
Mongolia,1,1,0.0
Mongolia,1,1,0.0
Mongolia,1,1,0.0
Mongolia,1,1,0.0
Mongolia,1,1,0.0
Mongolia,1,1,0.0
Mongolia,1,1,0.0
Mongolia,1,1,0.0
Mongolia,1,1,0.0
Mongolia,1,1,0.0
Mongolia,1,1,-4.66118714891219
Mongolia,1,1,0.0
Mongolia,1,1,0.0
Mongolia,1,1,0.0
Mongolia,1,1,0.0
Mongolia,1,1,0.0
Mongolia,1,1,0.0
Mongolia,1,1,0.0
Mongolia,1,1,0.0
Mongolia,1,1,-0.22481610042984837
Mongolia,1,1,0.0
Mongolia,1,1,-2.248161004298484
Mongolia,1,1,0.0
Mongolia,1,1,0.0
Mongolia,1,1,-12.424836483756287
Mongolia,1,1,0.0
Mongolia,1,1,0.0
Mongolia,1,1,0.0
Mongolia,1,1,1.4987740028656558
Mongolia,1,1,0.0
Mongolia,1,1,-3.6907309820566776
Mongolia,1,1,0.0
Mongolia,1,1,-0.6744483012895451
Mongolia,1,1,3.7656696821999605
Mongolia,1,1,0.0
Mongolia,1,1,1.3788720826364034
Mongolia,1,1,-0.5245709010029795
Mongolia,1,1,0.0
Mongolia,1,1,0.0
Mongolia,1,1,0.0
Mongolia,1,1,0.0
Mongolia,1,1,0.0
Mongolia,1,1,-1.363884342607747
Mongolia,1,1,0.0
Mongolia,1,1,0.0
Mongolia,1,1,2.285630354370125
Mongolia,1,1,0.0
Mongolia,1,1,0.0
Mongolia,1,1,0.0
Mongolia,1,1,-1.581206573023267
Mongolia,1,1,0.0
Mongolia,1,1,0.0
Mongolia,1,1,0.0
Mongolia,1,1,0.0
Mongolia,1,1,0.10491418020059591
Mongolia,1,1,4.7024034339909955
Mongolia,1,1,-12.31992230355569
Mongolia,1,1,0.0
Mongolia,1,1,0.0
Mongolia,1,1,3.829367577321751
Mongolia,1,1,0.0
Mongolia,1,1,-6.579617872580229
Mongolia,1,1,-15.100148078871483
Mongolia,1,1,0.0
Mongolia,1,1,0.0
Mongolia,1,1,-7.2990293939557445
Mongolia,1,1,-3.4471802065910087
Mongolia,1,1,-1.4987740028656558
Mongolia,1,1,0.0
Mongolia,1,1,0.0
Mongolia,1,1,-5.245709010029795
Mongolia,1,1,-5.605414770717553
Mongolia,1,1,-6.077528581620235
Mongolia,1,1,0.0
Mongolia,1,1,0.1798528803438787
Mongolia,1,1,0.0
Mongolia,1,1,0.0
Mongolia,1,1,0.0
Mongolia,1,1,0.0
Mongolia,1,1,0.0
Mongolia,1,1,0.0
Mongolia,1,1,0.0
Mongolia,1,1,0.0
Mongolia,1,1,0.0
Mongolia,1,1,-2.6153606350005694
Mongolia,1,1,-1.8734675035820698
Mongolia,1,1,0.0
Mongolia,1,1,-2.472977104728332
Mongolia,1,1,-1.8734675035820698
Mongolia,1,1,0.0
Mongolia,1,1,-0.6744483012895451
Mongolia,1,1,-0.5245709010029795
Mongolia,1,1,0.0
Mongolia,1,1,0.0
Mongolia,1,1,0.0
Mongolia,1,1,0.0
Mongolia,1,1,-7.044237813468583
Mongolia,1,1,0.0
Mongolia,1,1,-1.5961943130519236
Mongolia,1,1,0.0
Mongolia,1,1,0.0
Mongolia,1,1,0.0
Mongolia,1,1,0.0
Mongolia,1,1,0.0
Mongolia,1,1,0.8992644017193935
Mongolia,1,1,0.0
Mongolia,1,1,0.2997548005731312
Mongolia,1,1,0.0
Mongolia,1,1,0.0
Mongolia,1,1,-5.09583160974323
Mongolia,1,1,0.0
Mongolia,1,1,0.0
Mongolia,1,1,0.0
Mongolia,1,1,-1.798528803438787
Mongolia,1,1,0.0
Mongolia,1,1,0.0
Mongolia,1,1,-8.700383086635131
Mongolia,1,1,0.0
Mongolia,1,1,0.0
Mongolia,1,1,0.0
Mongolia,1,1,0.0
Mongolia,1,1,0.0
Mongolia,1,1,0.0
Mongolia,1,1,0.0
Mongolia,1,1,-1.4987740028656558
Mongolia,1,1,0.0
Mongolia,1,1,0.0
Mongolia,1,1,0.0
Mongolia,1,1,0.0
Mongolia,1,1,0.0
Mongolia,1,1,2.248161004298484
Mongolia,1,1,0.0
Mongolia,1,1,0.0
Mongolia,1,1,0.0
Mongolia,1,1,0.0
Mongolia,1,1,-6.669544312752168
Mongolia,1,1,-4.22654268808115
Mongolia,1,1,0.0
Mongolia,1,1,0.0
Mongolia,1,1,0.0
Mongolia,1,1,0.0
Mongolia,1,1,0.0
Mongolia,1,1,0.0
Mongolia,1,1,0.0
Mongolia,1,1,0.0
Mongolia,1,1,0.0
Mongolia,1,1,0.0
Mongolia,1,1,-4.496322008596968
Mongolia,1,1,0.0
Mongolia,1,1,0.0
Mongolia,1,1,0.0
Mongolia,1,1,0.0
Mongolia,1,1,0.0
Mongolia,1,1,-11.765375922495398
Mongolia,1,1,-5.395586410316361
Mongolia,1,1,-10.791172820632722
Mongolia,1,1,0.0
Mongolia,1,1,-14.133438847023134
Mongolia,1,1,-15.354939659358644
Mongolia,1,1,0.0
Mongolia,1,1,0.0
Mongolia,1,1,-3.8218737073074225
Mongolia,1,1,-7.306523263970073
Mongolia,1,1,-13.444002805704933
Mongolia,1,1,0.0
Mongolia,1,1,0.0
Mongolia,1,1,0.0
Mongolia,1,1,0.0
Mongolia,1,1,-5.170770309886513
Mongolia,1,1,0.0
Mongolia,1,1,0.0
Mongolia,1,1,0.0
Mongolia,1,1,-6.2948508120357545
Mongolia,1,1,0.0
Mongolia,1,1,0.0
Mongolia,1,1,-3.7469350071641396
Mongolia,1,1,0.0
Mongolia,1,1,0.0
Mongolia,1,1,0.0
Mongolia,1,1,0.0
Mongolia,1,1,0.0
Mongolia,1,1,-5.74779830098979
Mongolia,1,1,-10.379009969844667
Mongolia,1,1,-11.465621121922267
Mongolia,1,1,0.0
Mongolia,1,1,0.0
Mongolia,1,1,0.0
Mongolia,1,1,0.0
Mongolia,1,1,0.0
Mongolia,1,1,0.0
Mongolia,1,1,0.0
Mongolia,1,1,0.0
Mongolia,1,1,0.0
Mongolia,1,1,0.0
Mongolia,1,1,0.0
Mongolia,1,1,3.2298579761754884
Mongolia,1,1,-9.179990767552143
Mongolia,1,1,-4.27150590816712
Mongolia,1,1,-0.37469350071641394
Mongolia,1,1,0.0
Mongolia,1,1,0.0
Mongolia,1,1,0.0
Mongolia,1,1,0.22481610042984837
Mongolia,1,1,0.0
Mongolia,1,1,0.0
Mongolia,1,1,-14.882825848455964
Mongolia,1,1,0.0
Mongolia,1,1,0.0
Mongolia,1,1,0.0
Mongolia,1,1,0.0
Mongolia,1,1,-2.210691654226842
Mongolia,1,1,0.0
Mongolia,1,1,0.0
Mongolia,1,1,0.0
Mongolia,1,1,0.0
Mongolia,1,1,0.0
Mongolia,1,1,0.0
Mongolia,1,1,0.0
Mongolia,1,1,0.0
Mongolia,1,1,0.0
Mongolia,1,1,-0.37469350071641394
Mongolia,1,1,4.496322008596968
Mongolia,1,1,0.0
Mongolia,1,1,0.0
Mongolia,1,1,0.0
Mongolia,1,1,-0.9367337517910349
Mongolia,1,1,0.0
Mongolia,1,1,0.0
Mongolia,1,1,0.0
Mongolia,1,1,0.0
Mongolia,1,1,-6.744483012895452
Mongolia,1,1,0.0
Mongolia,1,0,0.0
Mongolia,1,0,-0.1498774002865656
Mongolia,1,0,0.0
Mongolia,1,0,2.8476706054447463
Mongolia,1,0,0.0
Mongolia,1,0,-0.1498774002865656
Mongolia,1,0,0.0
Mongolia,1,0,0.0
Mongolia,1,0,0.0
Mongolia,1,0,0.0
Mongolia,1,0,0.0
Mongolia,1,0,0.0
Mongolia,1,0,0.0
Mongolia,1,0,-9.936871638999298
Mongolia,1,0,0.0
Mongolia,1,0,2.248161004298484
Mongolia,1,0,0.0
Mongolia,1,0,0.0
Mongolia,1,0,0.0
Mongolia,1,0,0.0
Mongolia,1,0,0.0
Mongolia,1,0,0.0
Mongolia,1,0,0.0
Mongolia,1,0,0.0
Mongolia,1,0,0.0
Mongolia,1,0,0.0
Mongolia,1,0,-0.562040251074621
Mongolia,1,0,1.3488966025790903
Mongolia,1,0,0.0
Mongolia,1,0,0.8393134416047673
Mongolia,1,0,-14.463169127653579
Mongolia,1,0,-7.01426233341127
Mongolia,1,0,0.0
Mongolia,1,0,0.0
Mongolia,1,0,0.0
Mongolia,1,0,0.0
Mongolia,1,0,0.0
Mongolia,1,0,0.0
Mongolia,1,0,0.0
Mongolia,1,0,0.0
Mongolia,1,0,-6.714507532838138
Mongolia,1,0,0.0
Mongolia,1,0,0.0
Mongolia,1,0,0.0
Mongolia,1,0,0.0
Mongolia,1,0,0.0
Mongolia,1,0,2.248161004298484
Mongolia,1,0,-4.57126070874025
Mongolia,1,0,-3.297302806304443
Mongolia,1,0,0.0
Mongolia,1,0,0.0
Mongolia,1,0,0.0
Mongolia,1,0,0.0
Mongolia,1,0,-7.868563515044693
Mongolia,1,0,0.1498774002865656
Mongolia,1,1,0.0
Mongolia,1,1,0.0
Mongolia,1,1,0.0
Mongolia,1,1,0.0
Mongolia,1,1,0.0
Mongolia,1,1,0.0
Mongolia,1,1,0.0
Mongolia,1,1,0.0
Mongolia,1,1,0.0
Mongolia,1,1,0.0
Mongolia,1,1,0.0
Mongolia,1,1,0.0
Mongolia,1,1,0.0
Mongolia,1,1,0.0
Mongolia,1,1,0.0
Mongolia,1,1,-5.995096011462623
Mongolia,1,1,0.0
Mongolia,1,1,0.0
Mongolia,1,1,0.0
Mongolia,1,1,0.0
Mongolia,1,1,-0.7493870014328279
Mongolia,1,1,0.0
Mongolia,1,1,0.0
Mongolia,1,1,0.0
Mongolia,1,1,0.0
Mongolia,1,1,0.0
Mongolia,1,1,0.0
Mongolia,1,1,3.372241506447726
Mongolia,1,1,0.0
Mongolia,1,1,0.0
Mongolia,1,1,0.0
Mongolia,1,1,0.0
Mongolia,1,1,0.0
Mongolia,1,1,0.0
Mongolia,1,1,0.0
Mongolia,1,1,-8.61795051647752
Mongolia,1,1,0.0
Mongolia,1,1,0.0
Mongolia,1,1,0.0
Mongolia,1,1,0.0
Mongolia,1,1,0.0
Mongolia,1,1,0.0
Mongolia,1,1,0.0
Mongolia,1,1,0.0
Mongolia,1,1,0.0
Mongolia,1,1,0.0
Mongolia,1,1,0.0
Mongolia,1,1,0.0
Mongolia,1,1,0.0
Mongolia,1,1,0.0
Mongolia,1,1,0.0
Mongolia,1,0,0.0
Mongolia,1,0,0.0
Mongolia,1,0,-4.310474032241626
Mongolia,1,0,0.0
Mongolia,1,0,-5.4592843054381515
Mongolia,1,0,0.0
Mongolia,1,0,0.0
Mongolia,1,0,0.0
Mongolia,1,0,0.0
Mongolia,1,0,0.0
Mongolia,1,0,0.0
Mongolia,1,0,0.0
Mongolia,1,0,0.0
Mongolia,1,0,-4.719639335023951
Mongolia,1,0,0.0
Mongolia,1,0,0.0
Mongolia,1,0,0.0
Mongolia,1,0,0.0
Mongolia,1,0,0.0
Mongolia,1,0,0.0
Mongolia,1,0,0.0
Mongolia,1,0,0.0
Mongolia,1,0,0.0
Mongolia,1,0,1.3488966025790903
Mongolia,1,1,0.0
Mongolia,1,1,-7.606278064543203
Mongolia,1,1,0.0
Mongolia,1,1,-10.19166321948646
Mongolia,1,1,0.0
Mongolia,1,1,0.0
Mongolia,1,1,0.0
Mongolia,1,1,0.0
Mongolia,1,1,0.0
Mongolia,1,1,0.0
Mongolia,1,1,0.0
Mongolia,1,1,-6.070034711605906
Mongolia,1,1,0.0
Mongolia,1,1,0.0
Mongolia,1,1,0.0
Mongolia,1,1,0.0
Mongolia,1,1,0.0
Mongolia,1,1,0.0
Mongolia,1,1,0.0
Mongolia,1,1,0.0
Mongolia,1,1,0.0
Mongolia,1,1,0.0
Mongolia,1,1,2.8476706054447463
Mongolia,1,1,0.0
Mongolia,1,1,-0.17385778433241608
Mongolia,1,1,0.0
Mongolia,1,1,0.0
Mongolia,1,1,0.0
Mongolia,1,1,0.0
Mongolia,1,1,0.0
Mongolia,1,1,0.0
Mongolia,1,1,0.0
Mongolia,1,1,0.0
Mongolia,1,1,0.0
Mongolia,1,1,0.0
Mongolia,1,1,-1.124080502149242
Mongolia,1,1,5.995096011462623
Mongolia,1,1,0.0
Mongolia,1,1,0.0
Mongolia,1,1,0.0
Mongolia,1,1,0.0
Mongolia,1,1,5.620402510746209
Mongolia,1,1,0.0
Mongolia,1,1,0.0
Mongolia,1,1,0.0
Mongolia,1,1,-9.872424356876076
Mongolia,1,1,0.0
Mongolia,1,0,0.0
Mongolia,1,0,0.0
Mongolia,1,0,0.0
Mongolia,1,0,0.0
Mongolia,1,0,0.0
Mongolia,1,0,-2.9975480057313115
Mongolia,1,0,0.0
Mongolia,1,0,0.0
Mongolia,1,0,0.0
Mongolia,1,0,0.0
Mongolia,1,0,0.0
Mongolia,1,0,0.0
Mongolia,1,0,0.0
Mongolia,1,0,0.0
Mongolia,1,0,0.0
Mongolia,1,0,0.0
Mongolia,1,0,0.0
Mongolia,1,0,0.0
Mongolia,1,0,0.0
Mongolia,1,0,0.0
Mongolia,1,0,-10.53638124014556
Mongolia,1,0,0.0
Mongolia,1,0,0.0
Mongolia,1,0,0.0
Mongolia,1,0,-2.922609305588029
Mongolia,1,0,0.0
Mongolia,1,0,0.0
Mongolia,1,0,0.0
Mongolia,1,0,-8.213281535703794
Mongolia,1,1,0.0
Mongolia,1,1,0.0
Mongolia,1,1,0.0
Mongolia,1,1,0.0
Mongolia,1,1,0.0
Mongolia,1,1,0.0
Mongolia,1,1,0.0
Mongolia,1,1,3.597057606877574
Mongolia,1,1,0.0
Mongolia,1,1,0.0
Mongolia,1,1,0.0
Mongolia,1,1,0.0
Mongolia,1,1,-3.89006792443781
Mongolia,1,1,-4.945954209456664
Mongolia,1,1,0.0
Mongolia,1,1,0.0
Mongolia,1,1,0.0
Mongolia,1,1,1.019166321948646
Mongolia,1,1,0.0
Mongolia,1,1,0.0
Mongolia,1,1,0.0
Mongolia,1,1,0.0
Mongolia,1,1,0.0
Mongolia,1,1,0.0
Mongolia,1,1,0.0
Mongolia,1,1,0.0
Mongolia,1,1,4.7361258490554725
Mongolia,1,1,0.0
Mongolia,1,1,0.0
Mongolia,1,1,0.0
Mongolia,1,1,-8.992644017193935
Mongolia,1,1,0.0
Mongolia,1,1,-8.866372307452504
Mongolia,1,1,0.0
Mongolia,1,1,0.0
Mongolia,1,1,-7.149151993669179
Mongolia,1,1,0.0
Mongolia,1,1,0.0
Mongolia,1,1,0.0
Mongolia,1,1,0.0
Mongolia,1,1,0.0
Mongolia,1,1,0.0
Mongolia,1,1,-9.172496897537814
Mongolia,1,1,0.0
Mongolia,1,1,-7.846081905001708
Mongolia,1,1,0.0
Mongolia,1,1,0.0
Mongolia,1,1,0.0
Mongolia,1,1,0.0
Mongolia,1,1,0.0
Mongolia,1,1,0.0
Mongolia,1,1,0.0
Mongolia,1,1,0.0
Mongolia,1,1,0.0
Mongolia,1,1,-6.032565361534265
Mongolia,1,1,-8.820285006864385
Mongolia,1,1,-1.1690437222352117
Mongolia,1,1,0.0
Mongolia,1,1,0.0
Mongolia,1,1,0.0
Mongolia,1,1,0.0
Mongolia,1,1,0.0
Mongolia,1,1,0.0
Mongolia,1,1,0.0
Mongolia,1,1,0.0
Mongolia,1,1,-6.369789512179038
Mongolia,1,1,0.0
Mongolia,1,1,0.0
Mongolia,1,1,0.0
Mongolia,1,1,0.0
Mongolia,1,1,0.0
Mongolia,1,1,0.0
Mongolia,1,1,0.0
Mongolia,1,1,-12.522256793942555
Mongolia,1,1,0.0
Mongolia,1,1,0.0
Mongolia,1,1,0.0
Mongolia,1,1,0.0
Mongolia,1,1,0.0
Mongolia,1,1,0.0
Mongolia,1,1,0.0
Mongolia,1,1,0.0
Mongolia,1,1,0.0
Mongolia,1,1,0.0
Mongolia,1,1,0.0
Mongolia,1,1,0.0
Mongolia,1,1,-12.589701624071509
Mongolia,1,1,0.0
Mongolia,1,1,0.0
Mongolia,1,1,0.0
Mongolia,1,1,0.0
Mongolia,1,1,0.0
Mongolia,1,0,0.0
Mongolia,1,0,0.0
Mongolia,1,0,0.0
Mongolia,1,0,0.0
Mongolia,1,0,0.0
Mongolia,1,0,0.0
Mongolia,1,0,0.0
Mongolia,1,0,0.0
Mongolia,1,0,0.0
Mongolia,1,0,0.0
Mongolia,1,0,0.0
Mongolia,1,0,0.0
Mongolia,1,0,0.0
Mongolia,1,0,0.0
Mongolia,1,0,0.0
Mongolia,1,0,0.0
Mongolia,1,0,0.0
Mongolia,1,0,0.0
Mongolia,1,0,0.0
Mongolia,1,0,0.0
Mongolia,1,0,0.0
Mongolia,1,0,0.0
Mongolia,1,0,0.0
Mongolia,1,0,2.6228545050148977
Mongolia,1,0,0.0
Mongolia,1,0,0.0
Mongolia,1,0,0.0
Mongolia,1,1,0.0
Mongolia,1,1,0.0
Mongolia,1,1,-0.0749387001432828
Mongolia,1,1,0.0
Mongolia,1,1,-1.124080502149242
Mongolia,1,1,3.9567633675653315
Mongolia,1,1,0.0
Mongolia,1,1,0.0
Mongolia,1,1,0.0
Mongolia,1,1,0.0
Mongolia,1,1,0.0
Mongolia,1,1,0.0
Mongolia,1,1,0.0
Mongolia,1,1,0.0
Mongolia,1,1,0.0
Mongolia,1,1,0.0
Mongolia,1,1,0.0
Mongolia,1,1,0.0
Mongolia,1,1,0.0
Mongolia,1,1,0.0
Mongolia,1,1,0.0
Mongolia,1,1,0.0
Mongolia,1,1,0.0
Mongolia,1,1,0.0
Mongolia,1,1,0.0
Mongolia,1,1,0.0
Mongolia,1,1,0.0
Mongolia,1,1,0.0
Mongolia,1,1,2.0533203839259486
Mongolia,1,1,0.0
Mongolia,1,1,0.0
Mongolia,1,1,0.0
Mongolia,1,1,0.0
Mongolia,1,1,0.0
Mongolia,1,1,0.0
Mongolia,1,1,-6.669544312752168
Mongolia,1,1,-11.506837407001074
Mongolia,1,1,0.0
Mongolia,1,1,0.0
Mongolia,1,1,-1.1990192022925248
Mongolia,1,1,0.0
Mongolia,1,1,0.0
Mongolia,1,1,0.0
Mongolia,1,1,0.0
Mongolia,1,1,0.0
Mongolia,1,1,-12.964395124787924
Mongolia,1,1,0.0
Mongolia,1,1,0.0
Mongolia,1,1,0.0
Mongolia,1,1,0.0
Mongolia,1,1,0.0
Mongolia,1,1,0.0
Mongolia,1,1,0.0
Mongolia,1,1,0.0
Mongolia,1,1,2.5853851549432565
Mongolia,1,1,-2.9975480057313115
Mongolia,1,1,0.0
Mongolia,1,1,0.0
Mongolia,1,1,0.0
Mongolia,1,1,0.0
Mongolia,1,1,0.0
Mongolia,1,1,0.0
Mongolia,1,1,0.0
Mongolia,1,1,0.0
Mongolia,1,1,-11.225817281463762
Mongolia,1,1,0.0
Mongolia,1,1,-12.140069423211813
Mongolia,1,1,0.0
Mongolia,1,1,-3.1474254060178772
Mongolia,1,1,0.0
Mongolia,1,1,0.0
Mongolia,1,1,0.0
Mongolia,1,1,0.0
Mongolia,1,1,-18.359981535104286
Mongolia,1,1,0.0
Mongolia,1,1,0.0
Mongolia,1,1,0.0
Mongolia,1,1,0.0
Mongolia,1,1,0.0
Mongolia,1,1,0.0
Mongolia,1,1,0.0
Mongolia,1,1,-6.219912111892472
Mongolia,1,1,0.0
Mongolia,1,1,0.0
Mongolia,1,1,-13.129260265103145
Mongolia,1,1,0.0
Mongolia,1,1,0.0
Mongolia,1,1,-10.116724519343178
Mongolia,1,1,0.0
Mongolia,1,1,-3.109956055946236
Mongolia,1,1,-3.8818246674220487
Mongolia,1,1,4.945954209456664
Mongolia,1,1,0.0
Mongolia,1,1,0.0
Mongolia,1,1,0.0
Mongolia,1,1,0.0
Mongolia,1,1,0.0
Mongolia,1,1,0.0
Mongolia,1,1,0.0
Mongolia,1,1,-2.1582345641265444
Mongolia,1,1,-13.488966025790903
Mongolia,1,1,0.0
Mongolia,1,1,-7.269053913898431
Mongolia,1,1,-4.196567208023836
Mongolia,1,1,-2.6228545050148977
Mongolia,1,1,0.0
Mongolia,1,1,0.0
Mongolia,1,1,-5.395586410316361
Mongolia,1,1,0.0
Mongolia,1,1,0.0
Mongolia,1,1,0.0
Mongolia,1,1,0.0
Mongolia,1,1,-7.980971565259617
Mongolia,1,1,-16.449044681450573
Mongolia,1,1,-7.508857754356936
Mongolia,1,1,0.0
Mongolia,1,1,0.0
Mongolia,1,1,-18.659736335677415
Mongolia,1,1,0.0
Mongolia,1,1,-6.040059231548593
Mongolia,1,1,0.0
Mongolia,1,0,0.0
Mongolia,1,0,0.0
Mongolia,1,0,0.0
Mongolia,1,0,0.0
Mongolia,1,0,-6.05504697157725
Mongolia,1,0,0.0
Mongolia,1,0,0.0
Mongolia,1,0,0.0
Mongolia,1,0,0.0
Mongolia,1,0,0.0
Mongolia,1,0,-4.61622392882622
Mongolia,1,0,0.0
Mongolia,1,0,0.0
Mongolia,1,0,-6.369789512179038
Mongolia,1,0,0.0
Mongolia,1,0,0.0
Mongolia,1,0,0.0
Mongolia,1,0,0.0
Mongolia,1,0,0.0
Mongolia,1,0,0.0
Mongolia,1,0,0.0
Mongolia,1,0,0.0
Mongolia,1,0,0.0
Mongolia,1,0,0.0
Mongolia,1,0,0.0
Mongolia,1,0,-9.205469925600859
Mongolia,1,0,0.0
Mongolia,1,0,0.0
Mongolia,1,0,0.0
Mongolia,1,0,0.0
Mongolia,1,0,0.0
Mongolia,1,0,0.0
Mongolia,1,0,0.0
Mongolia,1,0,0.0
Mongolia,1,0,-5.656373086814985
Mongolia,1,0,0.0
Mongolia,1,0,0.0
Mongolia,1,0,-0.1498774002865656
Mongolia,1,0,0.0
Mongolia,1,0,-2.884015875014238
Mongolia,1,0,0.0
Mongolia,1,0,0.0
Mongolia,1,0,0.0
Mongolia,1,1,0.5882687961247699
Mongolia,1,1,0.0
Mongolia,1,1,0.0
Mongolia,1,1,0.0
Mongolia,1,1,0.0
Mongolia,1,1,0.0
Mongolia,1,1,0.0
Mongolia,1,1,0.0
Mongolia,1,1,0.0
Mongolia,1,1,0.0
Mongolia,1,1,0.0
Mongolia,1,1,-2.74275642524415
Mongolia,1,1,0.0
Mongolia,1,1,0.0
Mongolia,1,1,0.0
Mongolia,1,1,0.0
Mongolia,1,1,0.0
Mongolia,1,1,0.0
Mongolia,1,1,0.0
Mongolia,1,1,0.0
Mongolia,1,1,0.0
Mongolia,1,1,0.0
Mongolia,1,1,0.0
Mongolia,1,1,0.0
Mongolia,1,1,0.0
Mongolia,1,1,0.0
Mongolia,1,1,0.0
Mongolia,1,1,0.0
Mongolia,1,1,-3.48464955666265
Mongolia,1,1,0.0
Mongolia,1,1,0.0
Mongolia,1,1,0.0
Mongolia,1,1,0.0
Mongolia,1,1,0.0
Mongolia,1,1,0.0
Mongolia,1,1,0.0
Mongolia,1,1,0.0
Mongolia,1,1,-14.013536926793883
Mongolia,1,1,-7.119176513611865
Mongolia,1,1,0.0
Mongolia,1,1,0.0
Mongolia,1,1,-3.319784416347428
Mongolia,1,1,0.0
Mongolia,1,1,0.0
Mongolia,1,1,0.0
Mongolia,1,1,0.0
Mongolia,1,1,-8.54301181633424
Mongolia,1,1,0.0
Mongolia,1,1,0.0
Mongolia,1,1,-6.819421713038734
Mongolia,1,1,-2.3980384045850496
Mongolia,1,1,0.0
Mongolia,1,1,0.0
Mongolia,1,1,0.0
Mongolia,1,1,0.0
Mongolia,1,1,0.0
Mongolia,1,1,0.0
Mongolia,1,1,0.0
Mongolia,1,1,0.0
Mongolia,1,1,0.0
Mongolia,1,1,0.0
Mongolia,1,1,-4.721138109026816
Mongolia,1,1,0.0
Mongolia,1,1,5.208239659958154
Mongolia,1,1,0.0
Mongolia,1,1,0.0
Mongolia,1,1,0.0
Mongolia,1,1,-2.173222304155201
Mongolia,1,1,0.0
Mongolia,1,1,0.0
Mongolia,1,1,0.0
Mongolia,1,1,0.0
Mongolia,1,1,0.0
Mongolia,1,1,-12.014172406971097
Mongolia,1,1,0.0
Mongolia,1,1,0.0
Mongolia,1,1,0.0
Mongolia,1,0,0.0
Mongolia,1,0,0.0
Mongolia,1,0,0.0
Mongolia,1,0,0.0
Mongolia,1,0,0.0
Mongolia,1,0,0.0
Mongolia,1,0,0.0
Mongolia,1,0,0.0
Mongolia,1,0,0.0
Mongolia,1,0,0.0
Mongolia,1,0,0.0
Mongolia,1,0,0.0
Mongolia,1,0,0.0
Mongolia,1,0,0.0
Mongolia,1,0,0.0
Mongolia,1,0,0.0
Mongolia,1,0,0.0
Mongolia,1,0,0.0
Mongolia,1,0,0.0
Mongolia,1,0,0.0
Mongolia,1,0,0.0
Mongolia,1,0,0.0
Mongolia,1,1,0.0
Mongolia,1,1,0.0
Mongolia,1,1,0.0
Mongolia,1,1,0.0
Mongolia,1,1,0.0
Mongolia,1,1,0.0
Mongolia,1,1,0.0
Mongolia,1,1,0.0
Mongolia,1,1,0.0
Mongolia,1,1,0.0
Mongolia,1,1,0.0
Mongolia,1,1,0.0
Mongolia,1,1,0.0
Mongolia,1,1,0.0
Mongolia,1,1,0.0
Mongolia,1,1,0.0
Mongolia,1,1,0.0
Mongolia,1,1,0.0
Mongolia,1,1,0.0
Mongolia,1,1,0.0
Mongolia,1,1,0.0
Mongolia,1,1,0.0
Mongolia,1,1,0.0
Mongolia,1,1,0.0
Mongolia,1,1,0.0
Mongolia,1,1,0.0
Mongolia,1,1,-4.466346528539654
Mongolia,1,1,0.0
Mongolia,1,1,-15.212556129086407
Mongolia,1,1,-16.561452731665497
Mongolia,1,1,0.0
Mongolia,1,1,1.7235901032955043
Mongolia,1,1,2.248161004298484
Mongolia,1,1,0.0
Mongolia,1,1,0.0
Mongolia,1,1,0.0
Mongolia,1,1,0.0
Mongolia,1,1,0.0
Mongolia,1,1,0.0
Mongolia,1,1,0.0
Mongolia,1,1,0.0
Mongolia,1,1,0.0
Mongolia,1,1,0.0
Mongolia,1,1,0.0
Bosnia,2,1,0.0
Bosnia,2,1,0.0
Bosnia,2,0,386.9601913929185
Bosnia,2,0,309.5681531143348
Bosnia,2,0,0.0
Bosnia,2,0,154.7840765571674
Bosnia,2,0,0.0
Bosnia,2,1,0.0
Bosnia,2,1,0.0
Bosnia,2,0,0.0
Bosnia,2,0,0.0
Bosnia,2,0,0.0
Bosnia,2,1,309.5681531143348
Bosnia,2,1,0.0
Bosnia,2,1,41.27575374857797
Bosnia,2,0,0.0
Bosnia,2,1,257.9734609286123
Bosnia,2,0,0.0
Bosnia,2,0,206.37876874288986
Bosnia,2,0,0.0
Bosnia,2,1,0.0
Bosnia,2,1,386.9601913929185
Bosnia,2,0,0.0
Bosnia,2,0,412.7575374857797
Bosnia,2,1,515.9469218572247
Bosnia,2,0,0.0
Bosnia,2,0,0.0
Bosnia,2,1,722.3256906001145
Bosnia,2,0,0.0
Bosnia,2,0,0.0
Bosnia,2,1,30.956815311433477
Bosnia,2,1,0.0
Bosnia,2,0,0.0
Bosnia,2,1,61.913630622866954
Bosnia,2,0,77.3920382785837
Bosnia,2,1,515.9469218572247
Bosnia,2,1,0.0
Bosnia,2,0,0.0
Bosnia,2,0,206.37876874288986
Bosnia,2,1,0.0
Bosnia,2,1,0.0
Bosnia,2,0,0.0
Bosnia,2,0,128.98673046430616
Bosnia,2,1,0.0
Bosnia,2,1,0.0
Bosnia,2,0,0.0
Bosnia,2,0,412.7575374857797
Bosnia,2,1,257.9734609286123
Bosnia,2,1,361.16284530005726
Bosnia,2,1,0.0
Bosnia,2,1,0.0
Bosnia,2,0,0.0
Bosnia,2,1,0.0
Bosnia,2,0,515.9469218572247
Bosnia,2,1,144.46513812002289
Bosnia,2,0,0.0
Bosnia,2,1,515.9469218572247
Bosnia,2,1,0.0
Bosnia,2,0,0.0
Bosnia,2,0,77.3920382785837
Bosnia,2,0,0.0
Bosnia,2,0,0.0
Bosnia,2,1,0.0
Bosnia,2,1,128.98673046430616
Bosnia,2,0,0.0
Bosnia,2,1,103.18938437144493
Bosnia,2,0,0.0
Bosnia,2,1,1031.8938437144493
Bosnia,2,0,0.0
Bosnia,2,1,0.0
Bosnia,2,0,0.0
Bosnia,2,1,154.7840765571674
Bosnia,2,1,0.0
Bosnia,2,1,0.0
Bosnia,2,1,0.0
Bosnia,2,0,0.0
Bosnia,2,0,0.0
Bosnia,2,0,0.0
Bosnia,2,0,0.0
Bosnia,2,1,0.0
Bosnia,2,0,0.0
Bosnia,2,0,0.0
Bosnia,2,1,0.0
Bosnia,2,1,0.0
Bosnia,2,0,0.0
Bosnia,2,0,0.0
Bosnia,2,1,0.0
Bosnia,2,1,0.0
Bosnia,2,0,0.0
Bosnia,2,1,0.0
Bosnia,2,0,154.7840765571674
Bosnia,2,1,154.7840765571674
Bosnia,2,0,0.0
Bosnia,2,1,0.0
Bosnia,2,1,825.5150749715594
Bosnia,2,0,0.0
Bosnia,2,1,0.0
Bosnia,2,1,0.0
Bosnia,2,0,0.0
Bosnia,2,0,0.0
Bosnia,2,1,773.920382785837
Bosnia,2,1,0.0
Bosnia,2,0,412.7575374857797
Bosnia,2,1,0.0
Bosnia,2,1,0.0
Bosnia,2,0,0.0
Bosnia,2,1,103.18938437144493
Bosnia,2,0,0.0
Bosnia,2,1,77.3920382785837
Bosnia,2,0,0.0
Bosnia,2,1,154.7840765571674
Bosnia,2,1,103.18938437144493
Bosnia,2,1,0.0
Bosnia,2,1,0.0
Bosnia,2,0,0.0
Bosnia,2,1,0.0
Bosnia,2,0,0.0
Bosnia,2,0,0.0
Bosnia,2,0,0.0
Bosnia,2,1,154.7840765571674
Bosnia,2,0,0.0
Bosnia,2,1,0.0
Bosnia,2,0,0.0
Bosnia,2,1,0.0
Bosnia,2,1,0.0
Bosnia,2,0,0.0
Bosnia,2,1,0.0
Bosnia,2,1,0.0
Bosnia,2,0,128.98673046430616
Bosnia,2,1,0.0
Bosnia,2,0,0.0
Bosnia,2,1,154.7840765571674
Bosnia,2,0,0.0
Bosnia,2,0,309.5681531143348
Bosnia,2,0,154.7840765571674
Bosnia,2,1,0.0
Bosnia,2,1,1031.8938437144493
Bosnia,2,1,0.0
Bosnia,2,0,0.0
Bosnia,2,1,0.0
Bosnia,2,0,257.9734609286123
Bosnia,2,1,0.0
Bosnia,2,0,309.5681531143348
Bosnia,2,0,0.0
Bosnia,2,1,0.0
Bosnia,2,0,128.98673046430616
Bosnia,2,0,257.9734609286123
Bosnia,2,1,206.37876874288986
Bosnia,2,1,180.58142265002863
Bosnia,2,0,0.0
Bosnia,2,0,0.0
Bosnia,2,1,0.0
Bosnia,2,0,0.0
Bosnia,2,0,0.0
Bosnia,2,0,0.0
Bosnia,2,1,206.37876874288986
Bosnia,2,1,0.0
Bosnia,2,1,283.77080702147356
Bosnia,2,0,0.0
Bosnia,2,1,154.7840765571674
Bosnia,2,1,0.0
Bosnia,2,1,0.0
Bosnia,2,0,0.0
Bosnia,2,0,0.0
Bosnia,2,1,412.7575374857797
Bosnia,2,0,0.0
Bosnia,2,1,0.0
Bosnia,2,1,0.0
Bosnia,2,1,257.9734609286123
Bosnia,2,0,515.9469218572247
Bosnia,2,0,206.37876874288986
Bosnia,2,1,1031.8938437144493
Bosnia,2,1,0.0
Bosnia,2,1,0.0
Bosnia,2,1,0.0
Bosnia,2,1,206.37876874288986
Bosnia,2,0,0.0
Bosnia,2,0,0.0
Bosnia,2,0,0.0
Bosnia,2,1,0.0
Bosnia,2,0,0.0
Bosnia,2,0,103.18938437144493
Bosnia,2,1,0.0
Bosnia,2,1,0.0
Bosnia,2,0,0.0
Bosnia,2,1,0.0
Bosnia,2,0,0.0
Bosnia,2,0,0.0
Bosnia,2,1,257.9734609286123
Bosnia,2,0,515.9469218572247
Bosnia,2,1,309.5681531143348
Bosnia,2,0,1805.8142265002862
Bosnia,2,0,0.0
Bosnia,2,1,0.0
Bosnia,2,1,0.0
Bosnia,2,1,386.9601913929185
Bosnia,2,0,0.0
Bosnia,2,0,0.0
Bosnia,2,1,0.0
Bosnia,2,0,0.0
Bosnia,2,1,0.0
Bosnia,2,0,412.7575374857797
Bosnia,2,0,0.0
Bosnia,2,1,0.0
Bosnia,2,1,0.0
Bosnia,2,1,0.0
Bosnia,2,0,0.0
Bosnia,2,1,257.9734609286123
Bosnia,2,0,0.0
Bosnia,2,0,0.0
Bosnia,2,1,0.0
Bosnia,2,0,0.0
Bosnia,2,1,928.7044593430044
Bosnia,2,0,0.0
Bosnia,2,0,0.0
Bosnia,2,1,1289.8673046430615
Bosnia,2,1,0.0
Bosnia,2,0,0.0
Bosnia,2,1,0.0
Bosnia,2,0,0.0
Bosnia,2,0,0.0
Bosnia,2,1,0.0
Bosnia,2,1,0.0
Bosnia,2,0,0.0
Bosnia,2,1,0.0
Bosnia,2,1,0.0
Bosnia,2,1,0.0
Bosnia,2,0,0.0
Bosnia,2,1,0.0
Bosnia,2,0,232.1761148357511
Bosnia,2,1,0.0
Bosnia,2,0,0.0
Bosnia,2,0,154.7840765571674
Bosnia,2,1,206.37876874288986
Bosnia,2,0,0.0
Bosnia,2,1,0.0
Bosnia,2,1,0.0
Bosnia,2,0,0.0
Bosnia,2,1,0.0
Bosnia,2,0,0.0
Bosnia,2,0,0.0
Bosnia,2,1,0.0
Bosnia,2,0,0.0
Bosnia,2,1,103.18938437144493
Bosnia,2,1,0.0
Bosnia,2,0,0.0
Bosnia,2,1,515.9469218572247
Bosnia,2,0,0.0
Bosnia,2,0,0.0
Bosnia,2,1,51.594692185722465
Bosnia,2,0,0.0
Bosnia,2,1,0.0
Bosnia,2,0,0.0
Bosnia,2,1,515.9469218572247
Bosnia,2,1,0.0
Bosnia,2,1,0.0
Bosnia,2,0,154.7840765571674
Bosnia,2,1,0.0
Bosnia,2,0,0.0
Bosnia,2,1,0.0
Bosnia,2,1,0.0
Bosnia,2,0,0.0
Bosnia,2,0,0.0
Bosnia,2,1,619.1363062286696
Bosnia,2,0,0.0
Bosnia,2,0,154.7840765571674
Bosnia,2,0,0.0
Bosnia,2,1,0.0
Bosnia,2,0,128.98673046430616
Bosnia,2,1,0.0
Bosnia,2,1,77.3920382785837
Bosnia,2,1,257.9734609286123
Bosnia,2,1,0.0
Bosnia,2,0,0.0
Bosnia,2,0,103.18938437144493
Bosnia,2,1,0.0
Bosnia,2,1,0.0
Bosnia,2,1,1496.2460733859514
Bosnia,2,0,0.0
Bosnia,2,1,0.0
Bosnia,2,0,0.0
Bosnia,2,1,0.0
Bosnia,2,1,0.0
Bosnia,2,1,0.0
Bosnia,2,1,2063.7876874288986
Bosnia,2,1,0.0
Bosnia,2,1,0.0
Bosnia,2,0,0.0
Bosnia,2,0,0.0
Bosnia,2,1,0.0
Bosnia,2,0,0.0
Bosnia,2,0,0.0
Bosnia,2,1,0.0
Bosnia,2,1,0.0
Bosnia,2,1,0.0
Bosnia,2,0,0.0
Bosnia,2,0,0.0
Bosnia,2,1,515.9469218572247
Bosnia,2,0,103.18938437144493
Bosnia,2,0,0.0
Bosnia,2,1,0.0
Bosnia,2,1,154.7840765571674
Bosnia,2,1,0.0
Bosnia,2,0,118.66779202716167
Bosnia,2,1,0.0
Bosnia,2,1,0.0
Bosnia,2,0,0.0
Bosnia,2,0,0.0
Bosnia,2,0,309.5681531143348
Bosnia,2,1,0.0
Bosnia,2,0,0.0
Bosnia,2,0,0.0
Bosnia,2,0,0.0
Bosnia,2,0,0.0
Bosnia,2,1,2579.734609286123
Bosnia,2,0,0.0
Bosnia,2,1,0.0
Bosnia,2,1,0.0
Bosnia,2,0,1271.8091623780588
Bosnia,2,1,0.0
Bosnia,2,0,0.0
Bosnia,2,0,0.0
Bosnia,2,0,0.0
Bosnia,2,0,257.9734609286123
Bosnia,2,1,0.0
Bosnia,2,1,0.0
Bosnia,2,1,0.0
Bosnia,2,0,0.0
Bosnia,2,1,0.0
Bosnia,2,0,0.0
Bosnia,2,1,154.7840765571674
Bosnia,2,1,0.0
Bosnia,2,0,0.0
Bosnia,2,1,1547.840765571674
Bosnia,2,1,773.920382785837
Bosnia,2,0,30.956815311433477
Bosnia,2,0,257.9734609286123
Bosnia,2,0,0.0
Bosnia,2,0,412.7575374857797
Bosnia,2,1,0.0
Bosnia,2,0,0.0
Bosnia,2,0,0.0
Bosnia,2,0,0.0
Bosnia,2,1,0.0
Bosnia,2,1,0.0
Bosnia,2,1,1289.8673046430615
Bosnia,2,1,0.0
Bosnia,2,1,464.3522296715022
Bosnia,2,0,0.0
Bosnia,2,0,103.18938437144493
Bosnia,2,0,0.0
Bosnia,2,1,0.0
Bosnia,2,0,257.9734609286123
Bosnia,2,1,0.0
Bosnia,2,0,257.9734609286123
Bosnia,2,1,0.0
Bosnia,2,1,0.0
Bosnia,2,1,515.9469218572247
Bosnia,2,0,0.0
Bosnia,2,1,206.37876874288986
Bosnia,2,0,0.0
Bosnia,2,0,0.0
Bosnia,2,0,773.920382785837
Bosnia,2,0,0.0
Bosnia,2,1,0.0
Bosnia,2,0,412.7575374857797
Bosnia,2,1,1031.8938437144493
Bosnia,2,0,0.0
Bosnia,2,1,0.0
Bosnia,2,0,0.0
Bosnia,2,0,0.0
Bosnia,2,0,0.0
Bosnia,2,1,0.0
Bosnia,2,0,0.0
Bosnia,2,0,0.0
Bosnia,2,0,0.0
Bosnia,2,1,0.0
Bosnia,2,0,0.0
Bosnia,2,1,0.0
Bosnia,2,0,0.0
Bosnia,2,1,51.594692185722465
Bosnia,2,1,1031.8938437144493
Bosnia,2,1,0.0
Bosnia,2,1,0.0
Bosnia,2,1,0.0
Bosnia,2,1,361.16284530005726
Bosnia,2,0,0.0
Bosnia,2,1,464.3522296715022
Bosnia,2,1,61.913630622866954
Bosnia,2,0,0.0
Bosnia,2,1,77.3920382785837
Bosnia,2,0,0.0
Bosnia,2,1,0.0
Bosnia,2,1,0.0
Bosnia,2,0,0.0
Bosnia,2,1,773.920382785837
Bosnia,2,1,206.37876874288986
Bosnia,2,1,0.0
Bosnia,2,0,0.0
Bosnia,2,0,773.920382785837
Bosnia,2,1,0.0
Bosnia,2,0,0.0
Bosnia,2,1,309.5681531143348
Bosnia,2,0,0.0
Bosnia,2,1,0.0
Bosnia,2,1,0.0
Bosnia,2,0,0.0
Bosnia,2,1,1031.8938437144493
Bosnia,2,1,0.0
Bosnia,2,1,0.0
Bosnia,2,0,0.0
Bosnia,2,0,0.0
Bosnia,2,0,0.0
Bosnia,2,1,0.0
Bosnia,2,0,0.0
Bosnia,2,0,0.0
Bosnia,2,1,0.0
Bosnia,2,1,412.7575374857797
Bosnia,2,1,103.18938437144493
Bosnia,2,1,0.0
Bosnia,2,1,0.0
Bosnia,2,0,257.9734609286123
Bosnia,2,1,0.0
Bosnia,2,0,0.0
Bosnia,2,1,0.0
Bosnia,2,1,0.0
Bosnia,2,0,0.0
Bosnia,2,1,0.0
Bosnia,2,0,0.0
Bosnia,2,0,3611.6284530005723
Bosnia,2,1,0.0
Bosnia,2,0,0.0
Bosnia,2,0,0.0
Bosnia,2,0,0.0
Bosnia,2,1,0.0
Bosnia,2,0,0.0
Bosnia,2,1,0.0
Bosnia,2,0,0.0
Bosnia,2,1,0.0
Bosnia,2,1,103.18938437144493
Bosnia,2,0,0.0
Bosnia,2,1,0.0
Bosnia,2,1,0.0
Bosnia,2,1,0.0
Bosnia,2,0,154.7840765571674
Bosnia,2,1,0.0
Bosnia,2,1,103.18938437144493
Bosnia,2,0,0.0
Bosnia,2,0,0.0
Bosnia,2,0,0.0
Bosnia,2,1,0.0
Bosnia,2,1,0.0
Bosnia,2,0,0.0
Bosnia,2,0,0.0
Bosnia,2,1,0.0
Bosnia,2,1,0.0
Bosnia,2,0,103.18938437144493
Bosnia,2,0,0.0
Bosnia,2,1,0.0
Bosnia,2,1,0.0
Bosnia,2,1,0.0
Bosnia,2,0,309.5681531143348
Bosnia,2,1,0.0
Bosnia,2,1,0.0
Bosnia,2,0,0.0
Bosnia,2,0,0.0
Bosnia,2,0,2579.734609286123
Bosnia,2,1,0.0
Bosnia,2,0,0.0
Bosnia,2,1,464.3522296715022
Bosnia,2,1,0.0
Bosnia,2,1,0.0
Bosnia,2,1,0.0
Bosnia,2,0,103.18938437144493
Bosnia,2,1,0.0
Bosnia,2,1,206.37876874288986
Bosnia,2,0,0.0
Bosnia,2,1,206.37876874288986
Bosnia,2,0,0.0
Bosnia,2,0,0.0
Bosnia,2,1,0.0
Bosnia,2,1,77.3920382785837
Bosnia,2,0,103.18938437144493
Bosnia,2,1,0.0
Bosnia,2,1,0.0
Bosnia,2,0,0.0
Bosnia,2,0,0.0
Bosnia,2,1,0.0
Bosnia,2,1,206.37876874288986
Bosnia,2,1,0.0
Bosnia,2,1,0.0
Bosnia,2,0,0.0
Bosnia,2,0,0.0
Bosnia,2,0,0.0
Bosnia,2,0,0.0
Bosnia,2,0,0.0
Bosnia,2,1,0.0
Bosnia,2,1,696.5283445072532
Bosnia,2,1,0.0
Bosnia,2,0,0.0
Bosnia,2,0,0.0
Bosnia,2,1,0.0
Bosnia,2,0,128.98673046430616
Bosnia,2,1,0.0
Bosnia,2,1,0.0
Bosnia,2,1,0.0
Bosnia,2,1,154.7840765571674
Bosnia,2,0,51.594692185722465
Bosnia,2,1,0.0
Bosnia,2,1,0.0
Bosnia,2,0,361.16284530005726
Bosnia,2,1,0.0
Bosnia,2,0,0.0
Bosnia,2,1,0.0
Bosnia,2,0,1031.8938437144493
Bosnia,2,0,0.0
Bosnia,2,1,51.594692185722465
Bosnia,2,0,0.0
Bosnia,2,1,0.0
Bosnia,2,0,0.0
Bosnia,2,1,0.0
Bosnia,2,0,0.0
Bosnia,2,1,515.9469218572247
Bosnia,2,0,0.0
Bosnia,2,1,0.0
Bosnia,2,0,0.0
Bosnia,2,0,0.0
Bosnia,2,1,0.0
Bosnia,2,1,0.0
Bosnia,2,0,0.0
Bosnia,2,0,0.0
Bosnia,2,1,0.0
Bosnia,2,1,696.5283445072532
Bosnia,2,0,154.7840765571674
Bosnia,2,1,0.0
Bosnia,2,1,257.9734609286123
Bosnia,2,0,0.0
Bosnia,2,0,0.0
Bosnia,2,1,77.3920382785837
Bosnia,2,1,0.0
Bosnia,2,1,0.0
Bosnia,2,1,0.0
Bosnia,2,0,0.0
Bosnia,2,0,0.0
Bosnia,2,1,0.0
Bosnia,2,0,0.0
Bosnia,2,1,0.0
Bosnia,2,1,0.0
Bosnia,2,0,0.0
Bosnia,2,1,0.0
Bosnia,2,1,0.0
Bosnia,2,0,0.0
Bosnia,2,0,0.0
Bosnia,2,1,0.0
Bosnia,2,0,773.920382785837
Bosnia,2,1,0.0
Bosnia,2,0,0.0
Bosnia,2,1,0.0
Bosnia,2,0,0.0
Bosnia,2,1,0.0
Bosnia,2,1,0.0
Bosnia,2,0,464.3522296715022
Bosnia,2,1,0.0
Bosnia,2,1,0.0
Bosnia,2,0,0.0
Bosnia,2,0,0.0
Bosnia,2,1,0.0
Bosnia,2,0,361.16284530005726
Bosnia,2,1,0.0
Bosnia,2,0,0.0
Bosnia,2,1,0.0
Bosnia,2,0,0.0
Bosnia,2,1,206.37876874288986
Bosnia,2,0,0.0
Bosnia,2,0,0.0
Bosnia,2,1,412.7575374857797
Bosnia,2,1,0.0
Bosnia,2,0,0.0
Bosnia,2,1,0.0
Bosnia,2,0,0.0
Bosnia,2,0,515.9469218572247
Bosnia,2,1,0.0
Bosnia,2,0,1547.840765571674
Bosnia,2,0,0.0
Bosnia,2,0,0.0
Bosnia,2,1,232.1761148357511
Bosnia,2,0,0.0
Bosnia,2,1,0.0
Bosnia,2,1,0.0
Bosnia,2,0,0.0
Bosnia,2,0,0.0
Bosnia,2,1,0.0
Bosnia,2,1,0.0
Bosnia,2,1,0.0
Bosnia,2,0,0.0
Bosnia,2,0,0.0
Bosnia,2,1,515.9469218572247
Bosnia,2,1,0.0
Bosnia,2,0,0.0
Bosnia,2,1,0.0
Bosnia,2,1,0.0
Bosnia,2,0,25.797346092861233
Bosnia,2,0,0.0
Bosnia,2,0,0.0
Bosnia,2,1,0.0
Bosnia,2,1,0.0
Bosnia,2,0,0.0
Bosnia,2,0,0.0
Bosnia,2,1,0.0
Bosnia,2,0,0.0
Bosnia,2,1,0.0
Bosnia,2,1,0.0
Bosnia,2,1,0.0
Bosnia,2,1,0.0
Bosnia,2,1,0.0
Bosnia,2,1,103.18938437144493
Bosnia,2,1,0.0
Bosnia,2,1,335.365499207196
Bosnia,2,0,77.3920382785837
Bosnia,2,1,0.0
Bosnia,2,1,0.0
Bosnia,2,1,180.58142265002863
Bosnia,2,0,0.0
Bosnia,2,0,0.0
Bosnia,2,0,0.0
Bosnia,2,1,3095.681531143348
Bosnia,2,0,0.0
Bosnia,2,1,0.0
Bosnia,2,1,0.0
Bosnia,2,1,0.0
Bosnia,2,0,0.0
Bosnia,2,1,206.37876874288986
Bosnia,2,1,36.11628453000572
Bosnia,2,1,0.0
Bosnia,2,0,257.9734609286123
Bosnia,2,1,0.0
Bosnia,2,0,2579.734609286123
Bosnia,2,1,0.0
Bosnia,2,0,0.0
Bosnia,2,1,0.0
Bosnia,2,0,154.7840765571674
Bosnia,2,0,0.0
Bosnia,2,1,0.0
Bosnia,2,1,0.0
Bosnia,2,0,0.0
Bosnia,2,0,0.0
Bosnia,2,1,0.0
Bosnia,2,0,515.9469218572247
Bosnia,2,0,619.1363062286696
Bosnia,2,1,309.5681531143348
Bosnia,2,1,515.9469218572247
Bosnia,2,1,154.7840765571674
Bosnia,2,0,0.0
Bosnia,2,0,0.0
Bosnia,2,1,0.0
Bosnia,2,1,722.3256906001145
Bosnia,2,0,0.0
Bosnia,2,0,0.0
Bosnia,2,1,0.0
Bosnia,2,1,0.0
Bosnia,2,1,0.0
Bosnia,2,0,0.0
Bosnia,2,1,0.0
Bosnia,2,0,0.0
Bosnia,2,1,412.7575374857797
Bosnia,2,0,3095.681531143348
Bosnia,2,0,0.0
Bosnia,2,0,0.0
Bosnia,2,1,0.0
Bosnia,2,0,0.0
Bosnia,2,1,0.0
Bosnia,2,0,0.0
Bosnia,2,1,206.37876874288986
Bosnia,2,1,515.9469218572247
Bosnia,2,1,0.0
Bosnia,2,0,257.9734609286123
Bosnia,2,0,0.0
Bosnia,2,1,0.0
Bosnia,2,1,0.0
Bosnia,2,0,0.0
Bosnia,2,1,0.0
Bosnia,2,0,103.18938437144493
Bosnia,2,1,0.0
Bosnia,2,1,0.0
Bosnia,2,1,0.0
Bosnia,2,0,257.9734609286123
Bosnia,2,1,0.0
Bosnia,2,1,0.0
Bosnia,2,0,0.0
Bosnia,2,0,0.0
Bosnia,2,1,361.16284530005726
Bosnia,2,1,773.920382785837
Bosnia,2,1,0.0
Bosnia,2,1,0.0
Bosnia,2,1,0.0
Bosnia,2,1,0.0
Bosnia,2,0,0.0
Bosnia,2,1,0.0
Bosnia,2,0,0.0
Bosnia,2,1,0.0
Bosnia,2,0,0.0
Bosnia,2,1,1547.840765571674
Bosnia,2,0,0.0
Bosnia,2,1,773.920382785837
Bosnia,2,1,0.0
Bosnia,2,1,0.0
Bosnia,2,0,515.9469218572247
Bosnia,2,0,0.0
Bosnia,2,0,51.594692185722465
Bosnia,2,0,0.0
Bosnia,2,1,0.0
Bosnia,2,0,0.0
Bosnia,2,0,515.9469218572247
Bosnia,2,0,0.0
Bosnia,2,0,0.0
Bosnia,2,1,206.37876874288986
Bosnia,2,0,0.0
Bosnia,2,1,1031.8938437144493
Bosnia,2,1,0.0
Bosnia,2,0,0.0
Bosnia,2,1,0.0
Bosnia,2,1,0.0
Bosnia,2,0,0.0
Bosnia,2,1,0.0
Bosnia,2,1,0.0
Bosnia,2,0,25.797346092861233
Bosnia,2,1,0.0
Bosnia,2,1,361.16284530005726
Bosnia,2,1,206.37876874288986
Bosnia,2,0,0.0
Bosnia,2,1,0.0
Bosnia,2,0,0.0
Bosnia,2,1,154.7840765571674
Bosnia,2,0,0.0
Bosnia,2,0,180.58142265002863
Bosnia,2,1,154.7840765571674
Bosnia,2,0,335.365499207196
Bosnia,2,1,0.0
Bosnia,2,0,0.0
Bosnia,2,1,0.0
Bosnia,2,0,0.0
Bosnia,2,1,67.0730998414392
Bosnia,2,0,0.0
Bosnia,2,0,0.0
Bosnia,2,1,154.7840765571674
Bosnia,2,0,0.0
Bosnia,2,0,0.0
Bosnia,2,1,0.0
Bosnia,2,1,154.7840765571674
Bosnia,2,1,0.0
Bosnia,2,1,0.0
Bosnia,2,1,335.365499207196
Bosnia,2,1,0.0
Bosnia,2,0,1547.840765571674
Bosnia,2,1,0.0
Bosnia,2,0,257.9734609286123
Bosnia,2,0,0.0
Bosnia,2,1,180.58142265002863
Bosnia,2,0,0.0
Bosnia,2,0,0.0
Bosnia,2,0,0.0
Bosnia,2,1,0.0
Bosnia,2,1,257.9734609286123
Bosnia,2,0,0.0
Bosnia,2,0,0.0
Bosnia,2,1,0.0
Bosnia,2,1,0.0
Bosnia,2,1,0.0
Bosnia,2,0,0.0
Bosnia,2,0,0.0
Bosnia,2,0,0.0
Bosnia,2,0,0.0
Bosnia,2,0,0.0
Bosnia,2,0,0.0
Bosnia,2,0,0.0
Bosnia,2,1,0.0
Bosnia,2,0,51.594692185722465
Bosnia,2,1,0.0
Bosnia,2,0,0.0
Bosnia,2,1,0.0
Bosnia,2,1,0.0
Bosnia,2,0,0.0
Bosnia,2,1,773.920382785837
Bosnia,2,0,0.0
Bosnia,2,0,0.0
Bosnia,2,1,0.0
Bosnia,2,0,180.58142265002863
Bosnia,2,1,0.0
Bosnia,2,0,0.0
Bosnia,2,1,0.0
Bosnia,2,0,0.0
Bosnia,2,1,361.16284530005726
Bosnia,2,0,0.0
Bosnia,2,1,412.7575374857797
Bosnia,2,1,103.18938437144493
Bosnia,2,1,0.0
Bosnia,2,1,0.0
Bosnia,2,0,0.0
Bosnia,2,1,722.3256906001145
Bosnia,2,1,0.0
Bosnia,2,0,0.0
Bosnia,2,0,0.0
Bosnia,2,0,0.0
Bosnia,2,0,619.1363062286696
Bosnia,2,1,309.5681531143348
Bosnia,2,0,928.7044593430044
Bosnia,2,1,0.0
Bosnia,2,0,0.0
Bosnia,2,0,0.0
Bosnia,2,1,0.0
Bosnia,2,0,0.0
Bosnia,2,0,0.0
Bosnia,2,1,0.0
Bosnia,2,0,0.0
Bosnia,2,1,0.0
Bosnia,2,0,0.0
Bosnia,2,1,309.5681531143348
Bosnia,2,1,77.3920382785837
Bosnia,2,0,0.0
Bosnia,2,0,0.0
Bosnia,2,1,361.16284530005726
Bosnia,2,0,0.0
Bosnia,2,0,0.0
Bosnia,2,1,0.0
Bosnia,2,1,773.920382785837
Bosnia,2,0,0.0
Bosnia,2,0,0.0
Bosnia,2,1,0.0
Bosnia,2,1,0.0
Bosnia,2,1,1031.8938437144493
Bosnia,2,1,0.0
Bosnia,2,1,0.0
Bosnia,2,1,0.0
Bosnia,2,0,0.0
Bosnia,2,0,0.0
Bosnia,2,1,77.3920382785837
Bosnia,2,1,0.0
Bosnia,2,0,257.9734609286123
Bosnia,2,1,0.0
Bosnia,2,1,773.920382785837
Bosnia,2,0,77.3920382785837
Bosnia,2,1,206.37876874288986
Bosnia,2,0,0.0
Bosnia,2,1,0.0
Bosnia,2,0,0.0
Bosnia,2,1,0.0
Bosnia,2,0,103.18938437144493
Bosnia,2,1,103.18938437144493
Bosnia,2,0,0.0
Bosnia,2,0,0.0
Bosnia,2,1,103.18938437144493
Bosnia,2,1,0.0
Bosnia,2,1,0.0
Bosnia,2,0,1186.6779202716166
Bosnia,2,1,0.0
Bosnia,2,1,773.920382785837
Bosnia,2,0,0.0
Bosnia,2,0,0.0
Bosnia,2,0,0.0
Bosnia,2,1,0.0
Bosnia,2,1,0.0
Bosnia,2,0,0.0
Bosnia,2,0,0.0
Bosnia,2,0,0.0
Bosnia,2,1,0.0
Bosnia,2,1,0.0
Bosnia,2,0,0.0
Bosnia,2,0,0.0
Bosnia,2,1,0.0
Bosnia,2,1,257.9734609286123
Bosnia,2,1,773.920382785837
Bosnia,2,0,0.0
Bosnia,2,1,0.0
Bosnia,2,1,0.0
Bosnia,2,1,0.0
Bosnia,2,0,0.0
Bosnia,2,1,232.1761148357511
Bosnia,2,0,0.0
Bosnia,2,0,206.37876874288986
Bosnia,2,0,0.0
Bosnia,2,0,0.0
Bosnia,2,0,0.0
Bosnia,2,1,0.0
Bosnia,2,0,0.0
Bosnia,2,1,257.9734609286123
Bosnia,2,1,154.7840765571674
Bosnia,2,0,0.0
Bosnia,2,0,154.7840765571674
Bosnia,2,1,0.0
Bosnia,2,1,0.0
Bosnia,2,1,0.0
Bosnia,2,1,0.0
Bosnia,2,0,0.0
Bosnia,2,1,0.0
Bosnia,2,0,0.0
Bosnia,2,1,0.0
Bosnia,2,0,0.0
Bosnia,2,1,0.0
Bosnia,2,1,0.0
Bosnia,2,1,0.0
Bosnia,2,0,0.0
Bosnia,2,1,0.0
Bosnia,2,1,0.0
Bosnia,2,1,0.0
Bosnia,2,1,0.0
Bosnia,2,1,0.0
Bosnia,2,0,0.0
Bosnia,2,0,0.0
Bosnia,2,1,0.0
Bosnia,2,0,206.37876874288986
Bosnia,2,0,0.0
Bosnia,2,1,0.0
Bosnia,2,0,154.7840765571674
Bosnia,2,1,232.1761148357511
Bosnia,2,0,0.0
Bosnia,2,1,154.7840765571674
Bosnia,2,0,0.0
Bosnia,2,1,77.3920382785837
Bosnia,2,1,412.7575374857797
Bosnia,2,1,0.0
Bosnia,2,0,103.18938437144493
Bosnia,2,0,154.7840765571674
Bosnia,2,1,0.0
Bosnia,2,0,0.0
Bosnia,2,1,0.0
Bosnia,2,0,1031.8938437144493
Bosnia,2,0,103.18938437144493
Bosnia,2,0,180.58142265002863
Bosnia,2,0,0.0
Bosnia,2,1,0.0
Bosnia,2,1,0.0
Bosnia,2,1,0.0
Bosnia,2,0,77.3920382785837
Bosnia,2,0,0.0
Bosnia,2,0,0.0
Bosnia,2,1,0.0
Bosnia,2,0,0.0
Bosnia,2,0,515.9469218572247
Bosnia,2,1,412.7575374857797
Bosnia,2,0,103.18938437144493
Bosnia,2,0,0.0
Bosnia,2,1,0.0
Bosnia,2,1,77.3920382785837
Bosnia,2,1,0.0
Bosnia,2,0,0.0
Bosnia,2,1,0.0
Bosnia,2,0,515.9469218572247
Bosnia,2,1,257.9734609286123
Bosnia,2,1,206.37876874288986
Bosnia,2,1,515.9469218572247
Bosnia,2,1,361.16284530005726
Bosnia,2,0,0.0
Bosnia,2,0,0.0
Bosnia,2,1,0.0
Bosnia,2,0,0.0
Bosnia,2,1,0.0
Bosnia,2,1,0.0
Bosnia,2,1,0.0
Bosnia,2,0,0.0
Bosnia,2,0,154.7840765571674
Bosnia,2,1,77.3920382785837
Bosnia,2,1,0.0
Bosnia,2,0,0.0
Bosnia,2,1,0.0
Bosnia,2,0,619.1363062286696
Bosnia,2,1,154.7840765571674
Bosnia,2,0,0.0
Bosnia,2,0,0.0
Bosnia,2,0,0.0
Bosnia,2,0,0.0
Bosnia,2,0,154.7840765571674
Bosnia,2,1,2063.7876874288986
Bosnia,2,0,0.0
Bosnia,2,0,0.0
Bosnia,2,0,0.0
Bosnia,2,1,0.0
Bosnia,2,1,1031.8938437144493
Bosnia,2,0,0.0
Bosnia,2,1,0.0
Bosnia,2,0,0.0
Bosnia,2,1,0.0
Bosnia,2,1,0.0
Bosnia,2,0,0.0
Bosnia,2,1,0.0
Bosnia,2,0,25.797346092861233
Bosnia,2,1,51.594692185722465
Bosnia,2,0,0.0
Bosnia,2,1,0.0
Bosnia,2,0,0.0
Bosnia,2,0,206.37876874288986
Bosnia,2,1,0.0
Bosnia,2,0,0.0
Bosnia,2,1,154.7840765571674
Bosnia,2,1,0.0
Bosnia,2,0,103.18938437144493
Bosnia,2,1,309.5681531143348
Bosnia,2,0,206.37876874288986
Bosnia,2,1,206.37876874288986
Bosnia,2,0,0.0
Bosnia,2,1,0.0
Bosnia,2,1,257.9734609286123
Bosnia,2,0,0.0
Bosnia,2,1,0.0
Bosnia,2,0,0.0
Bosnia,2,0,0.0
Bosnia,2,1,0.0
Bosnia,2,1,0.0
Bosnia,2,0,0.0
Bosnia,2,0,0.0
Bosnia,2,1,128.98673046430616
Bosnia,2,0,773.920382785837
Bosnia,2,1,773.920382785837
Bosnia,2,0,257.9734609286123
Bosnia,2,0,257.9734609286123
Bosnia,2,0,103.18938437144493
Bosnia,2,1,257.9734609286123
Bosnia,2,0,0.0
Bosnia,2,1,0.0
Bosnia,2,1,0.0
Bosnia,2,0,0.0
Bosnia,2,1,515.9469218572247
Bosnia,2,0,0.0
Bosnia,2,1,0.0
Bosnia,2,1,0.0
Bosnia,2,1,1547.840765571674
Bosnia,2,0,0.0
Bosnia,2,0,0.0
Bosnia,2,0,0.0
Bosnia,2,1,103.18938437144493
Bosnia,2,1,257.9734609286123
Bosnia,2,1,0.0
Bosnia,2,1,619.1363062286696
Bosnia,2,0,0.0
Bosnia,2,0,0.0
Bosnia,2,0,154.7840765571674
Bosnia,2,1,0.0
Bosnia,2,1,257.9734609286123
Bosnia,2,0,0.0
Bosnia,2,0,0.0
Bosnia,2,0,2063.7876874288986
Bosnia,2,0,0.0
Bosnia,2,1,0.0
Bosnia,2,0,103.18938437144493
Bosnia,2,1,0.0
Bosnia,2,1,0.0
Bosnia,2,1,0.0
Bosnia,2,0,928.7044593430044
Bosnia,2,1,0.0
Bosnia,2,0,773.920382785837
Bosnia,2,1,0.0
Bosnia,2,1,0.0
Bosnia,2,1,257.9734609286123
Bosnia,2,1,0.0
Bosnia,2,0,0.0
Bosnia,2,1,0.0
Bosnia,2,0,0.0
Bosnia,2,0,0.0
Bosnia,2,1,515.9469218572247
Bosnia,2,0,0.0
Bosnia,2,1,0.0
Bosnia,2,0,0.0
Bosnia,2,1,206.37876874288986
Bosnia,2,1,180.58142265002863
Bosnia,2,0,361.16284530005726
Bosnia,2,1,0.0
Bosnia,2,0,0.0
Bosnia,2,1,180.58142265002863
Bosnia,2,0,0.0
Bosnia,2,1,0.0
Bosnia,2,1,0.0
Bosnia,2,1,0.0
Bosnia,2,0,0.0
Bosnia,2,1,0.0
Bosnia,2,0,0.0
Bosnia,2,1,0.0
Bosnia,2,0,0.0
Bosnia,2,0,0.0
Bosnia,2,0,30.956815311433477
Bosnia,2,0,0.0
Bosnia,2,1,103.18938437144493
Bosnia,2,1,0.0
Bosnia,2,1,0.0
Bosnia,2,1,257.9734609286123
Bosnia,2,1,154.7840765571674
Bosnia,2,0,206.37876874288986
Bosnia,2,1,0.0
Bosnia,2,0,0.0
Bosnia,2,1,0.0
Bosnia,2,0,0.0
Bosnia,2,1,77.3920382785837
Bosnia,2,0,154.7840765571674
Bosnia,2,1,154.7840765571674
Bosnia,2,1,0.0
Bosnia,2,0,0.0
Bosnia,2,0,0.0
Bosnia,2,1,0.0
Bosnia,2,0,0.0
Bosnia,2,0,0.0
Bosnia,2,1,0.0
Bosnia,2,0,0.0
Bosnia,2,0,0.0
Bosnia,2,1,1547.840765571674
Bosnia,2,1,154.7840765571674
Bosnia,2,0,257.9734609286123
Bosnia,2,1,257.9734609286123
Bosnia,2,0,103.18938437144493
Bosnia,2,1,0.0
Bosnia,2,1,0.0
Bosnia,2,0,0.0
Bosnia,2,1,0.0
Bosnia,2,0,0.0
Bosnia,2,0,0.0
Bosnia,2,1,0.0
Bosnia,2,1,0.0
Bosnia,2,0,0.0
Bosnia,2,1,0.0
Bosnia,2,1,0.0
Bosnia,2,0,0.0
Bosnia,2,1,103.18938437144493
Bosnia,2,1,0.0
Bosnia,2,1,0.0
Bosnia,2,0,0.0
Bosnia,2,0,206.37876874288986
Bosnia,2,1,206.37876874288986
Bosnia,2,1,0.0
Bosnia,2,0,0.0
Bosnia,2,0,0.0
Bosnia,2,1,0.0
Bosnia,2,0,0.0
Bosnia,2,1,0.0
Bosnia,2,1,154.7840765571674
Bosnia,2,0,0.0
Bosnia,2,0,0.0
Bosnia,2,1,0.0
Bosnia,2,1,0.0
Bosnia,2,0,0.0
Bosnia,2,1,77.3920382785837
Bosnia,2,1,0.0
Bosnia,2,0,0.0
Bosnia,2,0,0.0
Bosnia,2,1,154.7840765571674
Bosnia,2,1,0.0
Bosnia,2,0,0.0
Bosnia,2,0,0.0
Bosnia,2,1,206.37876874288986
Bosnia,2,1,0.0
Bosnia,2,0,0.0
Bosnia,2,0,0.0
Bosnia,2,1,0.0
Bosnia,2,1,515.9469218572247
Bosnia,2,1,0.0
Bosnia,2,1,206.37876874288986
Bosnia,2,0,0.0
Bosnia,2,1,0.0
Bosnia,2,0,0.0
Bosnia,2,1,0.0
Bosnia,2,0,0.0
Bosnia,2,1,0.0
Bosnia,2,1,0.0
Bosnia,2,1,0.0
Bosnia,2,0,0.0
Bosnia,2,0,0.0
Bosnia,2,0,0.0
Bosnia,2,0,0.0
Bosnia,2,0,51.594692185722465
Bosnia,2,1,154.7840765571674
Bosnia,2,0,0.0
Bosnia,2,1,0.0
Bosnia,2,0,0.0
Bosnia,2,1,4127.575374857797
Bosnia,2,1,0.0
Bosnia,2,1,0.0
Bosnia,2,0,257.9734609286123
Bosnia,2,0,361.16284530005726
Bosnia,2,1,0.0
Bosnia,2,0,0.0
Bosnia,2,1,0.0
Bosnia,2,0,0.0
Bosnia,2,1,0.0
Bosnia,2,0,0.0
Bosnia,2,0,0.0
Bosnia,2,0,154.7840765571674
Bosnia,2,1,0.0
Bosnia,2,0,0.0
Bosnia,2,1,0.0
Bosnia,2,1,0.0
Bosnia,2,1,0.0
Bosnia,2,1,0.0
Bosnia,2,0,257.9734609286123
Bosnia,2,0,0.0
Bosnia,2,1,0.0
Bosnia,2,0,0.0
Bosnia,2,0,257.9734609286123
Bosnia,2,0,0.0
Bosnia,2,1,0.0
India,3,1,0.0
India,3,1,0.0
India,3,1,69.12135126750404
India,3,1,207.7974165063836
India,3,1,158.177386913097
India,3,1,-218.41480275123533
India,3,1,0.0
India,3,1,0.0
India,3,1,25.56839952841842
India,3,1,0.0
India,3,1,0.0
India,3,1,0.0
India,3,1,0.0
India,3,1,0.0
India,3,1,0.0
India,3,1,0.0
India,3,1,0.0
India,3,1,0.0
India,3,1,0.0
India,3,1,0.0
India,3,1,0.0
India,3,1,0.0
India,3,1,0.0
India,3,1,0.0
India,3,1,0.0
India,3,1,0.0
India,3,1,0.0
India,3,1,0.0
India,3,1,0.0
India,3,1,0.0
India,3,1,-577.8169243884727
India,3,1,0.0
India,3,1,-64.35436152491755
India,3,1,0.0
India,3,1,0.0
India,3,1,0.0
India,3,1,-4.622535728382322
India,3,1,0.0
India,3,1,-6.50044055807248
India,3,1,0.0
India,3,1,0.0
India,3,1,0.0
India,3,1,0.0
India,3,1,0.0
India,3,1,0.0
India,3,1,16.2511013951812
India,3,1,0.0
India,3,1,0.0
India,3,1,0.0
India,3,1,0.0
India,3,1,0.0
India,3,1,0.0
India,3,1,0.0
India,3,1,0.0
India,3,1,0.0
India,3,1,0.0
India,3,1,0.0
India,3,1,0.0
India,3,1,0.0
India,3,1,0.0
India,3,1,11.917474356466213
India,3,1,0.0
India,3,1,0.0
India,3,1,0.0
India,3,1,0.0
India,3,1,-46.803172018121856
India,3,1,0.0
India,3,1,445.0634968760291
India,3,1,0.0
India,3,1,0.0
India,3,1,0.0
India,3,1,0.0
India,3,1,0.0
India,3,1,0.0
India,3,1,0.0
India,3,1,0.0
India,3,1,0.0
India,3,1,0.0
India,3,1,0.0
India,3,1,0.0
India,3,1,0.0
India,3,0,0.0
India,3,0,0.0
India,3,0,0.0
India,3,0,0.0
India,3,0,0.0
India,3,0,0.0
India,3,0,0.0
India,3,0,0.0
India,3,0,-211.22098186696843
India,3,0,283.8525710358316
India,3,0,0.0
India,3,0,0.0
India,3,0,140.40951605436555
India,3,0,6.717121910008229
India,3,0,0.0
India,3,0,0.0
India,3,0,2.1668135193574933
India,3,0,0.0
India,3,0,0.0
India,3,0,0.0
India,3,0,0.0
India,3,0,0.0
India,3,0,0.0
India,3,0,52.87024987232284
India,3,0,1.8634596266474441
India,3,0,0.0
India,3,0,0.0
India,3,0,0.0
India,3,0,0.0
India,3,0,-774.6358331703038
India,3,0,0.0
India,3,0,-276.9187677738876
India,3,0,0.0
India,3,0,19.28464032228169
India,3,0,0.0
India,3,0,-86.67254077429973
India,3,0,0.0
India,3,0,-65.0044055807248
India,3,0,0.0
India,3,0,0.0
India,3,0,0.0
India,3,0,0.0
India,3,0,0.0
India,3,0,0.0
India,3,0,0.0
India,3,0,0.0
India,3,0,0.0
India,3,0,-29.468663863261906
India,3,0,56.33715150329482
India,3,0,0.0
India,3,0,112.67430300658964
India,3,0,5.200352446457984
India,3,0,-2.1668135193574933
India,3,0,0.0
India,3,0,0.0
India,3,0,0.0
India,3,0,0.0
India,3,0,216.68135193574932
India,3,0,0.0
India,3,0,0.0
India,3,0,21.668135193574933
India,3,0,3.7702555236820383
India,3,0,55.12373593245463
India,3,0,61.624176490527105
India,3,0,0.0
India,3,0,0.0
India,3,0,29.25198251132616
India,3,0,0.0
India,3,0,0.0
India,3,0,0.0
India,3,0,121.34155708401961
India,3,0,21.668135193574933
India,3,0,126.84526342318765
India,3,0,0.0
India,3,0,0.0
India,3,0,-1052.2046449999987
India,3,0,0.0
India,3,0,0.0
India,3,0,0.0
India,3,0,0.0
India,3,0,0.0
India,3,1,0.0
India,3,1,0.0
India,3,1,108.34067596787466
India,3,1,0.0
India,3,1,0.0
India,3,1,-2.903530115939041
India,3,1,0.0
India,3,1,0.0
India,3,1,-2.1668135193574933
India,3,1,0.0
India,3,1,0.0
India,3,1,0.0
India,3,1,0.0
India,3,1,-15.68772988014825
India,3,1,2062.8064704283333
India,3,1,-19.06795897034594
India,3,1,0.0
India,3,1,0.0
India,3,1,0.0
India,3,1,0.0
India,3,1,0.0
India,3,1,0.0
India,3,1,0.0
India,3,1,0.0
India,3,1,0.0
India,3,1,0.0
India,3,1,0.0
India,3,1,0.0
India,3,1,0.0
India,3,1,0.0
India,3,1,0.0
India,3,1,0.0
India,3,1,0.0
India,3,1,0.0
India,3,1,0.0
India,3,1,0.0
India,3,1,262.6177985461282
India,3,1,0.0
India,3,1,0.0
India,3,1,0.0
India,3,1,0.0
India,3,1,0.0
India,3,1,0.0
India,3,1,-47.66989742586485
India,3,1,0.0
India,3,1,0.0
India,3,1,0.0
India,3,1,659.7513803739695
India,3,1,0.0
India,3,1,0.0
India,3,1,0.0
India,3,1,0.0
India,3,1,0.0
India,3,1,0.0
India,3,1,0.0
India,3,1,0.0
India,3,1,0.0
India,3,1,0.0
India,3,1,0.0
India,3,0,0.0
India,3,1,0.0
India,3,1,343.65662417009844
India,3,1,0.0
India,3,1,0.0
India,3,1,30.335389271004903
India,3,1,0.0
India,3,1,0.0
India,3,1,0.0
India,3,1,0.0
India,3,1,0.0
India,3,1,0.0
India,3,1,22.101497897446432
India,3,1,0.0
India,3,1,0.0
India,3,1,0.0
India,3,1,0.0
India,3,1,0.0
India,3,1,0.0
India,3,1,0.0
India,3,1,0.0
India,3,1,0.0
India,3,1,0.0
India,3,1,0.0
India,3,1,0.0
India,3,1,0.0
India,3,1,0.0
India,3,1,0.0
India,3,1,0.0
India,3,1,0.0
India,3,1,0.0
India,3,1,0.0
India,3,1,0.0
India,3,1,-356.00746123043615
India,3,1,0.0
India,3,1,0.0
India,3,1,0.0
India,3,1,0.0
India,3,1,0.0
India,3,1,0.0
India,3,1,0.0
India,3,1,0.0
India,3,1,0.0
India,3,1,0.0
India,3,1,0.0
India,3,1,7.280493425041177
India,3,1,0.0
India,3,1,0.0
India,3,1,0.0
India,3,1,0.0
India,3,1,0.0
India,3,1,0.0
India,3,1,0.0
India,3,1,0.0
India,3,1,0.0
India,3,1,0.0
India,3,1,0.0
India,3,1,0.0
India,3,1,0.0
India,3,1,0.0
India,3,1,0.0
India,3,1,0.0
India,3,1,0.0
India,3,1,0.0
India,3,1,0.0
India,3,1,0.0
India,3,1,0.0
India,3,1,0.0
India,3,1,0.0
India,3,1,0.0
India,3,1,0.0
India,3,1,0.0
India,3,1,0.0
India,3,1,0.0
India,3,1,329.1389735904032
India,3,1,0.0
India,3,1,0.0
India,3,1,0.0
India,3,1,0.0
India,3,1,15.037685824341002
India,3,1,0.0
India,3,1,1.603442004324545
India,3,1,0.0
India,3,1,208.01409785831936
India,3,1,180.14887599938197
India,3,1,0.0
India,3,1,0.0
India,3,1,0.0
India,3,1,-1443.0978038920905
India,3,1,0.0
India,3,1,0.0
India,3,1,0.0
India,3,1,2.1668135193574933
India,3,1,0.0
India,3,1,0.0
India,3,1,0.0
India,3,1,-46.369809314250354
India,3,1,0.0
India,3,1,0.0
India,3,1,0.0
India,3,1,0.0
India,3,1,0.0
India,3,1,0.0
India,3,1,0.0
India,3,1,0.0
India,3,1,0.0
India,3,1,0.0
India,3,1,0.0
India,3,1,0.0
India,3,1,0.0
India,3,1,0.0
India,3,1,238.76118169800216
India,3,1,0.0
India,3,1,0.0
India,3,1,389.72307959163874
India,3,1,5.720387691103782
India,3,1,0.0
India,3,1,0.0
India,3,1,0.0
India,3,1,0.0
India,3,1,0.0
India,3,1,0.0
India,3,1,0.0
India,3,1,0.0
India,3,1,0.0
India,3,1,0.0
India,3,1,0.0
India,3,1,0.0
India,3,1,0.0
India,3,1,0.0
India,3,1,0.0
India,3,1,247.45010391062573
India,3,1,0.0
India,3,1,0.0
India,3,1,1.9501321674217438
India,3,1,0.0
India,3,1,0.0
India,3,1,0.0
India,3,1,3.0335389271004907
India,3,1,0.0
India,3,1,0.0
India,3,1,21.234772489703435
India,3,1,0.0
India,3,1,0.0
India,3,1,0.0
India,3,1,-4.420299579489286
India,3,1,-52.00352446457984
India,3,1,0.0
India,3,1,-53.99699290238873
India,3,1,6.890466991556829
India,3,1,0.0
India,3,1,0.0
India,3,1,30.335389271004903
India,3,1,0.0
India,3,1,0.0
India,3,1,0.0
India,3,1,0.0
India,3,1,0.0
India,3,1,0.0
India,3,0,0.0
India,3,0,0.0
India,3,0,0.0
India,3,0,0.0
India,3,0,0.0
India,3,0,-8.667254077429973
India,3,0,0.0
India,3,0,0.0
India,3,0,0.0
India,3,0,0.0
India,3,0,0.0
India,3,0,0.0
India,3,0,0.0
India,3,0,0.0
India,3,0,0.0
India,3,0,0.0
India,3,0,0.0
India,3,0,85.37245266268523
India,3,0,0.0
India,3,0,0.0
India,3,0,0.0
India,3,0,0.0
India,3,0,0.0
India,3,0,0.0
India,3,0,0.0
India,3,0,0.0
India,3,0,0.0
India,3,0,-1698.9984805282104
India,3,0,0.0
India,3,0,0.0
India,3,0,0.0
India,3,0,0.0
India,3,0,0.0
India,3,0,0.0
India,3,0,0.0
India,3,0,0.0
India,3,0,0.0
India,3,0,-21.278108760090582
India,3,0,0.0
India,3,0,0.0
India,3,0,104.72932362899355
India,3,0,0.0
India,3,0,0.0
India,3,0,23.834948712932427
India,3,0,0.0
India,3,0,0.0
India,3,0,0.0
India,3,0,136.07588901565057
India,3,0,0.0
India,3,0,4.333627038714987
India,3,0,0.0
India,3,0,0.0
India,3,0,0.0
India,3,0,119.60810626853362
India,3,0,0.0
India,3,0,249.1835547261117
India,3,0,0.0
India,3,0,0.0
India,3,1,0.0
India,3,0,0.0
India,3,0,0.0
India,3,0,0.0
India,3,0,0.0
India,3,0,0.0
India,3,0,0.0
India,3,0,0.0
India,3,0,0.0
India,3,0,-22.101497897446432
India,3,0,110.94085219110366
India,3,0,0.0
India,3,0,0.0
India,3,0,42.16619108669682
India,3,0,0.0
India,3,0,0.0
India,3,0,0.0
India,3,0,0.0
India,3,0,0.0
India,3,0,0.0
India,3,0,0.0
India,3,0,0.0
India,3,0,0.0
India,3,0,0.0
India,3,0,0.0
India,3,0,0.0
India,3,0,0.0
India,3,0,0.0
India,3,0,-268.68487640032913
India,3,0,0.0
India,3,0,0.0
India,3,0,-866.7254077429973
India,3,0,0.0
India,3,0,0.0
India,3,0,0.0
India,3,0,0.0
India,3,0,0.0
India,3,0,0.0
India,3,0,0.0
India,3,0,0.0
India,3,0,-11.628565005539869
India,3,0,0.0
India,3,0,0.0
India,3,0,143.94861658893177
India,3,0,-22.101497897446432
India,3,0,0.0
India,3,1,0.0
India,3,0,0.0
India,3,0,0.0
India,3,0,0.0
India,3,0,0.0
India,3,0,0.0
India,3,0,0.0
India,3,0,0.0
India,3,0,0.0
India,3,0,0.0
India,3,0,0.0
India,3,0,0.0
India,3,0,0.0
India,3,0,0.0
India,3,0,0.0
India,3,0,0.0
India,3,0,38.13591794069188
India,3,0,0.0
India,3,0,0.0
India,3,0,0.0
India,3,0,0.0
India,3,0,-22.101497897446432
India,3,0,-8.667254077429973
India,3,0,0.0
India,3,0,0.0
India,3,0,0.0
India,3,0,0.0
India,3,0,0.0
India,3,0,0.0
India,3,0,0.0
India,3,0,0.0
India,3,0,-56.03379761058478
India,3,0,0.0
India,3,0,0.0
India,3,0,0.0
India,3,0,0.0
India,3,0,0.0
India,3,0,0.0
India,3,0,0.0
India,3,0,0.0
India,3,0,0.0
India,3,0,563.3715150329482
India,3,0,216.68135193574932
India,3,0,0.0
India,3,0,0.0
India,3,0,0.0
India,3,0,0.9967342189044469
India,3,0,0.0
India,3,0,0.0
India,3,0,0.0
India,3,0,0.0
India,3,0,-56.293815232907676
India,3,0,0.0
India,3,0,-8.667254077429973
India,3,0,0.0
India,3,0,0.0
India,3,0,0.0
India,3,0,0.0
India,3,0,76.96521620757815
India,3,0,0.0
India,3,0,0.0
India,3,0,0.0
India,3,0,0.0
India,3,0,0.0
India,3,0,0.0
India,3,0,0.0
India,3,0,0.0
India,3,0,0.0
India,3,0,8.667254077429973
India,3,0,0.0
India,3,0,13.867606523887957
India,3,0,18.071224751441495
India,3,0,0.0
India,3,0,0.0
India,3,0,15.167694635502452
India,3,1,0.0
India,3,1,0.0
India,3,1,0.0
India,3,1,286.0193845551891
India,3,1,0.0
India,3,1,0.0
India,3,1,0.0
India,3,1,0.0
India,3,1,-5.070343635296534
India,3,1,-0.08667254077429973
India,3,1,0.0
India,3,1,-21.668135193574933
India,3,1,0.0
India,3,1,0.0
India,3,1,0.0
India,3,1,0.0
India,3,1,16.901145450988448
India,3,1,86.67254077429973
India,3,1,0.0
India,3,1,0.0
India,3,1,0.0
India,3,1,0.0
India,3,1,6.067077854200981
India,3,1,0.0
India,3,1,0.0
India,3,1,6.067077854200981
India,3,1,0.0
India,3,1,-284.84930525473607
India,3,1,0.0
India,3,1,0.0
India,3,1,0.0
India,3,1,0.0
India,3,1,0.0
India,3,1,0.0
India,3,1,0.0
India,3,1,0.0
India,3,1,0.0
India,3,1,92.39292846540351
India,3,1,0.0
India,3,1,0.0
India,3,1,195.0132167421744
India,3,1,-20.368047081960437
India,3,1,0.0
India,3,1,0.0
India,3,1,0.0
India,3,1,-13.434243820016459
India,3,1,125.6751841227346
India,3,1,0.0
India,3,1,0.0
India,3,1,0.0
India,3,1,0.0
India,3,1,0.0
India,3,1,0.0
India,3,1,0.0
India,3,1,-132.1756246808071
India,3,1,136.68259680107067
India,3,1,-7.3671659658154764
India,3,1,0.0
India,3,1,-304.39396319934065
India,3,1,0.0
India,3,1,0.0
India,3,1,0.0
India,3,1,0.0
India,3,1,0.0
India,3,1,6.50044055807248
India,3,1,34.66901630971989
India,3,1,106.17386244851717
India,3,1,0.0
India,3,1,0.0
India,3,1,-342.3565360584839
India,3,1,0.0
India,3,1,0.0
India,3,1,0.0
India,3,1,0.0
India,3,1,0.0
India,3,1,0.0
India,3,1,34.062308524299794
India,3,1,0.0
India,3,1,0.0
India,3,1,0.0
India,3,1,0.0
India,3,1,0.0
India,3,1,0.0
India,3,1,0.0
India,3,1,0.0
India,3,1,0.0
India,3,1,0.0
India,3,1,0.0
India,3,1,7.887201210461275
India,3,1,0.0
India,3,1,0.0
India,3,1,0.0
India,3,1,0.0
India,3,1,116.14120463756163
India,3,1,0.0
India,3,1,78.00528669686976
India,3,1,0.0
India,3,1,0.0
India,3,1,0.0
India,3,1,-39.26266097075778
India,3,1,0.0
India,3,1,0.0
India,3,1,0.0
India,3,1,0.0
India,3,1,0.0
India,3,1,0.0
India,3,1,0.0
India,3,1,3.16354773826194
India,3,1,0.0
India,3,1,0.0
India,3,1,0.0
India,3,1,0.0
India,3,1,0.0
India,3,1,0.0
India,3,1,148.21004472405252
India,3,1,0.0
India,3,1,0.0
India,3,1,0.0
India,3,1,50.92011770490109
India,3,1,0.0
India,3,1,0.0
India,3,1,0.0
India,3,1,0.0
India,3,1,0.0
India,3,1,0.0
India,3,1,0.0
India,3,1,0.0
India,3,1,0.0
India,3,0,0.0
India,3,0,0.0
India,3,0,0.0
India,3,0,0.0
India,3,0,0.0
India,3,0,-2110.0430051503267
India,3,0,0.0
India,3,0,11.917474356466213
India,3,0,606.707785420098
India,3,0,0.0
India,3,0,0.0
India,3,0,0.0
India,3,0,0.0
India,3,0,0.0
India,3,0,136.07588901565057
India,3,0,0.0
India,3,0,0.0
India,3,0,0.0
India,3,0,23.618267360996676
India,3,0,0.0
India,3,0,-7.583847317751226
India,3,0,0.0
India,3,0,0.0
India,3,0,0.0
India,3,1,158.39406826503276
India,3,1,0.0
India,3,1,0.0
India,3,1,0.0
India,3,1,0.0
India,3,1,0.0
India,3,1,0.0
India,3,1,0.0
India,3,1,0.0
India,3,1,0.0
India,3,0,21.668135193574933
India,3,1,0.0
India,3,1,0.0
India,3,1,0.0
India,3,1,112.67430300658964
India,3,1,0.0
India,3,1,0.0
India,3,1,0.0
India,3,1,0.0
India,3,1,0.0
India,3,1,0.0
India,3,1,-242.68311416803922
India,3,1,0.0
India,3,1,0.0
India,3,1,0.0
India,3,1,0.0
India,3,1,0.0
India,3,1,0.0
India,3,1,0.0
India,3,1,0.0
India,3,1,0.0
India,3,1,0.0
India,3,1,0.0
India,3,1,0.0
India,3,0,0.0
India,3,0,0.0
India,3,0,0.0
India,3,0,0.0
India,3,0,0.0
India,3,0,0.0
India,3,0,2.1668135193574933
India,3,0,0.0
India,3,0,0.0
India,3,0,-130.0088111614496
India,3,0,0.0
India,3,0,31.6354773826194
India,3,0,0.0
India,3,0,0.0
India,3,0,73.67165965815477
India,3,0,0.0
India,3,0,205.84728433896186
India,3,0,0.0
India,3,0,0.0
India,3,0,-1.5167694635502453
India,3,0,0.0
India,3,1,0.0
India,3,1,0.0
India,3,1,0.0
India,3,1,6.50044055807248
India,3,1,50.530091271416744
India,3,1,0.0
India,3,1,0.0
India,3,1,0.0
India,3,1,0.0
India,3,1,0.0
India,3,1,0.0
India,3,1,0.0
India,3,1,0.0
India,3,1,0.0
India,3,1,0.0
India,3,1,30.508734352553503
India,3,1,0.0
India,3,1,0.0
India,3,1,0.0
India,3,1,0.0
India,3,1,0.0
India,3,1,0.0
India,3,1,0.0
India,3,1,0.0
India,3,1,0.0
India,3,1,0.0
India,3,1,0.0
India,3,1,0.0
India,3,1,0.0
India,3,1,0.0
India,3,1,7.432170371396202
India,3,1,0.0
India,3,1,0.0
India,3,1,0.0
India,3,1,0.0
India,3,1,0.0
India,3,1,309.85433326812154
India,3,1,23.748276172158125
India,3,1,0.0
India,3,1,0.0
India,3,1,0.0
India,3,1,0.0
India,3,0,0.0
India,3,1,0.0
India,3,1,0.0
India,3,1,196.3999773945632
India,3,1,0.0
India,3,1,0.0
India,3,1,0.0
India,3,1,0.0
India,3,1,0.0
India,3,1,0.0
India,3,1,0.0
India,3,1,0.0
India,3,1,0.0
India,3,1,62.4042293574958
India,3,1,0.0
India,3,1,0.0
India,3,1,0.0
India,3,1,0.0
India,3,1,0.0
India,3,1,0.0
India,3,1,0.0
India,3,0,8.450572725494224
India,3,1,33.152246846169646
India,3,1,3.4018972253912643
India,3,1,75.62179182557651
India,3,1,0.0
India,3,1,0.0
India,3,1,0.0
India,3,1,0.0
India,3,1,0.0
India,3,1,0.0
India,3,1,86.88922212623548
India,3,1,0.0
India,3,1,0.0
India,3,0,0.0
India,3,0,0.0
India,3,0,0.0
India,3,0,-1208.6485810976096
India,3,0,0.0
India,3,0,0.0
India,3,0,0.0
India,3,0,0.0
India,3,0,0.0
India,3,0,0.0
India,3,0,0.0
India,3,0,0.0
India,3,0,0.0
India,3,0,0.0
India,3,0,0.0
India,3,0,0.0
India,3,0,0.0
India,3,0,160.3442004324545
India,3,1,0.0
India,3,1,0.0
India,3,1,0.0
India,3,1,0.0
India,3,1,0.0
India,3,1,0.0
India,3,1,0.0
India,3,1,0.0
India,3,1,0.0
India,3,1,0.0
India,3,1,-16.03442004324545
India,3,1,-188.5127761841019
India,3,1,-27.085168991968665
India,3,1,0.0
India,3,1,0.0
India,3,1,0.0
India,3,1,0.0
India,3,1,0.0
India,3,1,0.0
India,3,1,0.0
India,3,1,0.0
India,3,1,0.0
India,3,1,0.0
India,3,1,0.0
India,3,1,0.0
India,3,1,0.0
India,3,1,0.0
India,3,1,0.0
India,3,1,0.0
India,3,1,0.0
India,3,1,0.0
India,3,1,0.0
India,3,1,0.0
India,3,1,0.0
India,3,1,0.0
India,3,1,0.0
India,3,1,0.0
India,3,1,0.0
India,3,1,0.0
India,3,1,0.0
India,3,1,-247.01674120675423
India,3,1,0.0
India,3,1,0.0
India,3,1,-159.4774750247115
India,3,1,-18.80794134802304
India,3,1,0.0
India,3,1,0.0
India,3,1,0.0
India,3,1,0.0
India,3,1,0.0
India,3,0,0.0
India,3,0,844.1905471416793
India,3,0,0.0
India,3,0,-4.983671094522235
India,3,0,-1.9501321674217438
India,3,0,0.0
India,3,0,384.8260810378908
India,3,0,38.56928064456338
India,3,0,25.48172698764412
India,3,0,0.0
India,3,0,0.0
India,3,0,0.0
India,3,0,0.0
India,3,0,0.0
India,3,0,0.0
India,3,0,0.0
India,3,0,0.0
India,3,0,0.0
India,3,0,0.0
India,3,0,0.0
India,3,0,0.0
India,3,0,0.0
India,3,0,0.0
India,3,0,0.0
India,3,0,0.0
India,3,0,0.0
India,3,0,0.0
India,3,0,0.0
India,3,0,0.0
India,3,0,0.0
India,3,0,0.0
India,3,0,-34.66901630971989
India,3,0,0.0
India,3,0,0.0
India,3,0,251.3503682454692
India,3,0,0.0
India,3,0,0.0
India,3,0,0.0
India,3,0,0.0
India,3,0,0.0
India,3,0,0.0
India,3,0,0.0
India,3,0,0.0
India,3,0,0.0
India,3,0,0.0
India,3,0,0.0
India,3,0,0.0
India,3,0,0.0
India,3,0,0.0
India,3,0,0.0
India,3,0,0.0
India,3,0,96.293192800247
India,3,0,-21.234772489703435
India,3,0,0.0
India,3,0,91.00616781301471
India,3,0,0.0
India,3,0,0.0
India,3,0,0.0
India,3,0,2543.839071725697
India,3,0,0.0
India,3,0,-19.50132167421744
India,3,0,0.0
India,3,0,0.0
India,3,0,126.49857326009045
India,3,0,0.0
India,3,0,498.06375555951337
India,3,0,0.0
India,3,0,10.617386244851717
India,3,0,-71.72152749073302
India,3,0,-65.22108693266054
India,3,0,22.101497897446432
India,3,0,0.0
India,3,0,-1.9934684378088938
India,3,0,-1.906795897034594
India,3,0,-2006.4693189250388
India,3,0,109.1640651052305
India,3,0,171.17826802924196
India,3,0,370.52511181013136
India,3,0,0.0
India,3,0,0.0
India,3,0,667.3785639621079
India,3,0,0.0
India,3,0,0.0
India,3,0,0.0
India,3,0,0.0
India,3,0,0.0
India,3,0,0.0
India,3,0,0.0
India,3,0,0.0
India,3,0,0.0
India,3,0,0.0
India,3,0,0.0
India,3,0,0.0
India,3,0,0.0
India,3,0,0.0
India,3,0,0.0
India,3,0,0.0
India,3,0,0.0
India,3,0,0.0
India,3,0,0.0
India,3,0,0.0
India,3,0,0.0
India,3,0,0.0
India,3,0,0.0
India,3,0,0.0
India,3,0,0.0
India,3,0,0.0
India,3,0,-89.92276105333596
India,3,0,0.0
India,3,0,-0.6933803261943978
India,3,0,0.0
India,3,0,0.0
India,3,0,0.0
India,3,0,0.0
India,3,0,0.0
India,3,0,0.0
India,3,0,0.0
India,3,0,-19.50132167421744
India,3,0,0.0
India,3,0,0.0
India,3,0,0.0
India,3,0,0.0
India,3,0,0.0
India,3,0,0.0
India,3,0,0.0
India,3,0,216.68135193574932
India,3,0,433.36270387149864
India,3,0,173.34508154859947
India,3,0,6.50044055807248
India,3,0,134.34243820016457
India,3,0,-216.7680244765236
India,3,0,0.0
India,3,0,39.00264334843488
India,3,0,0.0
India,3,0,0.0
India,3,0,0.0
India,3,0,0.0
India,3,0,0.0
India,3,0,13.564252631177908
India,3,0,0.0
India,3,1,0.0
India,3,1,0.0
India,3,1,693.3803261943979
India,3,1,283.20252698002434
India,3,1,0.0
India,3,1,0.0
India,3,1,0.0
India,3,1,0.0
India,3,1,0.0
India,3,1,0.0
India,3,1,-103.31366860296528
India,3,1,0.0
India,3,1,0.0
India,3,1,0.0
India,3,1,0.0
India,3,1,0.0
India,3,1,0.0
India,3,1,0.0
India,3,1,0.0
India,3,1,0.0
India,3,1,0.0
India,3,1,151.6769463550245
India,3,1,0.0
India,3,0,0.0
India,3,0,0.0
India,3,0,346.69016309719893
India,3,0,0.0
India,3,0,-0.650044055807248
India,3,0,-20.801409785831936
India,3,0,0.0
India,3,0,-693.3803261943979
India,3,0,-91.00616781301471
India,3,0,52.61023224999993
India,3,0,146.25991255663078
India,3,0,0.0
India,3,0,-13.00088111614496
India,3,0,0.0
India,3,0,0.0
India,3,0,0.0
India,3,0,0.0
India,3,0,0.0
India,3,0,0.0
India,3,0,0.0
India,3,0,0.0
India,3,0,0.0
India,3,0,0.0
India,3,0,0.0
India,3,0,0.0
India,3,0,0.0
India,3,0,0.0
India,3,0,0.0
India,3,0,0.0
India,3,0,0.0
India,3,0,0.0
India,3,0,0.0
India,3,0,0.0
India,3,0,0.0
India,3,0,0.0
India,3,0,0.0
India,3,0,0.0
India,3,0,0.0
India,3,0,0.0
India,3,0,0.0
India,3,0,0.0
India,3,0,0.0
India,3,0,0.0
India,3,0,0.0
India,3,0,0.0
India,3,0,0.0
India,3,0,0.0
India,3,1,0.0
India,3,1,0.0
India,3,1,0.0
India,3,1,0.0
India,3,1,0.0
India,3,1,0.0
India,3,1,0.0
India,3,1,0.0
India,3,1,0.0
India,3,1,0.0
India,3,1,0.0
India,3,1,0.0
India,3,1,0.0
India,3,1,0.0
India,3,1,0.0
India,3,1,0.0
India,3,1,0.0
India,3,1,-2.600176223228992
India,3,1,86.67254077429973
India,3,1,57.59390334452217
India,3,1,0.0
India,3,1,29.035301159390407
India,3,1,0.0
India,3,1,39.089315889209175
India,3,1,0.0
India,3,1,0.0
India,3,1,0.0
India,3,1,0.0
India,3,1,0.0
India,3,1,0.0
India,3,1,0.0
India,3,1,0.0
India,3,1,0.0
India,3,1,0.0
India,3,1,0.0
India,3,1,0.0
India,3,1,0.0
India,3,1,0.0
India,3,1,0.0
India,3,1,0.0
India,3,1,0.0
India,3,1,0.0
India,3,1,0.0
India,3,1,0.0
India,3,1,0.0
India,3,1,0.0
India,3,1,0.0
India,3,1,60.670778542009806
India,3,1,0.0
India,3,1,0.0
India,3,0,0.0
India,3,1,0.0
India,3,1,0.0
India,3,1,0.0
India,3,1,0.0
India,3,1,0.0
India,3,1,0.0
India,3,1,0.0
India,3,1,0.0
India,3,1,0.0
India,3,1,0.0
India,3,1,0.0
India,3,1,0.0
India,3,1,0.0
India,3,1,0.0
India,3,1,0.0
India,3,1,0.0
India,3,1,0.0
India,3,1,0.0
India,3,1,0.0
India,3,1,0.0
India,3,1,0.0
India,3,1,0.0
India,3,1,0.0
India,3,1,0.0
India,3,1,0.0
India,3,1,0.0
India,3,1,0.0
India,3,1,0.0
India,3,1,0.0
India,3,1,0.0
India,3,1,0.0
India,3,1,0.0
India,3,1,0.0
India,3,1,0.0
India,3,1,0.0
India,3,1,0.0
India,3,1,0.0
India,3,1,0.0
India,3,1,0.0
India,3,1,0.0
India,3,1,0.0
India,3,1,0.0
India,3,1,0.0
India,3,1,0.0
India,3,1,0.0
India,3,1,0.0
India,3,1,0.0
India,3,1,0.0
India,3,1,0.0
India,3,1,0.0
India,3,1,0.0
India,3,1,0.0
India,3,1,0.0
India,3,1,0.0
India,3,1,0.0
India,3,1,0.0
India,3,1,0.0
India,3,1,0.0
India,3,1,0.0
India,3,1,0.0
India,3,1,0.0
India,3,1,0.0
India,3,1,0.0
India,3,1,0.0
India,3,1,0.0
India,3,1,0.0
India,3,1,0.0
India,3,1,0.0
India,3,1,0.0
India,3,1,0.0
India,3,1,167.06132234246272
India,3,1,0.0
India,3,1,0.0
India,3,1,0.0
India,3,1,-276.9187677738876
India,3,1,40.64942162314657
India,3,1,0.0
India,3,1,47.23653472199335
India,3,1,0.0
India,3,1,71.98154511305593
India,3,1,156.01057339373952
India,3,1,0.0
India,3,1,0.0
India,3,1,0.0
India,3,1,-4.463635849876436
India,3,1,0.0
India,3,1,43.33627038714987
India,3,1,0.0
India,3,1,251.3503682454692
India,3,1,-1849.1586574196847
India,3,1,0.0
India,3,1,29.29531878171331
India,3,0,0.0
India,3,1,195.0132167421744
India,3,1,0.0
India,3,1,38.91597080766058
India,3,1,53.17360376503288
India,3,1,0.0
India,3,1,0.0
India,3,1,0.0
India,3,1,128.3620328867379
India,3,1,327.31885023414293
India,3,1,-1.906795897034594
India,3,1,-22.31817924938218
India,3,1,0.0
India,3,1,0.0
India,3,1,0.0
India,3,1,0.0
India,3,1,184.17914914538693
India,3,1,-57.46389453336072
India,3,1,73.67165965815477
India,3,1,64.1376801729818
India,3,1,0.0
India,3,1,0.0
India,3,1,1308.2786667176672
India,3,1,0.0
India,3,1,0.0
India,3,1,0.0
India,3,1,0.8667254077429973
India,3,1,0.0
India,3,1,86.21750993523466
India,3,1,-127.8419976420921
India,3,1,0.4766989742586485
India,3,1,0.0
India,3,1,-65.9578035292421
India,3,1,0.0
India,3,1,0.0
India,3,1,9.53397948517297
India,3,1,0.0
India,3,1,17.291171884472796
India,3,1,0.43336270387149867
India,3,1,-100.54014729818769
India,3,1,106.17386244851717
India,3,1,0.0
India,3,1,0.0
India,3,1,3.4669016309719893
India,3,1,0.0
India,3,1,0.0
India,3,1,0.0
India,3,1,0.0
India,3,1,0.0
India,3,1,0.0
India,3,1,0.0
India,3,1,0.0
India,3,1,0.0
India,3,1,8.667254077429973
India,3,1,0.0
India,3,1,0.0
India,3,1,0.0
India,3,1,0.0
India,3,1,0.0
India,3,1,0.0
India,3,1,0.0
India,3,1,0.0
India,3,1,0.0
India,3,1,0.0
India,3,1,0.0
India,3,1,0.0
India,3,1,0.0
India,3,1,0.0
India,3,1,0.0
India,3,1,0.0
India,3,1,0.0
India,3,1,0.0
India,3,1,0.0
India,3,1,0.0
India,3,1,0.0
India,3,1,0.0
India,3,1,0.0
India,3,1,0.0
India,3,1,0.0
India,3,1,0.0
India,3,1,0.0
India,3,1,0.0
India,3,1,0.0
India,3,1,0.0
India,3,1,0.0
India,3,1,0.0
India,3,1,0.0
India,3,1,0.0
India,3,1,26.00176223228992
India,3,1,-140.19283470242982
India,3,1,0.0
India,3,1,0.0
India,3,1,0.0
India,3,1,0.0
India,3,1,0.0
India,3,1,-26.00176223228992
India,3,1,0.0
India,3,1,173.34508154859947
India,3,1,0.0
India,3,1,0.0
India,3,1,0.0
India,3,1,0.0
India,3,1,0.0
India,3,1,0.0
India,3,1,0.0
India,3,1,0.0
India,3,1,0.0
India,3,1,0.0
India,3,1,0.0
India,3,1,0.0
India,3,1,1.6467782747116948
India,3,1,0.0
India,3,1,0.0
India,3,1,0.0
India,3,1,0.0
India,3,1,6.50044055807248
India,3,1,0.0
India,3,1,0.0
India,3,1,0.0
India,3,1,0.0
India,3,1,0.0
India,3,1,-6.50044055807248
India,3,1,23.834948712932427
India,3,1,-177.67870858731445
India,3,1,-229.6822330518943
India,3,1,0.0
India,3,1,104.00704892915968
India,3,1,0.0
India,3,1,0.0
India,3,1,0.0
India,3,1,0.0
India,3,1,476.6989742586485
India,3,1,0.0
India,3,1,0.0
India,3,1,0.0
India,3,1,0.0
India,3,1,0.0
India,3,1,0.0
India,3,1,0.0
India,3,1,0.0
India,3,1,0.0
India,3,1,0.0
India,3,1,0.0
India,3,1,0.0
India,3,1,0.0
India,3,1,0.0
India,3,1,0.0
India,3,1,0.0
India,3,1,0.0
India,3,1,0.0
India,3,1,0.0
India,3,1,0.0
India,3,1,0.0
India,3,1,0.0
India,3,1,0.0
India,3,1,0.0
India,3,1,0.0
India,3,1,0.0
India,3,1,0.0
India,3,1,0.0
India,3,1,0.0
India,3,1,0.0
India,3,1,0.0
India,3,1,0.0
India,3,1,0.0
India,3,1,0.0
India,3,1,0.0
India,3,1,0.0
India,3,1,0.0
India,3,1,0.0
India,3,1,0.0
India,3,1,0.0
India,3,1,0.0
India,3,1,0.0
India,3,1,0.0
India,3,1,-13.00088111614496
India,3,1,0.0
India,3,1,217.24472345078226
India,3,1,43.76963309102136
India,3,1,3.4669016309719893
India,3,1,102.05691676173792
India,3,1,138.41604761655665
India,3,1,86.67254077429973
India,3,1,0.0
India,3,1,0.0
India,3,1,0.0
India,3,1,0.0
India,3,1,0.0
India,3,1,0.0
India,3,1,0.0
India,3,1,0.0
India,3,1,0.0
India,3,1,0.0
India,3,1,0.0
India,3,1,0.0
India,3,1,0.0
India,3,1,0.0
India,3,1,0.0
India,3,1,0.0
India,3,1,0.0
India,3,1,0.0
India,3,1,0.0
India,3,1,0.0
India,3,1,0.0
India,3,1,0.0
India,3,1,0.0
India,3,1,0.0
India,3,1,0.0
India,3,1,0.0
India,3,1,0.0
India,3,1,0.0
India,3,1,0.0
India,3,1,0.0
India,3,1,0.0
India,3,1,0.0
India,3,1,0.0
India,3,1,0.0
India,3,1,0.0
India,3,1,0.0
India,3,1,0.0
India,3,1,0.0
India,3,1,0.0
India,3,1,0.0
India,3,1,0.0
India,3,1,-43.76963309102136
India,3,1,1251.9848514847595
India,3,1,0.0
India,3,1,37.269192532948885
India,3,1,72.58825289847603
India,3,1,-0.5200352446457983
India,3,1,-12.047483167627663
India,3,1,0.0
India,3,1,15.081022094728153
India,3,1,0.0
India,3,1,0.0
India,3,1,0.0
India,3,1,0.0
India,3,1,18.634596266474443
India,3,1,0.0
India,3,1,0.0
India,3,1,-58.50396502265232
India,3,1,0.3466901630971989
India,3,1,13.954279064662256
India,3,1,150.76688467689436
India,3,1,0.0
India,3,0,0.0
India,3,0,0.0
India,3,0,345.71509701348805
India,3,0,0.0
India,3,0,0.0
India,3,0,263.05116124999967
India,3,0,464.6731592262144
India,3,0,0.0
India,3,0,25.56839952841842
India,3,0,101.10351881322063
India,3,0,75.83847317751226
India,3,0,75.83847317751226
India,3,0,43.33627038714987
India,3,0,-14.951013283566702
India,3,0,0.0
India,3,0,29.468663863261906
India,3,0,0.0
India,3,0,130.0088111614496
India,3,0,47.66989742586485
India,3,0,693.3803261943979
India,3,0,0.0
India,3,0,248.31682931836872
India,3,0,-7.0421439379118524
India,3,0,-21.321445030477733
India,3,0,-74.36503998434917
India,3,0,13.21756246808071
India,3,0,36.83582982907738
India,3,0,3.553574171746289
India,3,0,645.710428768533
India,3,0,0.0
India,3,0,-78.00528669686976
India,3,0,0.0
India,3,0,0.0
India,3,0,-43.33627038714987
India,3,0,0.0
India,3,0,3.7269192532948883
India,3,0,0.0
India,3,0,0.0
India,3,0,0.0
India,3,0,0.0
India,3,0,0.0
India,3,0,0.0
India,3,0,0.0
India,3,0,0.0
India,3,0,0.0
India,3,0,0.0
India,3,0,0.0
India,3,0,0.0
India,3,0,0.0
India,3,0,0.0
India,3,0,0.0
India,3,0,0.0
India,3,0,0.0
India,3,0,0.0
India,3,0,0.0
India,3,0,0.0
India,3,0,0.0
India,3,0,0.0
India,3,0,0.0
India,3,0,0.0
India,3,0,0.0
India,3,0,0.0
India,3,0,0.0
India,3,0,0.0
India,3,0,0.0
India,3,0,0.0
India,3,0,0.0
India,3,0,0.0
India,3,0,0.0
India,3,0,0.0
India,3,0,0.0
India,3,0,0.0
India,3,0,0.0
India,3,0,0.0
India,3,0,0.0
India,3,0,0.0
India,3,0,0.0
India,3,0,0.0
India,3,0,0.0
India,3,0,0.0
India,3,0,0.0
India,3,0,0.0
India,3,0,0.0
India,3,0,0.0
India,3,1,8.602249671849249
India,3,1,329.35565494233896
India,3,1,0.0
India,3,1,33.368928198105394
India,3,1,1.6467782747116948
India,3,1,0.0
India,3,1,108.34067596787466
India,3,1,125.6751841227346
India,3,1,12.004146897240512
India,3,1,0.0
India,3,1,95.3397948517297
India,3,1,17.334508154859947
India,3,1,195.0132167421744
India,3,1,0.0
India,3,1,12.78419976420921
India,3,1,56.33715150329482
India,3,1,265.21797476935717
India,3,1,65.0044055807248
India,3,1,0.5633715150329482
India,3,1,0.0
India,3,1,0.0
India,3,1,0.0
India,3,1,0.0
India,3,1,0.0
India,3,1,0.0
India,3,1,0.0
India,3,1,0.0
India,3,1,0.0
India,3,1,0.0
India,3,1,0.0
India,3,1,0.0
India,3,1,0.0
India,3,1,0.0
India,3,1,0.0
India,3,1,0.0
India,3,1,0.0
India,3,1,0.0
India,3,1,0.0
India,3,1,0.0
India,3,1,0.0
India,3,1,0.0
India,3,1,0.0
India,3,1,0.0
India,3,1,0.0
India,3,1,0.0
India,3,1,0.0
India,3,1,0.0
India,3,1,0.0
India,3,1,0.0
India,3,1,0.0
India,3,1,0.0
India,3,1,0.0
India,3,1,0.0
India,3,1,0.0
India,3,1,0.0
India,3,1,0.0
India,3,1,0.0
India,3,1,0.0
India,3,1,0.0
India,3,1,0.0
India,3,1,0.0
India,3,1,20.368047081960437
India,3,1,0.0
India,3,1,10.747395056013167
India,3,0,0.0
India,3,1,0.0
India,3,1,0.0
India,3,1,0.0
India,3,1,0.0
India,3,1,0.0
India,3,1,0.0
India,3,1,0.0
India,3,1,0.0
India,3,1,0.0
India,3,1,0.0
India,3,1,0.0
India,3,1,0.0
India,3,1,0.0
India,3,1,0.0
India,3,1,0.0
India,3,1,0.0
India,3,1,0.0
India,3,1,0.0
India,3,1,0.0
India,3,1,-81.47218832784175
India,3,1,0.0
India,3,1,0.0
India,3,1,127.1486173158977
India,3,1,0.0
India,3,1,0.0
India,3,1,0.0
India,3,1,0.0
India,3,1,0.0
India,3,1,0.0
India,3,1,0.0
India,3,1,0.0
India,3,1,0.0
India,3,1,0.0
India,3,1,0.0
India,3,1,0.0
India,3,1,0.0
India,3,1,0.0
India,3,1,0.0
India,3,1,-1157.7284633927086
India,3,1,33.802290901976896
India,3,1,0.0
India,3,1,105.74049974464567
India,3,1,0.0
India,3,1,59.97739821581541
India,3,1,0.0
India,3,1,0.0
India,3,1,-70.63812073105427
India,3,1,0.0
India,3,1,0.0
India,3,1,0.0
India,3,1,1181.7800934575769
India,3,1,907.6348469884667
India,3,1,65.0044055807248
India,3,1,0.0
India,3,1,0.0
India,3,1,2964.200894481051
India,3,1,0.0
India,3,1,340.49307643183647
India,3,1,36.83582982907738
India,3,1,0.0
India,3,1,0.0
India,3,1,0.0
India,3,1,0.0
India,3,1,0.0
India,3,1,0.0
India,3,1,0.0
India,3,1,0.0
India,3,1,0.0
India,3,0,0.0
India,3,0,15.167694635502452
India,3,0,2.1668135193574933
India,3,0,0.0
India,3,0,-2.6435124936161416
India,3,0,11.267430300658965
India,3,0,0.0
India,3,0,2.3834948712932427
India,3,0,327.9688942899502
India,3,0,-182.01233562602943
India,3,0,8.883935429365723
India,3,0,0.0
India,3,0,-25.135036824546923
India,3,0,0.0
India,3,0,0.0
India,3,0,0.0
India,3,0,0.0
India,3,0,0.0
India,3,0,0.0
India,3,0,0.0
India,3,0,0.0
India,3,0,0.0
India,3,0,0.0
India,3,0,0.0
India,3,0,0.0
India,3,0,0.0
India,3,0,0.0
India,3,0,0.0
India,3,0,0.0
India,3,0,0.0
India,3,0,0.0
India,3,0,0.0
India,3,0,0.0
India,3,0,0.0
India,3,0,0.0
India,3,0,0.0
India,3,0,0.0
India,3,0,0.0
India,3,0,0.0
India,3,0,0.0
India,3,0,0.0
India,3,0,0.0
India,3,0,0.0
India,3,1,0.0
India,3,1,0.0
India,3,1,0.0
India,3,1,0.0
India,3,1,0.0
India,3,1,0.0
India,3,1,0.0
India,3,1,0.0
India,3,1,0.0
India,3,1,0.0
India,3,1,0.0
India,3,1,0.0
India,3,1,0.0
India,3,1,0.0
India,3,1,0.0
India,3,1,0.0
India,3,1,0.0
India,3,1,0.0
India,3,1,0.0
India,3,1,0.0
India,3,1,0.0
India,3,1,0.0
India,3,1,0.0
India,3,1,129.5754484575781
India,3,1,220.5816162705928
India,3,1,45.156393743410156
India,3,1,89.27271699752872
India,3,1,0.0
India,3,1,0.0
India,3,1,0.0
India,3,0,0.0
India,3,0,-8.060546292009874
India,3,0,66.00113979962924
India,3,0,-626.642469798187
India,3,0,193.27976592668838
India,3,0,0.0
India,3,0,0.0
India,3,0,0.0
India,3,0,0.0
India,3,0,0.0
India,3,0,0.0
India,3,0,0.0
India,3,0,0.0
India,3,0,0.0
India,3,0,0.0
India,3,0,0.0
India,3,0,0.0
India,3,0,0.0
India,3,0,0.0
India,3,0,0.0
India,3,0,0.0
India,3,0,0.0
India,3,0,0.0
India,3,0,0.0
India,3,0,0.0
India,3,0,0.0
India,3,0,0.0
India,3,0,0.0
India,3,0,0.0
India,3,0,0.0
India,3,0,0.0
India,3,0,0.0
India,3,0,0.0
India,3,0,0.0
India,3,0,546.0370068780883
India,3,0,303.78725541392055
India,3,0,113.10766571046115
India,3,0,780.0528669686976
India,3,0,8.233891373558475
India,3,0,167.10465861284987
India,3,0,875.3926618204273
India,3,0,0.0
India,3,0,779.2150041941616
India,3,0,195.0132167421744
India,3,0,-14.300969227759454
India,3,0,287.7528353706751
India,3,0,0.0
India,3,0,0.0
India,3,0,0.0
India,3,0,-104.00704892915968
India,3,0,-61.10414124588131
India,3,0,-93.7796891177923
India,3,0,45.719765258443104
India,3,0,260.0176223228992
India,3,1,26.00176223228992
India,3,1,0.0
India,3,1,-44.63635849876436
India,3,1,0.0
India,3,1,0.0
India,3,1,0.0
India,3,1,0.0
India,3,1,0.0
India,3,1,-17.334508154859947
India,3,1,9.96734218904447
India,3,1,39.30599724114493
India,3,1,0.0
India,3,1,0.0
India,3,1,0.0
India,3,1,0.0
India,3,1,0.0
India,3,1,0.0
India,3,1,0.0
India,3,1,0.0
India,3,1,208.01409785831936
India,3,1,29.035301159390407
India,3,1,-253.22828034900846
India,3,1,0.0
India,3,1,52.00352446457984
India,3,1,0.0
India,3,1,40.30273146004937
India,3,1,0.0
India,3,1,54.60370068780883
India,3,1,0.0
India,3,1,0.0
India,3,1,0.0
India,3,1,0.0
India,3,1,2.600176223228992
India,3,1,0.0
India,3,1,124.8084587149916
India,3,1,0.0
India,3,1,221.0149789744643
India,3,1,0.0
India,3,1,86.67254077429973
India,3,1,0.0
India,3,1,36.18578577327013
India,3,1,0.0
India,3,1,0.0
India,3,1,0.0
India,3,1,0.0
India,3,1,-39.00264334843488
India,3,1,0.0
India,3,1,0.0
India,3,1,0.0
India,3,1,0.0
India,3,1,0.0
India,3,1,0.0
India,3,1,0.0
India,3,0,0.0
India,3,0,0.0
India,3,0,0.0
India,3,0,0.0
India,3,0,0.0
India,3,0,0.0
India,3,0,0.0
India,3,0,0.0
India,3,0,677.7792688550238
India,3,0,216.68135193574932
India,3,0,0.0
India,3,0,0.0
India,3,0,0.0
India,3,0,263.7445415761941
India,3,0,117.00793004530463
India,3,0,132.39230603274282
India,3,0,0.0
India,3,0,0.0
India,3,0,0.0
India,3,0,0.0
India,3,0,0.0
India,3,0,0.0
India,3,0,0.0
India,3,0,0.0
India,3,0,0.0
India,3,0,0.0
India,3,0,0.0
India,3,0,0.0
India,3,0,0.0
India,3,0,0.0
India,3,0,0.0
India,3,0,0.0
India,3,1,0.0
India,3,1,0.0
India,3,1,132.99901381816292
India,3,1,-21.58146265280063
India,3,1,0.0
India,3,1,0.0
India,3,1,0.0
India,3,1,0.0
India,3,1,0.0
India,3,1,0.0
India,3,1,-169.01145450988446
India,3,1,0.0
India,3,1,0.0
India,3,1,0.0
India,3,1,0.0
India,3,1,0.0
India,3,1,0.0
India,3,1,0.0
India,3,1,0.0
India,3,1,0.0
India,3,1,377.24223372013955
India,3,1,-26.825151369645766
India,3,1,0.0
India,3,1,-14.864340742792404
India,3,1,0.0
India,3,1,0.0
India,3,1,0.0
India,3,1,0.0
India,3,1,0.0
India,3,1,0.0
India,3,1,228.2087998587312
India,3,1,0.0
India,3,1,0.0
India,3,1,1.9934684378088938
India,3,1,0.0
India,3,0,0.0
India,3,1,116.14120463756163
India,3,1,0.0
India,3,1,0.0
India,3,1,1993.4684378088937
India,3,1,0.0
India,3,0,0.0
India,3,0,-5.417033798393733
India,3,1,0.0
India,3,1,5.243688716845133
India,3,1,0.0
India,3,1,0.0
India,3,1,0.0
India,3,1,21.234772489703435
India,3,1,0.0
India,3,1,0.0
India,3,1,0.0
India,3,1,-37.70255523682038
India,3,1,36.40246712520589
India,3,1,0.0
India,3,1,0.0
India,3,1,0.0
India,3,1,0.0
India,3,1,0.0
India,3,1,0.0
India,3,1,0.0
India,3,1,0.0
India,3,1,33.1955831165568
India,3,1,0.0
India,3,1,0.0
India,3,1,0.0
India,3,1,0.0
India,3,1,0.0
India,3,1,0.0
India,3,1,889.9825959448698
India,3,1,0.0
India,3,1,21.75480773434923
India,3,1,0.0
India,3,1,163.11772173723207
India,3,1,0.0
India,3,1,91.26618543533762
India,3,1,117.09460258607893
India,3,1,69.33803261943979
India,3,1,0.0
India,3,1,0.0
India,3,1,0.0
India,3,1,260.0176223228992
India,3,1,0.0
India,3,1,0.0
India,3,1,0.0
India,3,1,0.0
India,3,1,444.6301341721576
India,3,1,0.0
India,3,1,287.3194726668036
India,3,1,0.0
India,3,1,0.0
India,3,1,15.037685824341002
India,3,1,138.74106964446028
India,3,1,0.0
India,3,1,0.0
India,3,0,0.0
India,3,0,0.0
India,3,0,0.0
India,3,0,0.0
India,3,0,0.0
India,3,0,21.668135193574933
India,3,1,-7.280493425041177
India,3,0,0.0
India,3,0,0.0
India,3,0,0.0
India,3,0,0.0
India,3,0,0.0
India,3,0,0.0
India,3,0,0.0
India,3,0,209.53086732186958
India,3,0,0.0
India,3,0,0.0
India,3,0,-26.00176223228992
India,3,0,0.0
India,3,0,0.0
India,3,0,65.43776828459629
India,3,0,18.071224751441495
India,3,0,0.0
India,3,0,0.0
India,3,0,164.67782747116948
India,3,0,0.0
India,3,0,0.0
India,3,0,0.0
India,3,0,-5.200352446457984
India,3,0,0.0
India,3,0,0.0
India,3,0,-147.34331931630953
India,3,0,0.0
India,3,0,138.67606523887957
India,3,0,23.401586009060928
India,3,0,0.0
India,3,0,0.0
India,3,0,0.0
India,3,0,0.0
India,3,0,0.0
India,3,0,13.997615335049407
India,3,1,0.0
India,3,0,-80.60546292009874
India,3,0,0.0
India,3,0,0.0
India,3,0,-233.14913468286628
India,3,0,0.0
India,3,0,0.0
India,3,0,0.0
India,3,0,0.0
India,3,0,0.0
India,3,0,2136.4781300864884
India,3,0,72.58825289847603
India,3,0,0.0
India,3,0,0.0
India,3,0,0.0
India,3,0,0.0
India,3,0,0.0
India,3,0,0.0
India,3,0,0.0
India,3,0,21.321445030477733
India,3,0,0.0
India,3,0,0.0
India,3,0,0.0
India,3,0,62.96760087252875
India,3,0,0.0
India,3,0,0.0
India,3,0,0.0
India,3,0,0.0
India,3,0,0.0
India,3,0,0.0
India,3,0,0.0
India,3,0,-1603.442004324545
India,3,0,0.0
India,3,0,0.0
India,3,0,0.0
India,3,0,0.0
India,3,0,0.0
India,3,0,-98.1999886972816
India,3,0,0.0
India,3,0,0.0
India,3,0,9.013944240527172
India,3,0,381.9658871923389
India,3,0,0.0
India,3,0,0.0
India,3,0,186.1726175831958
India,3,0,0.0
India,3,0,0.0
India,3,0,0.0
India,3,0,0.0
India,3,0,0.0
India,3,0,0.0
India,3,0,0.0
India,3,0,0.0
India,3,0,242.899795519975
India,3,0,0.0
India,3,0,0.0
India,3,0,218.41480275123533
India,3,0,0.0
India,3,0,0.0
India,3,0,0.0
India,3,1,-35.10237901359139
India,3,1,0.0
India,3,1,0.0
India,3,1,0.0
India,3,1,296.85345215197657
India,3,1,0.0
India,3,1,0.0
India,3,1,286.4527472590606
India,3,1,167.27800369439848
India,3,1,0.0
India,3,1,0.0
India,3,1,117.44129274917613
India,3,1,0.0
India,3,1,214.16784825329464
India,3,1,151.6769463550245
India,3,1,0.0
India,3,1,0.0
India,3,1,210.18091137767684
India,3,1,0.0
India,3,1,0.0
India,3,1,0.0
India,3,1,0.0
India,3,1,0.0
India,3,1,0.0
India,3,1,15.167694635502452
India,3,1,0.0
India,3,1,0.0
India,3,1,0.0
India,3,1,0.0
India,3,1,0.0
India,3,1,0.0
India,3,1,317.9148795601314
India,3,1,11.137421489497514
India,3,1,22.53486060131793
India,3,1,43.33627038714987
India,3,1,108.34067596787466
India,3,1,44.85303985070011
India,3,1,134.08242057784167
India,3,1,102.10025303212508
India,3,1,0.0
India,3,1,0.0
India,3,0,-1646.7782747116948
India,3,0,0.0
India,3,0,0.0
India,3,0,0.0
India,3,0,0.0
India,3,0,0.0
India,3,0,0.0
India,3,0,0.0
India,3,0,0.0
India,3,0,8.667254077429973
India,3,0,260.0176223228992
India,3,0,0.0
India,3,0,48.883312996705044
India,3,0,0.0
India,3,0,0.0
India,3,0,0.0
India,3,0,0.0
India,3,0,0.0
India,3,0,32.5022027903624
India,3,0,81.73220595016464
India,3,0,0.0
India,3,0,0.0
India,3,0,0.0
India,3,0,0.0
India,3,0,6.1537503949752805
India,3,0,0.0
India,3,0,0.0
India,3,0,0.0
India,3,0,0.0
India,3,0,0.0
India,3,0,0.0
India,3,0,0.0
India,3,0,325.022027903624
India,3,0,238.78284983319574
India,3,0,161.64428854406898
India,3,0,780.0528669686976
India,3,0,130.0088111614496
India,3,0,221.795031841433
India,3,0,0.0
India,3,0,11.570784193369013
India,3,0,0.0
India,3,0,164.67782747116948
India,3,0,0.0
India,3,0,0.0
India,3,0,0.0
India,3,0,96.1198477186984
India,3,0,0.0
India,3,0,0.0
India,3,0,0.0
India,3,0,21.58146265280063
India,3,0,0.0
India,3,0,0.0
India,3,0,0.0
India,3,0,0.0
India,3,0,0.0
India,3,0,0.0
India,3,0,0.0
India,3,0,0.0
India,3,0,0.0
India,3,0,21.668135193574933
India,3,0,0.0
India,3,0,0.0
India,3,0,0.0
India,3,0,0.0
India,3,0,0.0
India,3,0,0.0
India,3,0,131.7422619769356
India,3,0,0.0
India,3,0,0.0
India,3,0,0.0
India,3,0,0.0
India,3,0,195.0132167421744
India,3,0,0.0
India,3,0,0.0
India,3,0,0.0
India,3,0,0.0
India,3,0,0.0
India,3,0,0.0
India,3,0,78.0486229672569
India,3,0,0.0
India,3,0,-20.801409785831936
India,3,0,0.0
India,3,0,49.83671094522234
India,3,0,0.0
India,3,0,0.0
India,3,0,0.0
India,3,0,0.0
India,3,0,68.90466991556828
India,3,0,0.0
India,3,0,0.0
India,3,0,0.0
India,3,0,0.0
India,3,0,0.0
India,3,0,0.0
India,3,0,0.0
India,3,0,0.0
India,3,0,0.0
India,3,0,14.777668202018104
India,3,0,182.01233562602943
India,3,0,0.0
India,3,0,0.0
India,3,0,0.0
India,3,0,0.0
India,3,0,0.0
India,3,0,0.0
India,3,0,0.0
India,3,0,0.0
India,3,0,0.0
India,3,0,20173.03386521826
India,3,0,15.839406826503275
India,3,0,0.0
India,3,0,0.0
India,3,0,0.0
India,3,0,0.0
India,3,0,0.0
India,3,0,0.0
India,3,0,0.0
India,3,0,94.3863969032124
India,3,0,19.50132167421744
India,3,0,0.0
India,3,0,161.2109258401975
India,3,0,0.0
India,3,0,0.0
India,3,0,141.10289638055997
India,3,0,-10.964076407948916
India,3,0,0.0
India,3,0,32.5022027903624
India,3,0,-82.92395338581126
India,3,0,-3488.569766165564
India,3,0,0.0
India,3,0,0.0
India,3,0,0.0
India,3,0,32.5022027903624
India,3,0,0.0
India,3,0,0.0
India,3,0,21.668135193574933
India,3,0,0.0
India,3,0,0.0
India,3,0,0.0
India,3,0,0.0
India,3,0,0.0
India,3,0,0.0
India,3,0,0.0
India,3,0,0.0
India,3,0,0.0
India,3,0,9.057280510914321
India,3,0,98.74888657513446
India,3,0,0.0
India,3,0,0.0
India,3,0,0.0
India,3,0,0.0
India,3,0,0.0
India,3,0,0.0
India,3,0,0.0
India,3,0,185.04587455312992
India,3,0,0.0
India,3,0,11.310766571046114
India,3,0,0.0
India,3,0,0.0
India,3,1,0.0
India,3,1,0.0
India,3,1,0.0
India,3,1,0.0
India,3,1,0.0
India,3,1,0.0
India,3,1,0.0
India,3,1,223.0951199530475
India,3,1,0.0
India,3,1,0.0
India,3,1,0.0
India,3,1,0.0
India,3,1,0.0
India,3,1,0.0
India,3,1,0.0
India,3,1,39.65268740424212
India,3,1,0.0
India,3,1,16.2511013951812
India,3,1,22.75154195325368
India,3,1,0.0
India,3,1,0.0
India,3,1,0.0
India,3,1,0.0
India,3,1,227.51541953253678
India,3,1,0.0
India,3,1,0.0
India,3,1,-5.850396502265232
India,3,1,0.0
India,3,1,173.34508154859947
India,3,1,0.0
India,3,1,0.0
India,3,1,0.0
India,3,1,0.0
India,3,1,191.1129524073309
India,3,1,3.9002643348434876
India,3,1,0.0
India,3,1,0.0
India,3,1,0.0
India,3,1,0.0
India,3,1,0.0
India,3,1,0.0
India,3,1,0.0
India,3,1,0.0
India,3,1,159.69415637664724
India,3,1,0.0
India,3,1,632.709547652388
India,3,1,0.0
India,3,1,-0.17334508154859946
India,3,1,294.68663863261906
India,3,1,195.0132167421744
India,3,1,0.0
India,3,1,65.0044055807248
India,3,1,1326.0898738467858
India,3,1,0.0
India,3,1,31.462132301070802
India,3,1,0.0
India,3,1,0.0
India,3,1,198.48011837314638
India,3,1,276.26872371808037
India,3,1,154.58047647096356
India,3,1,0.0
India,3,1,676.0458180395378
India,3,1,0.0
India,3,1,0.0
India,3,1,0.0
India,3,1,592.6234975442744
India,3,1,75.83847317751226
India,3,1,145.9998949343079
India,3,1,0.0
India,3,1,0.0
India,3,1,0.0
India,3,1,0.0
India,3,1,0.0
India,3,1,0.0
India,3,1,0.0
India,3,1,0.0
India,3,1,0.0
India,3,1,0.0
India,3,1,0.0
India,3,1,0.0
India,3,1,0.0
India,3,1,0.0
India,3,0,0.0
India,3,1,0.0
India,3,1,19.06795897034594
India,3,1,0.0
India,3,1,0.0
India,3,1,0.0
India,3,1,0.0
India,3,1,0.0
India,3,1,35.882431880560084
India,3,1,0.0
India,3,1,0.0
India,3,1,0.0
India,3,1,0.0
India,3,1,0.0
India,3,1,0.0
India,3,1,9653.154228737632
India,3,1,23.834948712932427
India,3,1,34.58234376894559
India,3,1,0.0
India,3,1,20.801409785831936
India,3,1,-22.66486941247938
India,3,1,112.24094030271814
India,3,1,173.34508154859947
India,3,1,0.0
India,3,1,0.0
India,3,1,0.0
India,3,1,8.450572725494224
India,3,1,92.73961862850071
India,3,1,50.66010008257819
India,3,1,140.84287875823705
India,3,1,769.9988522388787
India,3,1,243.54983957578224
India,3,1,39.00264334843488
India,3,1,0.0
India,3,1,0.0
India,3,1,0.0
India,3,1,-36.40246712520589
India,3,1,0.0
India,3,1,0.0
India,3,1,0.0
India,3,1,0.0
India,3,1,10.834067596787467
India,3,1,0.0
India,3,1,0.0
India,3,1,0.0
India,3,1,108.68736613097185
India,3,1,0.0
India,3,1,0.0
India,3,1,1300.2614566960444
India,3,1,0.0
India,3,1,78.00528669686976
India,3,1,468.03172018121853
India,3,1,0.0
India,3,1,80.43211783855014
India,3,1,0.0
India,3,1,0.0
India,3,1,0.0
India,3,1,28.16857575164741
India,3,1,0.0
India,3,1,0.0
India,3,1,0.0
India,3,1,0.0
India,3,1,0.0
India,3,1,0.0
India,3,1,0.0
India,3,1,0.0
India,3,1,0.0
India,3,1,0.0
India,3,1,212.34772489703434
India,3,1,130.87553656919258
India,3,1,0.0
India,3,1,65.0044055807248
India,3,1,0.0
India,3,1,0.0
India,3,1,0.0
India,3,1,0.0
India,3,1,0.0
India,3,1,188.5127761841019
India,3,1,0.0
India,3,1,0.0
India,3,1,0.0
India,3,1,0.0
India,3,1,20.801409785831936
India,3,1,0.0
India,3,1,-31.85215873455515
India,3,1,11.224094030271814
India,3,1,0.0
India,3,1,0.0
India,3,1,97.28992701915145
India,3,1,0.0
India,3,1,0.0
India,3,1,0.0
India,3,1,41.90617346437392
India,3,1,-23.401586009060928
India,3,1,65.22108693266054
India,3,0,26.00176223228992
India,3,0,0.0
India,3,1,0.0
India,3,1,0.0
India,3,1,0.0
India,3,1,0.0
India,3,1,0.0
India,3,1,0.0
India,3,1,893.0738601383844
India,3,1,866.7254077429973
India,3,1,1255.4517531157317
India,3,1,0.0
India,3,0,127.4086349382206
India,3,0,0.0
India,3,0,0.0
India,3,0,0.0
India,3,0,0.0
India,3,1,0.0
India,3,1,0.0
India,3,1,0.0
India,3,1,0.0
India,3,1,42.92457581847194
India,3,1,451.78061878603734
India,3,1,0.0
India,3,1,19.93468437808894
India,3,1,0.0
India,3,1,0.0
India,3,1,4567.642898805596
India,3,1,0.0
India,3,1,29.468663863261906
India,3,1,0.0
India,3,1,151.6769463550245
India,3,1,22.96822330518943
India,3,1,169.01145450988446
India,3,1,0.0
India,3,1,2.3834948712932427
India,3,1,0.0
India,3,1,0.0
India,3,1,0.0
India,3,1,-57.42055826297357
India,3,1,0.0
India,3,1,-26.00176223228992
India,3,1,39.00264334843488
India,3,1,22.101497897446432
India,3,1,0.0
India,3,1,0.0
India,3,1,0.0
India,3,1,0.0
India,3,1,0.0
India,3,1,0.0
India,3,1,0.0
India,3,1,0.0
India,3,1,-3.6835829829077382
India,3,1,0.0
India,3,1,87.53926618204272
India,3,1,0.0
India,3,1,0.0
India,3,1,0.0
India,3,1,0.0
India,3,1,71.93820884266877
India,3,0,6.933803261943979
India,3,0,0.0
India,3,0,0.0
India,3,0,0.0
India,3,0,174.64516966021395
India,3,0,0.0
India,3,0,0.0
India,3,0,8.667254077429973
India,3,0,92.30625592462921
India,3,0,0.0
India,3,0,0.0
India,3,0,0.0
India,3,0,0.0
India,3,0,0.0
India,3,0,0.0
India,3,0,0.0
India,3,0,0.0
India,3,0,0.0
India,3,0,0.0
India,3,0,0.0
India,3,0,43.33627038714987
India,3,0,0.0
India,3,0,0.0
India,3,0,0.0
India,3,0,0.0
India,3,0,0.0
India,3,0,0.0
India,3,0,0.0
India,3,0,0.0
India,3,0,0.0
India,3,0,0.0
India,3,0,0.0
India,3,0,0.0
India,3,0,66.73785639621079
India,3,0,0.0
India,3,0,17.334508154859947
India,3,0,0.0
India,3,0,0.0
India,3,0,0.0
India,3,0,0.0
India,3,0,0.0
India,3,0,0.0
India,3,0,0.0
India,3,0,0.0
India,3,0,0.0
India,3,0,0.0
India,3,0,0.0
India,3,0,0.0
India,3,0,0.0
India,3,0,0.0
India,3,0,0.0
India,3,0,0.0
India,3,0,0.0
India,3,0,0.0
India,3,0,0.0
India,3,0,81.255506975906
India,3,0,0.0
India,3,0,0.0
India,3,0,650.0873920776351
India,3,0,0.0
India,3,0,4.333627038714987
India,3,0,-113.54102841433264
India,3,0,86.67254077429973
India,3,0,0.0
India,3,0,74.40837625473631
India,3,0,820.5289435102956
India,3,0,0.0
India,3,0,139.36944556507396
India,3,0,0.0
India,3,0,0.0
India,3,0,65.0044055807248
India,3,0,180.2355485401563
India,3,0,278.2405240206957
India,3,0,333.94929960337686
India,3,0,220.1482535667213
India,3,0,433.5360489530472
India,3,0,0.0
India,3,0,52.49467062565822
India,3,0,0.0
India,3,0,40.95277551585662
India,3,0,292.51982511326156
India,3,0,493.42677462808837
India,3,0,273.5818749540771
India,3,0,43.07625276482697
India,3,0,172.99839138550226
India,3,0,36.18578577327013
India,3,0,130.0088111614496
India,3,0,0.0
India,3,0,314.1879603068365
India,3,0,0.0
India,3,0,362.46456551812145
India,3,0,0.0
India,3,0,500.5339229715809
India,3,0,173.34508154859947
India,3,1,0.0
India,3,1,0.0
India,3,1,0.0
India,3,1,0.0
India,3,1,0.0
India,3,1,0.0
India,3,1,0.0
India,3,1,0.0
India,3,1,0.0
India,3,1,0.0
India,3,1,0.0
India,3,1,0.0
India,3,1,0.0
India,3,1,0.0
India,3,1,0.0
India,3,1,0.0
India,3,1,216.68135193574932
India,3,1,842.4570963261933
India,3,1,21.668135193574933
India,3,1,156.01057339373952
India,3,1,3236.352672512352
India,3,1,1592.6079367277575
India,3,1,0.0
India,3,1,0.0
India,3,1,842.4570963261933
India,3,1,180.10553972899484
India,3,1,-25.95842596190277
India,3,1,203.68047081960435
India,3,1,41.47281076050242
India,3,1,0.0
India,3,1,292.51982511326156
India,3,1,275.05530814724017
India,3,1,-8188.8216523558385
India,3,1,812.55506975906
India,3,1,4.225286362747112
India,3,1,341.9231733546124
India,3,1,173.34508154859947
India,3,1,0.0
India,3,1,194.5798540383029
India,3,1,195.0132167421744
India,3,1,-120.25815032434087
India,3,1,260.0176223228992
India,3,1,100.97351000205919
India,3,1,0.0
India,3,1,0.0
India,3,1,0.0
India,3,0,0.0
India,3,0,0.0
India,3,0,0.0
India,3,0,0.0
India,3,0,0.0
India,3,0,0.0
India,3,0,0.0
India,3,0,0.0
India,3,0,0.0
India,3,0,0.0
India,3,0,0.0
India,3,0,0.0
India,3,0,0.0
India,3,0,0.0
India,3,0,0.0
India,3,0,0.0
India,3,0,0.0
India,3,0,0.0
India,3,0,0.0
India,3,0,0.0
India,3,0,0.0
India,3,0,0.0
India,3,0,0.0
India,3,0,0.0
India,3,0,0.0
India,3,0,0.0
India,3,0,0.0
India,3,0,0.0
India,3,0,0.0
India,3,0,0.0
India,3,0,0.0
India,3,0,292.51982511326156
India,3,0,44.63635849876436
India,3,0,0.0
India,3,0,0.0
India,3,0,53.736975280065835
India,3,0,0.0
India,3,0,0.0
India,3,0,0.0
India,3,0,0.0
India,3,0,0.0
India,3,0,53.390285116968634
India,3,0,234.01586009060927
India,3,0,102.27359811367369
India,3,0,0.0
India,3,0,60.49743346046121
India,3,0,376.5921896643323
India,3,0,348.4236139126849
India,3,0,744.3004438992989
India,3,0,426.28446048178967
India,3,0,22.75154195325368
India,3,0,6.50044055807248
India,3,0,0.0
India,3,0,26.348452395387117
India,3,0,307.68751974876403
India,3,0,193.58311981939843
India,3,0,361.85785773270135
India,3,0,0.0
India,3,0,284.9359777955104
India,3,0,39.00264334843488
India,3,0,49.83671094522234
India,3,0,0.0
India,3,0,0.0
India,3,0,0.0
India,3,0,543.0034679509878
India,3,0,101.32020016515638
India,3,0,240.8196545413918
India,3,0,0.0
India,3,0,574.2055826297357
India,3,0,20.151365730024686
India,3,0,186.3459626647444
India,3,0,26.738478828871465
India,3,0,10.617386244851717
India,3,0,0.0
India,3,0,0.0
India,3,0,0.0
India,3,0,0.0
India,3,0,0.0
India,3,0,-126.86693155838122
India,3,0,0.0
India,3,0,88.18931023784997
India,3,0,1.2134155708401961
India,3,0,65.0044055807248
India,3,0,39.86936875617788
India,3,0,12.112487573208387
India,3,0,13.607588901565057
India,3,0,143.96309022611186
India,3,0,52.00352446457984
India,3,0,0.0
India,3,0,0.0
India,3,0,88.14597396746282
India,3,0,585.0396502265231
India,3,0,0.0
India,3,0,314.91024558681454
India,3,0,0.0
India,3,0,18.287906103377242
India,3,0,177.2020096130558
India,3,0,0.0
India,3,0,74.39392906791657
India,3,0,25.56839952841842
India,3,0,0.0
India,3,0,0.0
India,3,0,0.0
India,3,0,0.0
India,3,0,0.0
India,3,0,0.0
India,3,0,0.0
India,3,0,0.0
India,3,0,0.0
India,3,0,0.0
India,3,0,0.0
India,3,0,0.0
India,3,0,0.0
India,3,0,0.0
India,3,0,0.0
India,3,0,0.0
India,3,0,0.0
India,3,0,0.0
India,3,0,0.0
India,3,0,0.0
India,3,0,0.0
India,3,0,0.0
India,3,0,0.0
India,3,0,0.0
India,3,0,0.0
India,3,0,0.0
India,3,0,0.0
India,3,0,0.0
India,3,0,0.0
India,3,0,0.0
India,3,0,0.0
India,3,0,0.0
India,3,0,0.0
India,3,0,0.0
India,3,0,0.0
India,3,0,0.0
India,3,0,0.0
India,3,0,0.0
India,3,0,0.0
India,3,0,0.0
India,3,0,0.0
India,3,0,0.0
India,3,0,0.0
India,3,0,0.0
India,3,0,0.0
India,3,0,0.0
India,3,0,0.0
India,3,0,0.0
India,3,0,0.0
India,3,0,0.0
India,3,0,0.0
India,3,0,0.0
India,3,0,0.0
India,3,0,0.0
India,3,0,0.0
India,3,0,0.0
India,3,0,3.6835829829077382
India,3,0,0.0
India,3,0,0.0
India,3,0,182.66237968183668
India,3,0,21.58146265280063
India,3,0,32.5022027903624
India,3,0,37.05251118101313
India,3,0,14.084287875823705
India,3,0,216.68135193574932
India,3,0,173.5617629005352
India,3,0,39.00264334843488
India,3,0,34.994038337623515
India,3,0,13.00088111614496
India,3,0,273.01850343904414
India,3,0,43.46627919831131
India,3,0,8.710590347817122
India,3,0,34.712352580107044
India,3,0,112.58763046581535
India,3,0,0.0
India,3,0,0.0
India,3,0,0.0
India,3,0,0.0
India,3,0,0.0
India,3,0,0.0
India,3,0,0.0
India,3,0,0.0
India,3,0,81.47218832784175
India,3,0,0.0
India,3,0,0.0
India,3,0,0.0
India,3,0,0.0
India,3,0,0.0
India,3,0,0.0
India,3,0,0.0
India,3,0,0.0
India,3,0,0.0
India,3,1,0.0
India,3,1,0.0
India,3,1,0.0
India,3,1,0.0
India,3,1,0.0
India,3,1,0.0
India,3,1,0.0
India,3,1,0.0
India,3,1,0.0
India,3,1,0.0
India,3,1,0.0
India,3,1,0.0
India,3,1,0.0
India,3,1,0.0
India,3,1,0.0
India,3,1,0.0
India,3,1,0.0
India,3,1,0.0
India,3,1,0.0
India,3,1,0.0
India,3,1,0.0
India,3,1,0.0
India,3,1,0.0
India,3,1,0.0
India,3,1,0.0
India,3,1,0.0
India,3,1,0.0
India,3,1,0.0
India,3,1,0.0
India,3,1,0.0
India,3,1,0.0
India,3,0,0.0
India,3,1,0.0
India,3,0,0.0
India,3,1,0.0
India,3,1,26.868487640032917
India,3,1,0.0
India,3,1,0.0
India,3,1,0.0
India,3,1,0.0
India,3,1,0.0
India,3,1,0.0
India,3,1,0.0
India,3,1,0.0
India,3,1,0.0
India,3,1,0.0
India,3,1,346.69016309719893
India,3,1,0.0
India,3,1,0.0
India,3,1,0.0
India,3,1,0.0
India,3,1,0.0
India,3,1,0.0
India,3,1,0.0
India,3,1,0.0
India,3,1,0.0
India,3,1,0.0
India,3,1,0.0
India,3,1,0.0
India,3,1,0.0
India,3,1,0.0
India,3,1,0.0
India,3,1,63.7043174691103
India,3,1,0.0
India,3,1,0.0
India,3,1,0.0
India,3,1,0.0
India,3,1,0.0
India,3,1,29.338655052100457
India,3,1,0.0
India,3,1,3.9869368756177876
India,3,1,0.0
India,3,1,97.93997107495869
India,3,1,-728.0493425041177
India,3,1,0.0
India,3,1,42.252863627471115
India,3,1,0.0
India,3,1,0.0
India,3,1,72.76159798002462
India,3,1,49.83671094522234
India,3,1,50.05339229715809
India,3,1,0.0
India,3,1,1672.7800369439847
India,3,0,124.93846752615306
India,3,1,1386.7606523887957
India,3,1,248.31682931836872
India,3,0,1083.4067596787465
India,3,1,12.025815032434087
India,3,1,177.67870858731445
India,3,1,-37.05251118101313
India,3,1,81.47218832784175
India,3,1,25.04836428377262
India,3,1,0.0
India,3,1,36.48913966598018
India,3,1,429.46243953665515
India,3,1,0.0
India,3,1,307.68751974876403
India,3,1,30.335389271004903
India,3,1,-70.20475802718278
India,3,1,38.65595318533768
India,3,1,0.0
India,3,1,6.50044055807248
India,3,1,0.0
India,3,0,0.0
India,3,1,0.0
India,3,1,0.0
India,3,1,0.0
India,3,1,281.6857575164741
India,3,1,0.0
India,3,1,0.0
India,3,1,0.0
India,3,1,0.0
India,3,0,0.0
India,3,0,0.0
India,3,1,0.0
India,3,0,0.0
India,3,0,0.0
India,3,1,0.0
India,3,1,31.6354773826194
India,3,1,0.0
India,3,1,0.0
India,3,1,-117.87465545304762
India,3,1,0.0
India,3,1,0.0
India,3,1,30.335389271004903
India,3,1,114.40775382207563
India,3,1,161.2109258401975
India,3,0,0.0
India,3,1,0.0
India,3,0,0.0
India,3,0,0.0
India,3,1,0.0
India,3,0,0.0
India,3,1,-34.66901630971989
India,3,1,0.0
India,3,1,0.0
India,3,0,0.0
India,3,0,0.0
India,3,0,260.0176223228992
India,3,0,0.0
India,3,0,0.0
India,3,0,0.0
India,3,0,0.0
India,3,0,0.0
India,3,0,33.802290901976896
India,3,1,0.0
India,3,1,0.0
India,3,1,0.0
India,3,1,797.3873751235575
India,3,1,0.0
India,3,1,0.0
India,3,1,0.0
India,3,1,0.0
India,3,1,0.0
India,3,1,0.0
India,3,1,0.0
India,3,1,0.0
India,3,1,0.0
India,3,1,0.0
India,3,1,0.0
India,3,1,0.0
India,3,1,0.0
India,3,1,0.0
India,3,1,0.0
India,3,1,0.0
India,3,1,0.0
India,3,1,0.0
India,3,0,32.5022027903624
India,3,0,6.50044055807248
India,3,0,0.0
India,3,0,59.370690430395314
India,3,0,0.0
India,3,0,0.0
India,3,0,0.0
India,3,0,0.0
India,3,0,0.0
India,3,0,0.0
India,3,0,0.0
India,3,0,0.0
India,3,0,0.0
India,3,0,555.0076148482283
India,3,0,-26.00176223228992
India,3,0,517.8684311264409
India,3,0,0.0
India,3,1,0.0
India,3,1,0.0
India,3,1,124.8084587149916
India,3,1,130.0088111614496
India,3,1,0.0
India,3,1,130.0088111614496
India,3,1,21.668135193574933
India,3,1,0.0
India,3,1,-771.3856128912676
India,3,1,420.36182275535367
India,3,1,0.0
India,3,1,0.0
India,3,1,0.0
India,3,1,0.0
India,3,1,0.0
India,3,1,186.12928131280867
India,3,1,0.0
India,3,1,0.0
India,3,1,0.0
India,3,1,0.0
India,3,1,0.0
India,3,1,0.0
India,3,1,0.0
India,3,1,0.0
India,3,1,0.0
India,3,1,0.0
India,3,1,0.0
India,3,1,0.0
India,3,1,0.0
India,3,1,0.0
India,3,1,0.0
India,3,1,0.0
India,3,1,8.667254077429973
India,3,1,0.0
India,3,1,79.47871989003285
India,3,1,130.87553656919258
India,3,1,20.844746056219083
India,3,1,944.7306944398671
India,3,1,0.0
India,3,1,198.91348107701788
India,3,1,60.88745989394556
India,3,0,0.0
India,3,0,0.0
India,3,0,0.0
India,3,0,7.280493425041177
India,3,1,0.0
India,3,1,0.0
India,3,1,-1.9501321674217438
India,3,1,44.50634968760291
India,3,1,23.964957524093876
India,3,1,11.050748948723216
India,3,1,0.0
India,3,1,0.0
India,3,1,0.0
India,3,1,0.0
India,3,1,0.0
India,3,1,0.0
India,3,1,0.0
India,3,0,0.0
India,3,0,44.72303103953866
India,3,0,0.0
India,3,0,65.0044055807248
India,3,0,0.0
India,3,0,0.0
India,3,0,0.0
India,3,0,0.0
India,3,0,20.519724028315462
India,3,0,34.66901630971989
India,3,0,41.60281957166387
India,3,0,61.320822597817056
India,3,0,0.0
India,3,0,260.0176223228992
India,3,0,0.0
India,3,0,452.4306628418446
India,3,0,0.0
India,3,0,0.0
India,3,0,0.0
India,3,0,0.0
India,3,0,0.0
India,3,0,65.0044055807248
India,3,1,0.0
India,3,1,0.0
India,3,1,0.0
India,3,1,0.0
India,3,1,0.0
India,3,1,0.0
India,3,1,0.0
India,3,0,0.0
India,3,1,0.0
India,3,0,0.0
India,3,0,0.0
India,3,0,0.0
India,3,0,0.0
India,3,0,0.0
India,3,0,0.0
India,3,0,0.0
India,3,0,0.0
India,3,0,0.0
India,3,0,0.0
India,3,0,0.0
India,3,0,26.00176223228992
India,3,0,0.0
India,3,0,2.3834948712932427
India,3,0,439.8631444295711
India,3,0,17.334508154859947
India,3,0,0.0
India,3,1,0.0
India,3,1,0.0
India,3,1,0.0
India,3,1,0.0
India,3,1,0.0
India,3,1,0.0
India,3,1,65.43776828459629
India,3,1,-156.01057339373952
India,3,1,0.0
India,3,1,0.0
India,3,1,0.0
India,3,1,0.0
India,3,1,0.0
India,3,1,0.0
India,3,1,102.79363335831948
India,3,1,0.0
India,3,1,117.00793004530463
India,3,1,0.0
India,3,1,0.0
India,3,1,0.0
India,3,1,0.0
India,3,1,214.51453841639182
India,3,1,8.667254077429973
India,3,1,0.0
India,3,1,9.53397948517297
India,3,1,0.0
India,3,1,0.0
India,3,1,0.0
India,3,1,0.0
India,3,1,0.0
India,3,1,0.0
India,3,1,0.0
India,3,1,130.0088111614496
India,3,1,-6.50044055807248
India,3,1,0.0
India,3,1,31.6354773826194
India,3,1,0.0
India,3,1,0.0
India,3,1,151.6769463550245
India,3,1,0.0
India,3,1,0.0
India,3,1,143.00969227759455
India,3,1,0.0
India,3,1,695.5471397137553
India,3,1,0.0
India,3,0,12.134155708401963
India,3,0,0.0
India,3,0,0.0
India,3,1,0.0
India,3,1,358.82431880560085
India,3,0,0.0
India,3,0,0.0
India,3,0,0.0
India,3,0,0.0
India,3,0,0.0
India,3,0,0.0
India,3,0,0.0
India,3,0,0.0
India,3,0,0.0
India,3,0,26.00176223228992
India,3,0,0.0
India,3,0,0.0
India,3,0,7.583847317751226
India,3,0,332.2158487878909
India,3,0,156.01057339373952
India,3,0,0.0
India,3,0,0.0
India,3,0,0.0
India,3,0,0.0
India,3,0,81.34217951668029
India,3,0,0.0
India,3,0,0.0
India,3,1,-7.150484613879727
India,3,1,0.0
India,3,1,256.7240657734758
India,3,1,1300.088111614496
India,3,1,0.0
India,3,1,0.0
India,3,1,0.0
India,3,1,0.0
India,3,1,0.0
India,3,1,0.0
India,3,0,175.3818862567955
India,3,0,43.76963309102136
India,3,0,0.0
India,3,0,0.0
India,3,0,0.0
India,3,0,0.0
India,3,1,286.8861099629321
India,3,1,-115.92452328562588
India,3,1,220.97164270407717
India,3,1,6.067077854200981
India,3,1,0.0
India,3,1,0.0
India,3,1,0.0
India,3,1,0.0
India,3,1,0.0
India,3,1,0.0
India,3,1,0.0
India,3,1,0.0
India,3,0,0.0
India,3,0,0.0
India,3,0,69.72805905292414
India,3,0,0.0
India,3,0,0.0
India,3,0,0.0
India,3,0,26.08843477306422
India,3,0,62.620910709431556
India,3,0,1.256751841227346
India,3,0,195.0132167421744
India,3,0,139.3261092946868
India,3,0,88.18931023784997
India,3,0,0.0
India,3,1,108.55735731981041
India,3,0,0.0
India,3,0,51.483489219934036
India,3,0,0.0
India,3,0,0.0
India,3,0,79.73873751235575
India,3,1,0.0
India,3,1,0.0
India,3,1,0.0
India,3,1,2080.1409785831934
India,3,1,0.0
India,3,1,0.0
India,3,1,0.0
India,3,1,62.1442117351729
India,3,1,0.0
India,3,1,0.0
India,3,0,-216.68135193574932
India,3,0,0.0
India,3,0,0.0
India,3,0,298.1535402635911
India,3,0,0.0
India,3,0,0.0
India,3,0,0.0
India,3,0,0.0
India,3,0,0.0
India,3,0,0.0
India,3,0,0.0
India,3,0,0.0
India,3,0,0.0
India,3,0,0.0
India,3,0,0.0
India,3,0,0.0
India,3,0,0.0
India,3,0,0.0
India,3,0,333.60260944027965
India,3,0,0.0
India,3,0,38.35259929262763
India,3,0,0.0
India,3,0,99.67342189044469
India,3,0,0.0
India,3,0,0.0
India,3,0,0.0
India,3,0,0.0
India,3,0,0.0
India,3,0,280.16898805292385
India,3,0,0.0
India,3,0,87.88595634513993
India,3,0,126.1085468266061
India,3,0,0.0
India,3,0,139.97615335049406
India,3,0,86.67254077429973
India,3,0,8.060546292009874
India,3,0,176.72531063879714
India,3,0,11.267430300658965
India,3,0,142.57632957372306
India,3,0,0.0
India,3,0,39.00264334843488
India,3,0,0.0
India,3,0,0.0
India,3,0,182.7273840874174
India,3,0,0.0
India,3,0,24.094966335255325
India,3,0,13.347571279242159
India,3,0,0.0
India,3,0,0.0
India,3,0,519.1685192380554
India,3,0,78.00528669686976
India,3,0,31.2021146787479
India,3,0,0.0
India,3,0,0.0
India,3,0,1157.1650918776756
India,3,0,-21.234772489703435
India,3,0,398.69368756177875
India,3,0,13.434243820016459
India,3,0,36.879166099464534
India,3,0,0.0
India,3,0,0.0
India,3,0,91.00616781301471
India,3,0,0.0
India,3,0,124.8084587149916
India,3,0,173.34508154859947
India,3,0,195.0132167421744
India,3,0,0.0
India,3,0,35.10237901359139
India,3,0,104.00704892915968
India,3,0,0.0
India,3,1,0.0
India,3,1,-29.035301159390407
India,3,1,0.0
India,3,1,56.33715150329482
India,3,1,0.0
India,3,1,0.0
India,3,1,0.0
India,3,1,-216.68135193574932
India,3,1,0.0
India,3,1,0.0
India,3,1,65.52444082537059
India,3,1,125.6751841227346
India,3,1,-19.50132167421744
India,3,1,0.0
India,3,1,0.0
India,3,1,0.0
India,3,1,0.0
India,3,1,0.0
India,3,1,0.0
India,3,1,0.0
India,3,1,-160.3442004324545
India,3,1,151.6769463550245
India,3,1,0.0
India,3,1,-130.0088111614496
India,3,1,0.0
India,3,1,0.0
India,3,1,0.0
India,3,1,0.0
India,3,1,0.0
India,3,1,0.0
India,3,1,3.6835829829077382
India,3,1,390.0264334843488
India,3,1,0.0
India,3,1,0.0
India,3,1,0.0
India,3,1,0.0
India,3,1,-32.5022027903624
India,3,1,21.668135193574933
India,3,1,0.0
India,3,1,0.0
India,3,1,0.0
India,3,1,0.0
India,3,1,10.834067596787467
India,3,0,1631.6105800761923
India,3,1,0.0
India,3,1,0.0
India,3,1,0.0
India,3,1,0.0
India,3,1,-8.493908995881373
India,3,1,0.0
India,3,1,0.0
India,3,1,0.0
India,3,1,0.0
India,3,1,15.167694635502452
India,3,1,23.618267360996676
India,3,1,0.0
India,3,1,-216.68135193574932
India,3,1,0.0
India,3,1,0.0
India,3,1,0.0
India,3,1,0.0
India,3,1,-108.34067596787466
India,3,1,-21.668135193574933
India,3,1,-26.218443584225668
India,3,1,-3.4669016309719893
India,3,1,6.977139532331128
India,3,1,-65.0044055807248
India,3,1,-2.600176223228992
India,3,1,3.0335389271004907
India,3,1,0.0
India,3,1,0.0
India,3,1,0.0
India,3,1,0.0
India,3,1,0.0
India,3,1,0.0
India,3,1,0.0
India,3,1,169.44481721375595
India,3,1,0.0
India,3,1,0.0
India,3,1,0.0
India,3,1,0.0
India,3,1,0.0
India,3,1,0.0
India,3,1,0.0
India,3,1,0.0
India,3,1,0.0
India,3,1,0.0
India,3,1,0.0
India,3,1,0.0
India,3,1,0.0
India,3,1,0.0
India,3,1,0.0
India,3,1,0.0
India,3,1,0.0
India,3,1,0.0
India,3,1,0.0
India,3,1,0.0
India,3,1,0.0
India,3,1,0.0
India,3,1,0.0
India,3,1,0.0
India,3,1,0.0
India,3,1,0.0
India,3,1,0.0
India,3,1,0.0
India,3,1,0.0
India,3,1,0.0
India,3,1,0.0
India,3,1,1690.5479078027163
India,3,1,8.797262888591423
India,3,1,240.08293794481025
India,3,1,433.36270387149864
India,3,1,281.6857575164741
India,3,1,513.1014413838544
India,3,1,0.0
India,3,1,273.97190138756145
India,3,1,86.67254077429973
India,3,1,195.0132167421744
India,3,1,-400.210457025329
India,3,1,0.0
India,3,1,1170.0793004530462
India,3,1,374.8587388488463
India,3,1,282.9858456280886
India,3,1,43.33627038714987
India,3,1,0.0
India,3,1,16.2511013951812
India,3,1,162.72769530374774
India,3,1,0.0
India,3,1,0.0
India,3,1,0.0
India,3,1,0.0
India,3,1,-109.03405629406906
India,3,1,0.0
India,3,1,0.0
India,3,1,0.0
India,3,1,0.0
India,3,1,0.0
India,3,1,0.0
India,3,1,0.0
India,3,1,0.0
India,3,1,0.0
India,3,1,0.0
India,3,1,0.0
India,3,1,0.0
India,3,1,0.0
India,3,1,0.0
India,3,1,0.0
India,3,1,0.0
India,3,1,0.0
India,3,1,0.0
India,3,1,0.0
India,3,1,0.0
India,3,1,0.0
India,3,1,0.0
India,3,1,0.0
India,3,1,0.0
India,3,1,0.0
India,3,1,0.0
India,3,1,0.0
India,3,0,164.54781866000803
India,3,0,225.34860601317928
India,3,0,0.0
India,3,0,0.0
India,3,0,0.0
India,3,0,17.334508154859947
India,3,0,277.35213047775915
India,3,0,134.34243820016457
India,3,0,0.0
India,3,0,-77.13856128912676
India,3,0,8.883935429365723
India,3,0,84.50572725494223
India,3,0,274.05857392833576
India,3,0,0.0
India,3,0,0.0
India,3,0,0.0
India,3,0,0.0
India,3,0,0.0
India,3,0,0.0
India,3,0,0.0
India,3,0,0.0
India,3,0,0.0
India,3,0,0.0
India,3,0,0.0
India,3,0,0.0
India,3,0,0.0
India,3,0,0.0
India,3,0,0.0
India,3,0,0.0
India,3,0,0.0
India,3,0,0.0
India,3,0,0.0
India,3,0,0.0
India,3,0,0.0
India,3,0,0.0
India,3,0,0.0
India,3,0,0.0
India,3,0,0.0
India,3,0,0.0
India,3,0,0.0
India,3,0,0.0
India,3,0,0.0
India,3,0,0.0
India,3,0,0.0
India,3,0,0.0
India,3,0,0.0
India,3,0,0.0
India,3,0,0.0
India,3,0,0.0
India,3,0,0.0
India,3,0,0.0
India,3,0,0.0
India,3,0,0.0
India,3,0,0.0
India,3,0,0.0
India,3,0,0.0
India,3,0,0.0
India,3,0,0.0
India,3,0,866.5087263910615
India,3,0,132.1756246808071
India,3,0,0.0
India,3,0,-23.834948712932427
India,3,0,120.25815032434087
India,3,0,53.736975280065835
India,3,0,79.73873751235575
India,3,0,23.054895845963728
India,3,0,0.0
India,3,0,0.0
India,3,0,317.4381805858728
India,3,0,476.6989742586485
India,3,0,0.0
India,3,0,0.0
India,3,0,0.0
India,3,0,45.156393743410156
India,3,0,127.8419976420921
India,3,0,24.91835547261117
India,3,0,60.10740702697686
India,3,0,0.0
India,3,0,355.31408090424173
India,3,0,0.0
India,3,0,43.33627038714987
India,3,0,11.224094030271814
India,3,0,561.2047015135907
India,3,0,0.0
India,3,0,13.00088111614496
India,3,0,0.0
India,3,0,138.67606523887957
India,3,0,-101.10351881322063
India,3,0,0.0
India,3,0,-686.8798856363253
India,3,0,0.0
India,3,0,0.0
India,3,0,298.1535402635911
India,3,0,0.0
India,3,0,739.2734365343895
India,3,0,0.0
India,3,0,0.0
India,3,0,0.0
India,3,0,0.0
India,3,0,0.0
India,3,0,0.0
India,3,0,0.0
India,3,0,0.0
India,3,0,0.0
India,3,0,0.0
India,3,0,0.0
India,3,0,0.0
India,3,0,0.0
India,3,0,0.0
India,3,0,0.0
India,3,0,0.0
India,3,0,0.0
India,3,0,0.0
India,3,0,0.0
India,3,0,0.0
India,3,0,0.0
India,3,0,0.0
India,3,0,0.0
India,3,0,0.0
India,3,0,0.0
India,3,0,0.0
India,3,0,0.0
India,3,0,0.0
India,3,0,0.0
India,3,0,0.0
India,3,0,0.0
India,3,0,0.0
India,3,0,0.0
India,3,0,0.0
India,3,0,0.0
India,3,0,0.0
India,3,0,0.0
India,3,0,0.0
India,3,0,0.0
India,3,0,0.0
India,3,0,0.0
India,3,0,0.0
India,3,0,0.0
India,3,0,0.0
India,3,0,0.0
India,3,0,0.0
India,3,0,0.0
India,3,0,0.0
India,3,0,0.0
India,3,0,0.0
India,3,0,0.0
India,3,0,0.0
India,3,0,0.0
India,3,0,0.0
India,3,0,0.0
India,3,0,0.0
India,3,0,0.0
India,3,0,0.0
India,3,0,0.0
India,3,0,0.0
India,3,0,0.0
India,3,0,0.0
India,3,0,0.0
India,3,0,0.0
India,3,0,0.0
India,3,0,0.0
India,3,0,0.0
India,3,0,0.0
India,3,0,0.0
India,3,1,0.0
India,3,1,216.68135193574932
India,3,1,21.668135193574933
India,3,1,0.0
India,3,1,0.0
India,3,1,0.0
India,3,1,0.0
India,3,1,0.0
India,3,1,26.00176223228992
India,3,1,99.84676697199329
India,3,1,51.786843112644085
India,3,1,8.667254077429973
India,3,1,0.0
India,3,1,0.0
India,3,1,0.0
India,3,1,0.0
India,3,1,0.0
India,3,1,0.0
India,3,1,30.118707919069156
India,3,1,64.2243527137561
India,3,1,0.0
India,3,1,0.0
India,3,1,2.2968223305189426
India,3,1,292.86651527635877
India,3,1,2.513503682454692
India,3,1,0.0
India,3,1,0.0
India,3,1,0.0
India,3,1,0.0
India,3,1,0.0
India,3,1,0.0
India,3,1,432.322633382207
India,3,1,299.71364599752843
India,3,1,192.586385600494
India,3,1,898.3608851256167
India,3,1,0.0
India,3,1,-2231.817924938218
India,3,1,0.0
India,3,1,0.0
India,3,1,0.0
India,3,1,0.0
India,3,1,0.0
India,3,1,0.0
India,3,1,0.0
India,3,1,477.5656996663915
India,3,1,47.66989742586485
India,3,1,260.0176223228992
India,3,1,13.00088111614496
India,3,1,182.01233562602943
India,3,1,17.941215940280042
India,3,1,43.33627038714987
India,3,1,0.0
India,3,1,0.0
India,3,1,0.0
India,3,1,337.1561836120259
India,3,1,0.0
India,3,1,0.0
India,3,1,0.0
India,3,1,0.0
India,3,1,0.0
India,3,1,0.0
India,3,1,0.0
India,3,1,0.0
India,3,1,0.0
India,3,1,0.0
India,3,1,0.0
India,3,1,0.0
India,3,1,0.0
India,3,1,0.0
India,3,1,0.0
India,3,1,0.0
India,3,1,0.0
India,3,1,0.0
India,3,1,0.0
India,3,1,0.0
India,3,1,0.0
India,3,1,0.0
India,3,1,0.0
India,3,1,0.0
India,3,1,0.0
India,3,1,0.0
India,3,1,0.0
India,3,1,43.33627038714987
India,3,1,0.0
India,3,1,0.0
India,3,0,0.0
India,3,0,0.0
India,3,0,0.0
India,3,0,0.0
India,3,0,0.0
India,3,0,0.0
India,3,0,0.0
India,3,0,0.0
India,3,0,0.0
India,3,0,0.0
India,3,0,0.0
India,3,0,0.0
India,3,0,0.0
India,3,0,0.0
India,3,0,0.0
India,3,0,0.0
India,3,0,0.0
India,3,0,0.0
India,3,0,0.0
India,3,0,0.0
India,3,0,0.0
India,3,0,0.0
India,3,0,0.0
India,3,0,0.0
India,3,0,0.0
India,3,0,296.42008944810505
India,3,0,0.0
India,3,0,0.0
India,3,0,221.0149789744643
India,3,0,0.0
India,3,0,325.022027903624
India,3,0,0.0
India,3,0,45.50308390650736
India,3,0,130.0088111614496
India,3,0,288.6195607784181
India,3,0,14.084287875823705
India,3,0,57.46389453336072
India,3,0,87.36592110049412
India,3,0,76.70519858525526
India,3,0,0.0
India,3,0,281.9024388684099
India,3,0,130.0088111614496
India,3,1,38.56928064456338
India,3,1,0.0
India,3,1,0.0
India,3,1,0.0
India,3,1,0.0
India,3,1,58.33061994110372
India,3,1,106.39054380045292
India,3,1,152.06697278850888
India,3,1,12.350837060337712
India,3,1,64.35436152491755
India,3,1,0.0
India,3,1,0.0
India,3,1,64.7443879584019
India,3,1,112.8909843585254
India,3,1,299.7569822679156
India,3,1,91.65621186882196
India,3,1,0.0
India,3,1,172.348347329695
India,3,1,71.50484613879728
India,3,1,175.51189506795694
India,3,1,0.0
India,3,1,75.83847317751226
India,3,1,0.0
India,3,1,203.46378946766862
India,3,1,1751.4353676966618
India,3,1,141.70960416598007
India,3,1,178.54543399505744
India,3,1,0.0
India,3,1,0.0
India,3,1,0.0
India,3,1,0.0
India,3,1,0.0
India,3,1,0.0
India,3,1,0.0
India,3,1,0.0
India,3,1,0.0
India,3,1,0.0
India,3,1,0.0
India,3,1,0.0
India,3,1,17234.40137026563
India,3,1,26.26177985461282
India,3,1,70.11808548640848
India,3,1,30.53040248774708
India,3,1,0.0
India,3,1,0.0
India,3,1,42.902907683278364
India,3,1,284.67596017318743
India,3,1,0.0
India,3,1,-318.5215873455515
India,3,1,29.902026567133404
India,3,1,0.0
India,3,1,0.0
India,3,1,0.0
India,3,1,0.0
India,3,1,0.0
India,3,1,0.0
India,3,1,0.0
India,3,1,0.0
India,3,1,0.0
India,3,1,0.0
India,3,1,0.0
India,3,1,0.0
India,3,1,0.0
India,3,1,0.0
India,3,1,0.0
India,3,1,0.0
India,3,1,0.0
India,3,1,0.0
India,3,1,0.0
India,3,1,0.0
India,3,1,0.0
India,3,1,0.0
India,3,1,0.0
India,3,1,0.0
India,3,1,0.0
India,3,1,0.0
India,3,1,0.0
India,3,1,0.0
India,3,1,0.0
India,3,1,0.0
India,3,1,0.0
India,3,1,0.0
India,3,1,0.0
India,3,1,0.0
India,3,1,0.0
India,3,1,0.0
India,3,1,0.0
India,3,1,0.0
India,3,1,240.51630064868175
India,3,1,2210.149789744643
India,3,1,0.0
India,3,1,1.5167694635502453
India,3,1,0.0
India,3,1,0.0
India,3,1,0.0
India,3,1,70.42143937911852
India,3,1,0.0
India,3,1,0.0
India,3,1,86.67254077429973
India,3,1,0.0
India,3,1,0.0
India,3,1,0.0
India,3,1,0.0
India,3,1,47.66989742586485
India,3,1,74.10502236202626
India,3,1,0.0
India,3,1,-8.233891373558475
India,3,1,1894.2283786223206
India,3,1,86.67254077429973
India,3,1,0.0
India,3,1,-82.55559508752049
India,3,1,389.80975213241305
India,3,1,0.0
India,3,1,87.10590347817123
India,3,1,29.902026567133404
India,3,1,56.64050539600487
India,3,1,0.0
India,3,1,182.01233562602943
India,3,1,160.3442004324545
India,3,1,130.0088111614496
India,3,1,104.87377433690267
India,3,1,256.5507206919272
India,3,1,194.5798540383029
India,3,1,1568.7729880148252
India,3,1,26.00176223228992
India,3,1,-52.87024987232284
India,3,1,-234.23254144254503
India,3,1,0.0
India,3,1,-1040.0704892915967
India,3,1,58.070602318780814
India,3,1,67.25789164085658
India,3,1,390.0264334843488
India,3,1,0.0
India,3,1,0.0
India,3,1,0.0
India,3,1,0.0
India,3,1,0.0
India,3,1,0.0
India,3,1,0.0
India,3,1,0.0
India,3,1,0.0
India,3,1,0.0
India,3,1,0.0
India,3,1,0.0
India,3,1,0.0
India,3,1,0.0
India,3,1,0.0
India,3,1,0.0
India,3,1,0.0
India,3,1,0.0
India,3,1,0.0
India,3,1,0.0
India,3,1,0.0
India,3,1,0.0
India,3,1,0.0
India,3,1,0.0
India,3,1,0.0
India,3,1,0.0
India,3,1,0.0
India,3,1,0.0
India,3,1,0.0
India,3,1,0.0
India,3,1,0.0
India,3,1,0.0
India,3,1,0.0
India,3,1,0.0
India,3,1,43.33627038714987
India,3,1,0.0
India,3,1,0.0
India,3,1,0.0
India,3,1,0.0
India,3,1,0.0
India,3,1,0.0
India,3,1,0.0
India,3,1,0.0
India,3,1,0.0
India,3,1,0.0
India,3,1,0.0
India,3,1,0.0
India,3,1,0.0
India,3,1,0.0
India,3,1,0.0
India,3,1,0.0
India,3,1,0.0
India,3,1,0.0
India,3,1,0.0
India,3,1,0.0
India,3,1,0.0
India,3,1,0.0
India,3,1,0.0
India,3,1,0.0
India,3,1,0.0
India,3,1,0.0
India,3,1,0.0
India,3,1,0.0
India,3,1,0.0
India,3,0,0.0
India,3,1,0.0
India,3,1,0.0
India,3,1,0.0
India,3,1,0.0
India,3,1,0.0
India,3,1,0.0
India,3,1,0.0
India,3,1,0.0
India,3,1,0.0
India,3,1,0.0
India,3,1,0.0
India,3,1,0.0
India,3,1,0.0
India,3,1,0.0
India,3,1,0.0
India,3,1,0.0
India,3,1,27.518531695840164
India,3,1,216.68135193574932
India,3,1,325.23870925555974
India,3,1,0.0
India,3,1,260.0176223228992
India,3,1,4.420299579489286
India,3,1,13.00088111614496
India,3,1,121.68824724711682
India,3,1,0.0
India,3,1,355.5740985265646
India,3,1,5.763723961490932
India,3,1,0.0
India,3,1,0.0
India,3,1,0.0
India,3,1,0.0
India,3,1,0.0
India,3,1,2.3834948712932427
India,3,1,195.0132167421744
India,3,1,0.0
India,3,1,-190.3328995403622
India,3,1,81.47218832784175
India,3,1,169.22813586182022
India,3,1,141.27624146210854
India,3,1,0.0
India,3,1,208.01409785831936
India,3,0,8.667254077429973
India,3,1,24.224975146416774
India,3,1,0.0
India,3,1,0.0
India,3,1,-805.1012312524701
India,3,1,0.0
India,3,1,38.00590912953043
India,3,1,34.45233495778414
India,3,1,158.74075842812996
India,3,1,43.76963309102136
India,3,1,0.0
India,3,1,0.0
India,3,1,0.0
India,3,1,0.0
India,3,1,0.0
India,3,1,0.0
India,3,1,0.0
India,3,0,0.0
India,3,1,0.0
India,3,1,0.0
India,3,1,0.0
India,3,1,0.0
India,3,1,0.0
India,3,1,0.0
India,3,1,0.0
India,3,1,0.0
India,3,1,0.0
India,3,1,0.0
India,3,1,0.0
India,3,1,0.0
India,3,1,0.0
India,3,1,0.0
India,3,1,0.0
India,3,1,147.34331931630953
India,3,1,-103.40034114373958
India,3,1,0.0
India,3,1,0.0
India,3,1,0.0
India,3,1,23.401586009060928
India,3,1,13.00088111614496
India,3,1,0.0
India,3,1,0.0
India,3,1,0.0
India,3,1,21.668135193574933
India,3,1,86.84588585584832
India,3,1,-531.3026749464574
India,3,0,0.0
India,3,1,0.0
India,3,1,0.0
India,3,1,0.0
India,3,1,0.0
India,3,1,0.0
India,3,1,0.0
India,3,1,51.22347159761114
India,3,1,0.0
India,3,1,0.0
India,3,0,101.14685508360778
India,3,1,0.0
India,3,1,0.0
India,3,1,0.0
India,3,1,0.0
India,3,1,0.0
India,3,1,0.0
India,3,1,0.0
India,3,1,0.0
India,3,1,0.0
India,3,1,0.0
India,3,1,0.0
India,3,1,0.0
India,3,1,0.0
India,3,1,0.0
India,3,1,0.0
India,3,1,0.0
India,3,1,65.0044055807248
India,3,1,109.0773925644562
India,3,1,773.1190637067535
India,3,1,0.0
India,3,1,-11.267430300658965
India,3,1,157.96070556116126
India,3,0,0.0
India,3,0,4.723653472199335
India,3,0,606.707785420098
India,3,0,0.0
India,3,1,78.87201210461275
India,3,1,9.057280510914321
India,3,1,0.0
India,3,1,0.0
India,3,1,0.0
India,3,1,0.0
India,3,1,0.0
India,3,1,0.0
India,3,1,0.0
India,3,1,0.0
India,3,1,29.035301159390407
India,3,1,0.0
India,3,1,0.0
India,3,1,0.0
India,3,1,0.0
India,3,1,0.0
India,3,1,0.0
India,3,1,0.0
India,3,1,0.0
India,3,1,0.0
India,3,1,0.0
India,3,1,0.0
India,3,1,0.0
India,3,1,0.0
India,3,1,0.0
India,3,1,44.07298698373141
India,3,1,0.0
India,3,1,13.00088111614496
India,3,1,212.99776895284157
India,3,1,21.668135193574933
India,3,1,217.9814400473638
India,3,1,335.8127592300243
India,3,1,69.72805905292414
India,3,1,11.830801815691913
India,3,1,261.75107313838515
India,3,1,43.33627038714987
India,3,1,-78.61199448228986
India,3,1,134.12575684822883
India,3,1,0.0
India,3,1,16.03442004324545
India,3,1,26.045098502677067
India,3,1,0.0
India,3,1,0.0
India,3,1,0.0
India,3,1,0.0
India,3,1,0.0
India,3,1,0.0
India,3,1,317.221499233937
India,3,1,635.0930425236812
India,3,1,-207.58073515444784
India,3,1,0.0
India,3,1,0.0
India,3,1,0.0
India,3,1,0.0
India,3,1,0.0
India,3,1,0.0
India,3,1,0.0
India,3,1,1085.48690065733
India,3,1,0.0
India,3,1,0.0
India,3,1,125.6751841227346
India,3,1,255.6839952841842
India,3,1,0.0
India,3,1,433.36270387149864
India,3,1,-65.0044055807248
India,3,1,0.0
India,3,1,-0.21668135193574933
India,3,1,0.0
India,3,1,-39.00264334843488
India,3,1,0.0
India,3,1,-450.69721202635856
India,3,1,-26.00176223228992
India,3,1,-21.668135193574933
India,3,1,0.0
India,3,1,0.0
India,3,1,-86.67254077429973
India,3,1,1.2134155708401961
India,3,1,24.701674120675424
India,3,1,-585.0396502265231
India,3,1,0.0
India,3,1,0.0
India,3,1,-15.167694635502452
India,3,1,-558.5611890199746
India,3,1,-86.23917807042822
India,3,1,0.0
India,3,1,0.0
India,3,1,0.0
India,3,1,0.0
India,3,1,0.0
India,3,1,0.0
India,3,1,0.0
India,3,1,0.0
India,3,1,0.0
India,3,1,0.0
India,3,1,0.0
India,3,1,0.0
India,3,1,0.0
India,3,1,0.0
India,3,1,0.0
India,3,1,0.0
India,3,0,0.0
India,3,1,0.0
India,3,1,0.0
India,3,1,0.0
India,3,1,0.0
India,3,1,0.0
India,3,1,0.0
India,3,1,0.0
India,3,1,-278.43553723743787
India,3,1,0.0
India,3,1,-73.23829695428327
India,3,1,0.0
India,3,1,-8.450572725494224
India,3,1,-216.68135193574932
India,3,1,-177.0286645315072
India,3,1,-4.246954497940687
India,3,1,-130.0088111614496
India,3,1,-49.83671094522234
India,3,1,-237.48276172158126
India,3,1,0.0
India,3,1,0.0
India,3,1,0.0
India,3,1,0.0
India,3,1,0.0
India,3,1,0.0
India,3,1,0.0
India,3,1,0.0
India,3,1,0.0
India,3,1,0.0
India,3,1,0.0
India,3,1,0.0
India,3,1,0.0
India,3,1,0.0
India,3,1,0.0
India,3,1,0.0
India,3,1,0.0
India,3,1,0.0
India,3,1,0.0
India,3,1,0.0
India,3,1,0.0
India,3,1,0.0
India,3,1,0.0
India,3,1,0.0
India,3,1,0.0
India,3,1,0.0
India,3,1,0.0
India,3,1,0.0
India,3,1,0.0
India,3,1,0.0
India,3,1,0.0
India,3,1,0.0
India,3,1,0.0
India,3,1,0.0
India,3,1,0.0
India,3,1,0.0
India,3,1,0.0
India,3,1,0.0
India,3,1,0.0
India,3,1,0.0
India,3,1,0.0
India,3,1,0.0
India,3,1,0.0
India,3,0,135.64252631177908
India,3,0,0.0
India,3,0,76.61852604448096
India,3,0,0.0
India,3,0,0.0
India,3,1,0.0
India,3,0,0.0
India,3,1,0.0
India,3,0,0.0
India,3,0,0.0
India,3,0,0.0
India,3,0,0.0
India,3,0,0.0
India,3,0,27.951894399711662
India,3,0,-18.027888481054344
India,3,0,0.0
India,3,0,0.0
India,3,0,47.66989742586485
India,3,0,0.0
India,3,0,0.0
India,3,0,0.0
India,3,0,0.0
India,3,0,0.0
India,3,0,0.0
India,3,0,0.0
India,3,0,0.0
India,3,0,0.0
India,3,0,0.0
India,3,0,0.0
India,3,1,0.0
India,3,0,-627.50919520593
India,3,0,0.0
India,3,0,41.16945686779237
India,3,0,0.0
India,3,0,0.0
India,3,0,0.0
India,3,0,0.0
India,3,0,0.0
India,3,0,0.0
India,3,0,0.0
India,3,0,0.0
India,3,0,0.0
India,3,0,81.75387408535822
India,3,0,0.0
India,3,0,0.0
India,3,0,0.0
India,3,0,0.0
India,3,1,-12.307500789950561
India,3,0,0.0
India,3,0,0.0
India,3,0,0.0
India,3,0,0.0
India,3,0,0.0
India,3,0,0.0
India,3,0,0.0
India,3,0,0.0
India,3,0,0.0
India,3,0,0.0
India,3,0,0.0
India,3,0,0.0
India,3,0,0.0
India,3,0,0.0
India,3,0,0.0
India,3,0,11.267430300658965
India,3,0,175.07853236408545
India,3,0,0.0
India,3,0,40.82276670469517
India,3,0,154.710485282125
India,3,0,0.0
India,3,0,5.4603700687808825
India,3,0,0.0
India,3,0,0.0
India,3,0,0.0
India,3,0,0.0
India,3,0,0.0
India,3,0,81.49385646303531
India,3,0,80.9088168128088
India,3,0,0.0
India,3,0,0.0
India,3,0,-26.00176223228992
India,3,0,0.0
India,3,0,0.0
India,3,0,0.0
India,3,0,-3.0335389271004907
India,3,0,0.0
India,3,0,13.21756246808071
India,3,0,0.0
India,3,0,-255.03395122837694
India,3,0,0.0
India,3,0,-61.01746870510701
India,3,0,338.8896344275119
India,3,1,0.0
India,3,1,-2.1668135193574933
India,3,1,0.0
India,3,1,0.0
India,3,1,0.0
India,3,1,0.0
India,3,1,0.0
India,3,0,0.0
India,3,0,0.0
India,3,0,0.0
India,3,0,0.0
India,3,0,0.0
India,3,1,0.0
India,3,1,2.600176223228992
India,3,1,0.0
India,3,1,15.167694635502452
India,3,1,240.51630064868175
India,3,1,175.07853236408545
India,3,1,91.00616781301471
India,3,1,1.7334508154859947
India,3,1,-9.96734218904447
India,3,1,21.668135193574933
India,3,1,-354.4906917668859
India,3,1,8.667254077429973
India,3,1,195.0132167421744
India,3,1,0.0
India,3,1,247.01674120675423
India,3,1,52.22020581651559
India,3,1,154.19045003747922
India,3,1,247.01674120675423
India,3,1,0.0
India,3,1,86.67254077429973
India,3,1,13.00088111614496
India,3,1,0.0
India,3,1,28.60193845551891
India,3,1,0.0
India,3,1,-161.77429735523043
India,3,1,75.27510166247932
India,3,1,0.0
India,3,1,0.0
India,3,1,0.0
India,3,1,358.3909561017294
India,3,1,0.0
India,3,1,455.89756447281655
India,3,1,-435.52951739085614
India,3,1,0.0
India,3,1,0.0
India,3,1,75.83847317751226
India,3,1,0.0
India,3,1,0.0
India,3,1,0.0
India,3,1,0.0
India,3,1,0.0
India,3,1,0.0
India,3,1,0.0
India,3,1,0.0
India,3,1,0.0
India,3,1,0.0
India,3,1,0.0
India,3,1,0.0
India,3,1,0.0
India,3,1,0.0
India,3,1,0.0
India,3,1,0.0
India,3,1,0.0
India,3,1,0.0
India,3,1,0.0
India,3,1,0.0
India,3,1,0.0
India,3,1,0.0
India,3,1,0.0
India,3,1,0.0
India,3,1,0.0
India,3,1,0.0
India,3,1,0.0
India,3,1,0.0
India,3,1,0.0
India,3,1,0.0
India,3,1,0.0
India,3,1,0.0
India,3,1,0.0
India,3,1,0.0
India,3,1,0.0
India,3,1,236.61603631383826
India,3,1,0.0
India,3,1,0.0
India,3,1,0.0
India,3,1,0.0
India,3,1,0.0
India,3,1,0.0
India,3,1,0.0
India,3,1,0.0
India,3,1,0.0
India,3,1,0.0
India,3,1,0.0
India,3,1,0.0
India,3,1,23.401586009060928
India,3,1,0.0
India,3,1,0.0
India,3,1,0.0
India,3,1,0.0
India,3,1,0.0
India,3,1,0.0
India,3,0,0.0
India,3,0,0.0
India,3,0,0.0
India,3,0,20.086361324443963
India,3,0,0.0
India,3,0,0.0
India,3,0,0.0
India,3,0,0.0
India,3,0,0.0
India,3,0,0.0
India,3,0,0.0
India,3,0,0.0
India,3,1,-474.532160739291
India,3,1,0.0
India,3,1,0.0
India,3,1,0.0
India,3,1,0.0
India,3,1,0.0
India,3,1,0.0
India,3,0,0.0
India,3,1,0.0
India,3,1,0.0
India,3,1,0.0
India,3,1,0.0
India,3,1,0.0
India,3,1,130.44217386532108
India,3,1,0.0
India,3,1,0.0
India,3,1,0.0
India,3,1,0.0
India,3,1,0.0
India,3,1,216.68135193574932
India,3,1,0.0
India,3,1,0.0
India,3,1,0.0
India,3,1,0.0
India,3,1,-34.018972253912644
India,3,1,0.0
India,3,0,0.0
India,3,0,0.0
India,3,0,0.0
India,3,0,0.0
India,3,1,0.0
India,3,1,205.84728433896186
India,3,1,0.0
India,3,1,0.0
India,3,1,0.0
India,3,1,0.0
India,3,1,0.0
India,3,1,0.0
India,3,1,0.0
India,3,1,0.0
India,3,1,0.0
India,3,1,63.05427341330305
India,3,1,0.0
India,3,1,0.0
India,3,1,0.0
India,3,1,0.0
India,3,1,0.0
India,3,1,0.0
India,3,1,0.0
India,3,1,200.21356918863236
India,3,1,0.0
India,3,1,0.0
India,3,0,0.0
India,3,0,131.69892570654844
India,3,0,130.0088111614496
India,3,1,0.0
India,3,1,0.0
India,3,0,0.0
India,3,0,0.0
India,3,0,0.0
India,3,0,0.0
India,3,0,0.0
India,3,0,0.0
India,3,0,0.0
India,3,0,0.0
India,3,0,0.0
India,3,0,0.0
India,3,0,0.0
India,3,1,0.0
India,3,1,0.0
India,3,1,286.8861099629321
India,3,1,0.0
India,3,1,0.0
India,3,1,132.1756246808071
India,3,1,0.0
India,3,1,0.0
India,3,1,0.0
India,3,1,0.0
India,3,1,345.3900749855844
India,3,1,49.79337467483519
India,3,0,0.0
India,3,0,0.0
India,3,0,0.0
India,3,0,0.0
India,3,0,0.0
India,3,0,0.0
India,3,0,0.0
India,3,0,0.0
India,3,0,162.511013951812
India,3,0,0.0
India,3,0,136.07588901565057
India,3,0,0.0
India,3,0,0.0
India,3,0,0.0
India,3,0,0.0
India,3,0,0.0
India,3,0,0.0
India,3,0,0.0
India,3,0,1380.2602118307232
India,3,0,0.0
India,3,0,0.0
India,3,0,0.0
India,3,1,0.0
India,3,1,0.0
India,3,1,260.0176223228992
India,3,1,0.0
India,3,1,0.0
India,3,1,7.150484613879727
India,3,1,0.0
India,3,0,210.18091137767684
India,3,0,305.08734352553506
India,3,0,0.0
India,3,0,0.0
India,3,0,0.0
India,3,0,0.0
India,3,1,0.0
India,3,1,0.0
India,3,1,0.0
India,3,1,260.0176223228992
India,3,1,0.0
India,3,1,0.0
India,3,1,0.0
India,3,1,0.0
India,3,1,0.0
India,3,1,0.0
India,3,1,0.0
India,3,1,485.36622833607845
India,3,0,0.0
India,3,0,0.0
India,3,1,0.0
India,3,1,0.0
India,3,1,0.0
India,3,1,0.0
India,3,0,-2847.8430084915535
India,3,0,0.0
India,3,1,0.0
India,3,1,0.0
India,3,1,0.0
India,3,1,0.0
India,3,1,0.0
India,3,1,0.0
India,3,1,0.0
India,3,1,0.0
India,3,1,181.27561902944788
India,3,1,0.0
India,3,1,811.2549816474454
India,3,1,0.0
India,3,0,0.0
India,3,0,0.0
India,3,0,0.0
India,3,0,0.0
India,3,0,0.0
India,3,0,0.0
India,3,0,0.0
India,3,0,0.0
India,3,0,0.0
India,3,0,0.0
India,3,0,0.0
India,3,0,0.0
India,3,0,0.0
India,3,0,0.0
India,3,0,0.0
India,3,0,0.0
India,3,0,0.0
India,3,0,0.0
India,3,0,0.0
India,3,0,0.0
India,3,0,0.0
India,3,0,0.0
India,3,0,0.0
India,3,0,0.0
India,3,0,0.0
India,3,0,0.0
India,3,0,173.34508154859947
India,3,0,253.51718176482672
India,3,0,0.0
India,3,0,0.0
India,3,0,835.0899303603778
India,3,0,0.0
India,3,0,60.670778542009806
India,3,0,0.0
India,3,0,-286.0193845551891
India,3,0,-81.03882562397024
India,3,0,216.68135193574932
India,3,0,61.537503949752804
India,3,0,0.0
India,3,0,0.0
India,3,0,202.5970640599256
India,3,0,0.0
India,3,0,0.0
India,3,0,176.81198317957146
India,3,0,0.0
India,3,0,0.0
India,3,0,0.0
India,3,0,0.0
India,3,0,0.0
India,3,0,0.0
India,3,0,0.0
India,3,0,0.0
India,3,0,0.0
India,3,0,0.0
India,3,0,0.0
India,3,0,0.0
India,3,0,0.0
India,3,0,0.0
India,3,0,0.0
India,3,0,0.0
India,3,0,0.0
India,3,0,0.0
India,3,0,0.0
India,3,0,0.0
India,3,0,0.0
India,3,0,0.0
India,3,0,0.0
India,3,0,0.0
India,3,0,0.0
India,3,0,238.34948712932425
India,3,0,0.0
India,3,0,0.0
India,3,0,505.9942930403618
India,3,0,0.0
India,3,0,-0.21668135193574933
India,3,0,0.0
India,3,0,0.0
India,3,0,0.0
India,3,0,0.0
India,3,0,0.0
India,3,0,0.0
India,3,0,0.0
India,3,0,0.0
India,3,0,0.0
India,3,0,0.0
India,3,0,0.0
India,3,0,0.0
India,3,0,0.0
India,3,0,0.0
India,3,0,0.0
India,3,0,0.0
India,3,0,273.45186614291566
India,3,0,0.0
India,3,0,0.0
India,3,0,421.6619108669682
India,3,0,0.0
India,3,0,0.0
India,3,0,0.0
India,3,0,0.0
India,3,0,112.0242589507824
India,3,0,-8.970607970140021
India,3,0,0.0
India,3,0,55.297081014003226
India,3,0,-9.100616781301472
India,3,0,-4.636980931425035
India,3,0,0.0
India,3,0,-45.93644661037886
India,3,0,0.0
India,3,0,0.0
India,3,0,304.22061811779207
India,3,0,0.0
India,3,0,0.0
India,3,0,67.38790045201804
India,3,0,-18.201233562602944
India,3,0,110.50748948723215
India,3,0,0.0
India,3,0,0.0
India,3,0,33.802290901976896
India,3,0,23.834948712932427
India,3,0,0.0
India,3,0,0.0
India,3,0,1174.4129274917614
India,3,0,36.83582982907738
India,3,0,0.0
India,3,0,0.0
India,3,0,0.0
India,3,0,0.0
India,3,0,0.0
India,3,0,0.0
India,3,0,0.0
India,3,0,0.0
India,3,0,0.0
India,3,0,0.0
India,3,0,0.0
India,3,0,0.0
India,3,0,0.0
India,3,0,0.0
India,3,0,0.0
India,3,0,0.0
India,3,0,0.0
India,3,0,0.0
India,3,0,0.0
India,3,0,0.0
India,3,0,0.0
India,3,0,0.0
India,3,0,0.0
India,3,0,0.0
India,3,0,0.0
India,3,0,0.0
India,3,0,0.0
India,3,0,143.52972752224034
India,3,0,170.05152499917605
India,3,0,0.0
India,3,0,43.76963309102136
India,3,0,0.0
India,3,0,0.0
India,3,0,0.0
India,3,0,25.265045635708372
India,3,0,139.8461445393326
India,3,0,0.0
India,3,0,0.0
India,3,0,0.0
India,3,0,0.0
India,3,0,96.3798653410213
India,3,0,0.0
India,3,0,0.0
India,3,0,0.0
India,3,0,0.0
India,3,0,0.0
India,3,0,0.0
India,3,0,0.0
India,3,0,0.0
India,3,0,0.0
India,3,0,0.0
India,3,0,0.0
India,3,0,0.0
India,3,0,0.0
India,3,0,0.0
India,3,0,0.0
India,3,0,0.0
India,3,0,0.0
India,3,0,0.0
India,3,0,515.9182989590191
India,3,0,0.0
India,3,0,-326.5387973671742
India,3,0,0.0
India,3,0,346.69016309719893
India,3,0,0.0
India,3,0,0.0
India,3,0,0.0
India,3,0,186.3459626647444
India,3,0,0.0
India,3,0,0.0
India,3,0,0.0
India,3,0,0.0
India,3,0,0.0
India,3,0,0.0
India,3,0,0.0
India,3,0,0.0
India,3,0,0.0
India,3,0,0.0
India,3,0,0.0
India,3,0,0.0
India,3,0,0.0
India,3,0,0.0
India,3,0,0.0
India,3,0,0.0
India,3,0,0.0
India,3,0,0.0
India,3,0,0.0
India,3,0,718.298681667009
India,3,0,0.0
India,3,0,0.0
India,3,0,270.41832721581517
India,3,0,0.0
India,3,0,0.0
India,3,0,0.0
India,3,0,0.0
India,3,0,0.0
India,3,0,0.0
India,3,0,0.0
India,3,0,0.0
India,3,0,0.0
India,3,0,0.0
India,3,0,0.0
India,3,0,0.0
India,3,0,0.0
India,3,0,0.0
India,3,0,-394.36006052306374
India,3,0,0.0
India,3,0,15.167694635502452
India,3,0,43.33627038714987
India,3,0,124.54844109266871
India,3,0,26.00176223228992
India,3,0,732.8163322467042
India,3,0,-101.40687270593068
India,3,0,-13.00088111614496
India,3,0,0.0
India,3,0,-163.59442071149073
India,3,0,-782.6530431919265
India,3,0,-18.201233562602944
India,3,0,0.0
India,3,0,-1519.3696397734743
India,3,0,-528.7024987232284
India,3,0,-156.01057339373952
India,3,0,0.0
India,3,0,346.69016309719893
India,3,0,0.0
India,3,0,-416.98159366515597
India,3,0,0.0
India,3,0,0.0
India,3,0,0.0
India,3,0,0.0
India,3,0,0.0
India,3,0,0.0
India,3,0,0.0
India,3,0,0.0
India,3,0,0.0
India,3,0,0.0
India,3,0,0.0
India,3,0,0.0
India,3,0,0.0
India,3,0,0.0
India,3,0,0.0
India,3,0,0.0
India,3,0,0.0
India,3,0,0.0
India,3,0,0.0
India,3,0,0.0
India,3,0,0.0
India,3,0,0.0
India,3,0,0.0
India,3,0,0.0
India,3,0,0.0
India,3,0,0.0
India,3,0,0.0
India,3,0,0.0
India,3,0,0.0
India,3,0,0.0
India,3,0,0.0
India,3,0,0.0
India,3,0,0.0
India,3,0,0.0
India,3,0,0.0
India,3,0,0.0
India,3,0,0.0
India,3,1,13.21756246808071
India,3,1,130.0088111614496
India,3,1,0.0
India,3,1,34.66901630971989
India,3,1,39.00264334843488
India,3,1,217.11471463962081
India,3,1,294.68663863261906
India,3,1,0.0
India,3,1,21.798144004736383
India,3,1,0.0
India,3,1,0.0
India,3,1,0.0
India,3,1,86.71587704468688
India,3,1,0.0
India,3,1,151.54693754386307
India,3,1,0.0
India,3,1,0.0
India,3,1,280.38566940485964
India,3,1,0.0
India,3,1,-494.03348241350847
India,3,1,0.0
India,3,1,0.0
India,3,1,0.0
India,3,1,0.0
India,3,1,0.0
India,3,1,0.0
India,3,1,0.0
India,3,1,0.0
India,3,1,0.0
India,3,1,0.0
India,3,1,0.0
India,3,1,0.0
India,3,1,0.0
India,3,1,0.0
India,3,1,0.0
India,3,1,0.0
India,3,1,0.0
India,3,1,216.68135193574932
India,3,1,139.10942794275107
India,3,1,0.0
India,3,1,-27.301850343904416
India,3,1,147.34331931630953
India,3,1,6.197086665362431
India,3,1,0.0
India,3,1,0.0
India,3,1,0.0
India,3,1,0.0
India,3,1,0.0
India,3,1,0.0
India,3,1,0.0
India,3,1,0.0
India,3,1,0.0
India,3,1,0.0
India,3,1,0.0
India,3,1,0.0
India,3,1,0.0
India,3,1,0.0
India,3,1,0.0
India,3,1,0.0
India,3,1,0.0
India,3,1,0.0
India,3,1,0.0
India,3,1,0.0
India,3,1,0.0
India,3,1,0.0
India,3,1,0.0
India,3,1,289.9196488900326
India,3,1,0.0
India,3,1,0.0
India,3,1,0.0
India,3,1,0.0
India,3,1,11.809133680498338
India,3,1,0.0
India,3,1,0.0
India,3,1,23.09823211635088
India,3,1,259.1508969151562
India,3,1,172.348347329695
India,3,1,-108.25400342710036
India,3,1,219.93157221478555
India,3,1,157.7440242092255
India,3,1,0.0
India,3,1,91.00616781301471
India,3,1,1.8634596266474441
India,3,1,0.0
India,3,1,136.07588901565057
India,3,1,94.86309587747105
India,3,0,0.0
India,3,0,810.1932430229602
India,3,0,0.0
India,3,0,180.27888481054345
India,3,0,0.0
India,3,0,-257.52578677563804
India,3,0,4.333627038714987
India,3,0,0.0
India,3,0,0.0
India,3,0,0.0
India,3,0,0.0
India,3,0,0.0
India,3,0,0.0
India,3,0,0.0
India,3,0,0.0
India,3,0,0.0
India,3,0,0.0
India,3,0,0.0
India,3,0,0.0
India,3,0,0.0
India,3,0,0.0
India,3,0,0.0
India,3,0,0.0
India,3,0,0.0
India,3,0,0.0
India,3,0,0.0
India,3,0,0.0
India,3,0,0.0
India,3,0,0.0
India,3,0,123.50837060337712
India,3,0,0.0
India,3,0,0.0
India,3,0,0.0
India,3,0,28.298584562808863
India,3,0,350.5904274320424
India,3,0,47.106525910831905
India,3,0,0.0
India,3,0,11.094085219110365
India,3,0,69.46804143060123
India,3,0,0.0
India,3,0,21.668135193574933
India,3,0,203.68047081960435
India,3,0,0.0
India,3,0,0.0
India,3,0,0.0
India,3,0,0.0
India,3,0,0.0
India,3,0,0.0
India,3,0,0.0
India,3,0,0.0
India,3,0,0.0
India,3,0,0.0
India,3,0,0.0
India,3,0,0.0
India,3,0,0.0
India,3,0,0.0
India,3,0,0.0
India,3,0,0.0
India,3,0,0.0
India,3,0,0.0
India,3,0,0.0
India,3,0,0.0
India,3,0,0.0
India,3,0,0.0
India,3,0,0.0
India,3,0,0.0
India,3,0,0.0
India,3,0,0.0
India,3,0,0.0
India,3,0,0.0
India,3,0,0.0
India,3,0,0.0
India,3,0,0.0
India,3,0,0.0
India,3,0,0.0
India,3,0,0.0
India,3,0,0.0
India,3,0,0.0
India,3,0,0.0
India,3,0,0.0
India,3,0,0.0
India,3,0,0.0
India,3,0,0.0
India,3,0,0.0
India,3,0,251.3503682454692
India,3,0,127.4086349382206
India,3,0,-26.00176223228992
India,3,0,148.42672607598828
India,3,0,104.00704892915968
India,3,0,281.6857575164741
India,3,0,92.73961862850071
India,3,0,91.00616781301471
India,3,0,455.03083906507356
India,3,0,331.52246846169646
India,3,0,0.0
India,3,0,25.265045635708372
India,3,0,0.0
India,3,0,19.718003026153188
India,3,0,48.36327775205925
India,3,0,39.17598842998348
India,3,0,3.9002643348434876
India,3,0,165.24119898620242
India,3,0,0.0
India,3,0,0.0
India,3,0,0.0
India,3,0,0.0
India,3,0,0.0
India,3,0,13.304235008855008
India,3,0,-467.16499477347554
India,3,0,5.200352446457984
India,3,0,233.58249738673777
India,3,0,117.00793004530463
India,3,0,0.0
India,3,0,0.0
India,3,0,0.0
India,3,0,0.0
India,3,0,0.0
India,3,0,0.0
India,3,0,0.0
India,3,0,0.0
India,3,0,0.0
India,3,0,0.0
India,3,0,0.0
India,3,0,0.0
India,3,0,0.0
India,3,0,0.0
India,3,0,0.0
India,3,0,0.0
India,3,0,0.0
India,3,0,0.0
India,3,0,0.0
India,3,0,0.0
India,3,0,0.0
India,3,0,0.0
India,3,0,0.0
India,3,0,0.0
India,3,0,0.0
India,3,0,0.0
India,3,0,0.0
India,3,0,-21.668135193574933
India,3,0,0.0
India,3,0,0.0
India,3,0,0.0
India,3,0,0.0
India,3,0,0.0
India,3,0,0.0
India,3,0,0.0
India,3,0,0.0
India,3,0,0.0
India,3,0,0.0
India,3,0,0.0
India,3,0,0.0
India,3,0,0.0
India,3,0,0.0
India,3,0,0.0
India,3,0,0.0
India,3,0,0.0
India,3,0,0.0
India,3,0,0.0
India,3,0,0.0
India,3,0,0.0
India,3,0,0.0
India,3,0,0.0
India,3,0,0.0
India,3,0,0.0
India,3,0,0.0
India,3,0,0.0
India,3,0,0.0
India,3,0,0.0
India,3,0,0.0
India,3,0,0.0
India,3,0,0.0
India,3,0,0.0
India,3,0,0.0
India,3,0,0.0
India,3,0,0.0
India,3,0,0.0
India,3,0,0.0
India,3,0,0.0
India,3,0,0.0
India,3,0,0.0
India,3,0,0.0
India,3,0,0.0
India,3,0,0.0
India,3,0,0.0
India,3,0,0.0
India,3,0,0.0
India,3,0,0.0
India,3,0,0.0
India,3,0,0.0
India,3,0,0.0
India,3,0,0.0
India,3,0,0.0
India,3,0,0.0
India,3,0,0.0
India,3,0,0.0
India,3,0,0.0
India,3,0,0.0
India,3,0,0.0
India,3,0,0.0
India,3,0,0.0
India,3,0,-24.961691742998322
India,3,0,-94.21305182166381
India,3,0,-26.00176223228992
India,3,0,0.0
India,3,0,0.0
India,3,0,0.0
India,3,0,0.0
India,3,0,0.0
India,3,0,0.0
India,3,0,0.0
India,3,0,0.0
India,3,0,0.0
India,3,0,0.0
India,3,0,0.0
India,3,0,0.0
India,3,0,0.0
India,3,0,0.0
India,3,0,-231.84904657125176
India,3,0,0.0
India,3,0,50.05339229715809
India,3,0,0.0
India,3,0,-0.8233891373558474
India,3,0,-4.420299579489286
India,3,0,0.0
India,3,0,29.815354026359106
India,3,0,0.0
India,3,0,0.0
India,3,0,0.0
India,3,0,0.0
India,3,0,0.0
India,3,0,-123.37836179221566
India,3,0,0.0
India,3,0,0.0
India,3,0,-2.4701674120675423
India,3,0,0.0
India,3,0,0.0
India,3,0,0.0
India,3,0,0.0
India,3,0,0.0
India,3,0,0.0
India,3,0,0.0
India,3,0,0.0
India,3,0,0.0
India,3,0,0.0
India,3,0,0.0
India,3,0,0.0
India,3,0,0.0
India,3,0,75.36177420325362
India,3,0,-845.0572725494224
India,3,0,563.3715150329482
India,3,0,818.622147613261
India,3,0,158.177386913097
India,3,0,251.3503682454692
India,3,0,279.9523067009881
India,3,0,983.7333377883019
India,3,0,216.68135193574932
India,3,0,562.2881082732695
India,3,0,1.300088111614496
India,3,0,130.0088111614496
India,3,0,6.50044055807248
India,3,0,95.46980366289115
India,3,0,687.9632923960041
India,3,0,130.0088111614496
India,3,0,0.0
India,3,0,60.45409719007406
India,3,0,30.335389271004903
India,3,0,0.0
India,3,0,0.0
India,3,0,0.0
India,3,0,16.03442004324545
India,3,0,0.0
India,3,0,0.0
India,3,0,0.0
India,3,0,0.0
India,3,0,0.0
India,3,0,52.436887168451335
India,3,0,63.66098119872315
India,3,0,108.34067596787466
India,3,0,30.335389271004903
India,3,0,97.24659074876429
India,3,0,303.353892710049
India,3,0,108.34067596787466
India,3,0,64.78772422878905
India,3,0,37.78922777759468
India,3,0,678.2126315588954
India,3,0,4.333627038714987
India,3,0,0.0
India,3,0,78.00528669686976
India,3,0,-131.52558062499983
India,3,0,43.33627038714987
India,3,0,130.0088111614496
India,3,0,168.57809180601296
India,3,0,-1004.3180662221981
India,3,0,49.40334824135085
India,3,0,13.390907549629308
India,3,0,0.0
India,3,0,0.0
India,3,0,0.0
India,3,0,0.0
India,3,0,0.0
India,3,0,0.0
India,3,0,0.0
India,3,0,0.0
India,3,0,0.0
India,3,0,0.0
India,3,0,0.0
India,3,0,0.0
India,3,0,0.0
India,3,0,0.0
India,3,0,0.0
India,3,0,0.0
India,3,0,0.0
India,3,0,0.0
India,3,0,0.0
India,3,0,0.0
India,3,0,0.0
India,3,0,0.0
India,3,0,0.0
India,3,0,0.0
India,3,0,0.0
India,3,0,0.0
India,3,0,0.0
India,3,0,0.0
India,3,0,0.0
India,3,0,0.0
India,3,0,0.0
India,3,0,0.0
India,3,0,0.0
India,3,0,0.0
India,3,0,0.0
India,3,0,0.0
India,3,0,0.0
India,3,0,0.0
India,3,0,0.0
India,3,0,0.0
India,3,0,0.0
India,3,0,0.0
India,3,0,0.0
India,3,0,0.0
India,3,0,0.0
India,3,0,0.0
India,3,0,0.0
India,3,0,0.0
India,3,0,0.0
India,3,0,0.0
India,3,0,0.0
India,3,0,0.0
India,3,0,0.0
India,3,0,0.0
India,3,0,0.0
India,3,0,0.0
India,3,0,0.0
India,3,0,0.0
India,3,0,0.0
India,3,0,0.0
India,3,0,0.0
India,3,0,0.0
India,3,0,0.0
India,3,0,-9.96734218904447
India,3,0,0.0
India,3,0,361.4244950288299
India,3,0,21.668135193574933
India,3,0,0.0
India,3,0,151.6769463550245
India,3,0,290.3530115939041
India,3,0,-3380.2290901976894
India,3,0,-370.7417931620671
India,3,0,0.0
India,3,0,-62.8375920613673
India,3,0,-63.0109371429159
India,3,0,0.0
India,3,0,0.0
India,3,0,149.29345148373127
India,3,0,0.0
India,3,0,170.31154262149897
India,3,0,0.0
India,3,0,-4.333627038714987
India,3,0,100.54014729818769
India,3,0,0.0
India,3,0,487.53304185543595
India,3,0,104.44041163303118
India,3,0,55.643771177100426
India,3,0,0.0
India,3,0,0.0
India,3,0,-93.1729813323722
India,3,0,0.0
India,3,0,0.0
India,3,0,-153.84375987438202
India,3,0,0.0
India,3,0,0.0
India,3,0,-680.3794450782528
India,3,0,0.0
India,3,0,0.0
India,3,0,-15.167694635502452
India,3,0,0.0
India,3,0,310.93774002780026
India,3,0,0.0
India,3,0,0.0
India,3,0,0.0
India,3,0,0.0
India,3,0,0.0
India,3,0,0.0
India,3,0,0.0
India,3,0,0.0
India,3,0,54.17033798393733
India,3,0,0.0
India,3,0,0.0
India,3,0,112.24094030271814
India,3,0,151.6769463550245
India,3,0,138.67606523887957
India,3,0,0.0
India,3,0,0.0
India,3,0,-3116.137858458398
India,3,0,73.06495187273467
India,3,0,0.0
India,3,0,251.82706721972787
India,3,0,92.30625592462921
India,3,0,112.67430300658964
India,3,0,216.68135193574932
India,3,0,249.1835547261117
India,3,0,1211.032075968903
India,3,0,491.86666889415096
India,3,0,0.0
India,3,0,546.9037322858313
India,3,0,259.1508969151562
India,3,0,169.01145450988446
India,3,0,0.0
India,3,0,354.31734668533727
India,3,0,0.0
India,3,0,294.68663863261906
India,3,0,0.0
India,3,0,500.5339229715809
India,3,0,37.269192532948885
India,3,0,0.0
India,3,0,140.84287875823705
India,3,0,0.0
India,3,0,0.0
India,3,0,0.0
India,3,0,0.0
India,3,0,0.0
India,3,0,0.0
India,3,0,0.0
India,3,0,0.0
India,3,0,0.0
India,3,0,0.0
India,3,0,0.0
India,3,0,0.0
India,3,0,0.0
India,3,0,0.0
India,3,0,0.0
India,3,0,0.0
India,3,0,0.0
India,3,0,0.0
India,3,0,0.0
India,3,0,0.0
India,3,0,0.0
India,3,0,0.0
India,3,0,0.0
India,3,0,0.0
India,3,0,0.0
India,3,0,0.0
India,3,0,0.0
India,3,0,0.0
India,3,0,0.0
India,3,0,0.0
India,3,0,0.0
India,3,0,0.0
India,3,0,0.0
India,3,0,0.0
India,3,0,0.0
India,3,0,78.00528669686976
India,3,0,0.0
India,3,0,0.0
India,3,0,0.0
India,3,0,0.0
India,3,0,0.0
India,3,0,0.0
India,3,0,0.0
India,3,0,0.0
India,3,0,0.0
India,3,0,0.0
India,3,0,0.0
India,3,0,0.0
India,3,0,0.0
India,3,0,0.0
India,3,0,0.0
India,3,0,0.0
India,3,0,0.0
India,3,0,0.0
India,3,0,0.0
India,3,0,0.0
India,3,0,0.0
India,3,0,0.0
India,3,0,0.0
India,3,0,0.0
India,3,0,0.0
India,3,0,0.0
India,3,0,0.0
India,3,0,0.0
India,3,0,0.0
India,3,0,0.0
India,3,0,0.0
India,3,0,0.0
India,3,0,101.40687270593068
India,3,0,193.71312863055988
India,3,0,302.48716730230603
India,3,0,0.0
India,3,0,652.2108693266055
India,3,0,20.584728433896185
India,3,0,0.0
India,3,0,0.0
India,3,0,0.0
India,3,0,0.0
India,3,0,0.0
India,3,0,0.0
India,3,0,0.0
India,3,0,0.0
India,3,0,0.0
India,3,0,0.0
India,3,0,329.35565494233896
India,3,0,0.0
India,3,0,0.0
India,3,0,0.0
India,3,0,0.0
India,3,0,0.0
India,3,0,0.0
India,3,0,0.0
India,3,0,0.0
India,3,0,0.0
India,3,0,0.0
India,3,0,0.0
India,3,1,0.0
India,3,1,0.0
India,3,1,0.0
India,3,1,0.0
India,3,1,519.8618995642497
India,3,1,0.0
India,3,1,86.58586823352543
India,3,1,71.50484613879728
India,3,1,0.0
India,3,1,-218.84816545510682
India,3,1,0.0
India,3,1,0.0
India,3,1,18.201233562602944
India,3,1,184.65584811964558
India,3,1,0.0
India,3,1,242.85645924958783
India,3,1,152.97703446663903
India,3,1,-11.267430300658965
India,3,1,145.2198420673392
India,3,1,97.5066083710872
India,3,1,0.0
India,3,1,188.72945753603767
India,3,1,0.0
India,3,1,282.9858456280886
India,3,1,214.51453841639182
India,3,1,13.00088111614496
India,3,1,87.10590347817123
India,3,1,6.543776828459629
India,3,1,152.54367176276753
India,3,1,27.02016458638794
India,3,1,-433.36270387149864
India,3,1,-125.6751841227346
India,3,1,0.0
India,3,1,0.0
India,3,1,0.0
India,3,1,0.0
India,3,1,0.0
India,3,1,0.0
India,3,1,0.0
India,3,1,0.0
India,3,1,0.0
India,3,1,0.0
India,3,1,0.0
India,3,1,0.0
India,3,1,0.0
India,3,1,0.0
India,3,1,0.0
India,3,1,0.0
India,3,1,0.0
India,3,1,0.0
India,3,1,0.0
India,3,1,0.0
India,3,1,0.0
India,3,1,0.0
India,3,1,0.0
India,3,1,0.0
India,3,1,0.0
India,3,1,0.0
India,3,1,0.0
India,3,1,0.0
India,3,1,0.0
India,3,1,0.0
India,3,1,0.0
India,3,1,0.0
India,3,1,0.0
India,3,1,0.0
India,3,1,0.0
India,3,1,0.0
India,3,1,0.0
India,3,1,0.0
India,3,1,0.0
India,3,1,0.0
India,3,1,0.0
India,3,1,0.0
India,3,1,0.0
India,3,1,0.0
India,3,1,0.0
India,3,1,0.0
India,3,1,0.0
India,3,1,0.0
India,3,1,0.0
India,3,1,0.0
India,3,1,-253.51718176482672
India,3,1,28.86195607784181
India,3,1,123.50837060337712
India,3,1,432.0626157598841
India,3,1,411.6945686779237
India,3,1,679.1660295074126
India,3,1,0.0
India,3,1,0.0
India,3,1,0.0
India,3,1,0.0
India,3,1,0.0
India,3,1,0.0
India,3,1,0.0
India,3,1,0.0
India,3,1,0.0
India,3,1,0.0
India,3,1,0.0
India,3,1,0.0
India,3,1,0.0
India,3,1,0.0
India,3,1,0.0
India,3,1,0.0
India,3,1,0.0
India,3,1,0.0
India,3,1,0.0
India,3,1,0.0
India,3,0,0.0
India,3,0,0.0
India,3,0,0.0
India,3,0,0.0
India,3,0,0.0
India,3,0,0.0
India,3,0,0.0
India,3,0,0.0
India,3,0,0.0
India,3,0,0.0
India,3,0,0.0
India,3,0,0.0
India,3,0,0.0
India,3,0,0.0
India,3,0,0.0
India,3,0,0.0
India,3,0,21.321445030477733
India,3,0,0.0
India,3,0,0.0
India,3,0,0.0
India,3,0,0.0
India,3,0,0.0
India,3,0,531.779373920716
India,3,0,0.0
India,3,0,0.0
India,3,0,0.0
India,3,0,0.0
India,3,0,0.0
India,3,0,0.0
India,3,0,0.0
India,3,0,0.0
India,3,0,0.0
India,3,0,0.0
India,3,0,0.0
India,3,0,0.0
India,3,0,0.0
India,3,0,0.0
India,3,0,0.0
India,3,0,0.0
India,3,0,0.0
India,3,0,0.0
India,3,0,0.0
India,3,0,0.0
India,3,0,0.0
India,3,0,0.0
India,3,0,0.0
India,3,0,0.0
India,3,0,0.0
India,3,0,0.0
India,3,0,0.0
India,3,0,0.0
India,3,0,0.0
India,3,0,0.0
India,3,0,0.0
India,3,0,0.0
India,3,0,0.0
India,3,0,0.0
India,3,0,0.0
India,3,0,0.0
India,3,0,0.0
India,3,0,0.0
India,3,0,0.0
India,3,0,0.0
India,3,0,0.0
India,3,0,0.0
India,3,0,0.0
India,3,0,0.0
India,3,0,0.0
India,3,0,0.0
India,3,0,0.0
India,3,0,0.0
India,3,0,0.0
India,3,0,230.89564862273448
India,3,0,0.0
India,3,0,0.0
India,3,0,-190.6795897034594
India,3,0,0.0
India,3,0,0.0
India,3,0,-2009.0694951482676
India,3,0,0.0
India,3,0,2.7735213047775913
India,3,0,494.03348241350847
India,3,0,6.50044055807248
India,3,0,42.07951854592252
India,3,0,29.468663863261906
India,3,0,52.00352446457984
India,3,0,367.92493558690234
India,3,0,0.0
India,3,0,0.0
India,3,0,433.36270387149864
India,3,0,9.013944240527172
India,3,0,342.6165536808068
India,3,0,86.67254077429973
India,3,0,25.135036824546923
India,3,0,0.0
India,3,0,58.02726604839367
India,3,0,-325.022027903624
India,3,0,41.992846005148216
India,3,0,-199.60686140321226
India,3,1,0.0
India,3,1,-14.214296686985156
India,3,1,120.25815032434087
India,3,1,260.0176223228992
India,3,1,115.43338241461957
India,3,1,192.8464032228169
India,3,1,255.6839952841842
India,3,1,108.34067596787466
India,3,1,153.41039717051052
India,3,1,39.86936875617788
India,3,1,170.39821516227326
India,3,1,151.6769463550245
India,3,1,43.639624279859916
India,3,1,0.0
India,3,1,0.0
India,3,1,0.0
India,3,1,0.0
India,3,1,0.0
India,3,1,122.20828249176262
India,3,1,32.5022027903624
India,3,1,0.0
India,3,1,0.0
India,3,1,144.30978038920904
India,3,1,0.0
India,3,1,30.335389271004903
India,3,1,104.13705774032113
India,3,1,0.0
India,3,1,0.0
India,3,1,315.44471214806384
India,3,1,30.508734352553503
India,3,1,0.0
India,3,1,65.0044055807248
India,3,1,130.0088111614496
India,3,1,0.0
India,3,1,0.0
India,3,1,0.0
India,3,1,0.0
India,3,1,0.0
India,3,1,0.0
India,3,1,0.0
India,3,1,0.0
India,3,1,0.0
India,3,1,0.0
India,3,1,0.0
India,3,1,0.0
India,3,1,0.0
India,3,1,0.0
India,3,1,0.0
India,3,1,0.0
India,3,1,0.0
India,3,1,0.0
India,3,1,0.0
India,3,1,0.0
India,3,1,0.0
India,3,1,-58.02726604839367
India,3,1,257.4174460996702
India,3,1,0.0
India,3,1,0.0
India,3,1,0.0
India,3,1,0.0
India,3,1,0.0
India,3,1,0.0
India,3,1,0.0
India,3,1,0.0
India,3,1,0.0
India,3,1,0.0
India,3,1,0.0
India,3,1,0.0
India,3,1,237.5260979919684
India,3,1,18.092892886635067
India,3,1,0.0
India,3,1,72.76159798002462
India,3,1,8.017210021622725
India,3,1,4.420299579489286
India,3,1,104.00704892915968
India,3,0,184.17914914538693
India,3,1,52.436887168451335
India,3,1,59.28401788962101
India,3,1,222.7484297899503
India,3,1,0.0
India,3,1,273.88522884678713
India,3,1,0.0
India,3,1,0.0
India,3,1,0.0
India,3,1,0.0
India,3,1,0.0
India,3,1,0.0
India,3,1,0.0
India,3,1,0.0
India,3,1,0.0
India,3,1,0.0
India,3,1,0.0
India,3,1,0.0
India,3,1,0.0
India,3,1,0.0
India,3,1,0.0
India,3,1,0.0
India,3,1,0.0
India,3,1,0.0
India,3,1,0.0
India,3,1,0.0
India,3,1,0.0
India,3,1,697.4972718811771
India,3,1,0.0
India,3,1,68.03794450782529
India,3,1,273.2351847909799
India,3,1,-99.67342189044469
India,3,1,231.84904657125176
India,3,1,273.01850343904414
India,3,1,0.0
India,3,1,0.0
India,3,1,0.0
India,3,1,135.64252631177908
India,3,1,9.837333377883018
India,3,1,62.8375920613673
India,3,1,-949.064321478582
India,3,1,0.0
India,3,1,0.0
India,3,1,-283.8525710358316
India,3,1,0.0
India,3,1,0.0
India,3,1,0.0
India,3,1,0.0
India,3,1,0.0
India,3,1,0.0
India,3,1,0.0
India,3,1,0.0
India,3,1,0.0
India,3,1,0.0
India,3,1,0.0
India,3,1,0.0
India,3,1,0.0
India,3,1,0.0
India,3,1,0.0
India,3,1,0.0
India,3,1,0.0
India,3,1,0.0
India,3,1,0.0
India,3,1,0.0
India,3,1,43.33627038714987
India,3,1,0.0
India,3,1,0.0
India,3,1,0.0
India,3,1,0.0
India,3,1,0.0
India,3,1,0.0
India,3,1,0.0
India,3,1,0.0
India,3,1,0.0
India,3,1,0.0
India,3,1,0.0
India,3,1,182.01233562602943
India,3,1,0.0
India,3,1,0.0
India,3,1,0.0
India,3,1,0.0
India,3,1,0.0
India,3,1,0.0
India,3,1,0.0
India,3,1,0.0
India,3,1,0.0
India,3,1,0.0
India,3,1,0.0
India,3,1,0.0
India,3,1,0.0
India,3,1,0.0
India,3,1,0.0
India,3,1,0.0
India,3,1,0.0
India,3,1,0.0
India,3,1,0.0
India,3,1,0.0
India,3,1,0.0
India,3,1,0.0
India,3,1,0.0
India,3,1,0.0
India,3,1,0.0
India,3,1,0.0
India,3,1,0.0
India,3,1,0.0
India,3,1,0.0
India,3,1,0.0
India,3,1,0.0
India,3,1,0.0
India,3,1,0.0
India,3,1,92.06790643749989
India,3,1,268.68487640032913
India,3,1,0.0
India,3,1,0.0
India,3,1,0.0
India,3,1,9.96734218904447
India,3,1,31.8954950049423
India,3,1,234.01586009060927
India,3,1,-17.334508154859947
India,3,1,0.0
India,3,1,26.00176223228992
India,3,1,0.0
India,3,1,461.70462470469465
India,3,1,0.0
India,3,1,361.6411763807656
India,3,1,436.39624279859913
India,3,1,0.0
India,3,1,0.0
India,3,1,135.20916360790758
India,3,1,13.00088111614496
India,3,1,35.44906917668859
India,3,1,0.0
India,3,1,0.0
India,3,1,641.376801729818
India,3,1,637.043174691103
India,3,1,0.0
India,3,1,293.47322306177887
India,3,1,0.0
India,3,1,0.0
India,3,0,15.124358365115302
India,3,0,416.0281957166387
India,3,0,0.0
India,3,0,183.3124237376439
India,3,0,216.68135193574932
India,3,0,0.0
India,3,0,0.0
India,3,0,332.822556573311
India,3,0,20.368047081960437
India,3,0,79.52205616042001
India,3,0,390.0264334843488
India,3,0,53.30361257619433
India,3,0,0.0
India,3,0,247.01674120675423
India,3,0,87.10590347817123
India,3,0,82.33891373558474
India,3,0,54.60370068780883
India,3,0,0.0
India,3,0,20.801409785831936
India,3,0,12.979212980951385
India,3,0,0.0
India,3,0,42.68622633134262
India,3,0,419.06173464373916
India,3,0,0.0
India,3,0,0.0
India,3,0,0.0
India,3,0,0.0
India,3,0,0.0
India,3,0,0.0
India,3,0,0.0
India,3,0,0.0
India,3,0,0.0
India,3,0,0.0
India,3,0,0.0
India,3,0,0.0
India,3,0,0.0
India,3,0,0.0
India,3,0,0.0
India,3,0,0.0
India,3,0,0.0
India,3,0,0.0
India,3,0,0.0
India,3,0,0.0
India,3,0,0.0
India,3,0,0.0
India,3,0,0.0
India,3,0,0.0
India,3,0,0.0
India,3,0,0.0
India,3,0,0.0
India,3,0,0.0
India,3,0,0.0
India,3,0,0.0
India,3,0,0.0
India,3,0,0.0
India,3,0,0.0
India,3,0,0.0
India,3,0,0.0
India,3,0,0.0
India,3,0,0.0
India,3,0,0.0
India,3,0,0.0
India,3,0,0.0
India,3,0,0.0
India,3,0,0.0
India,3,0,0.0
India,3,0,0.0
India,3,0,0.0
India,3,0,0.0
India,3,0,0.0
India,3,0,0.0
India,3,0,0.0
India,3,0,0.0
India,3,0,65.0044055807248
India,3,0,0.0
India,3,0,-90.13944240527172
India,3,0,175.07853236408545
India,3,0,-918.7289322075771
India,3,0,139.8461445393326
India,3,0,83.20563914332774
India,3,0,-6327.09547652388
India,3,0,0.0
India,3,1,0.0
India,3,1,0.0
India,3,1,0.0
India,3,1,0.0
India,3,1,0.0
India,3,1,0.0
India,3,1,0.0
India,3,1,0.0
India,3,1,0.0
India,3,1,0.0
India,3,1,0.0
India,3,1,0.0
India,3,1,0.0
India,3,1,0.0
India,3,1,0.0
India,3,1,0.0
India,3,1,0.0
India,3,1,0.0
India,3,1,0.0
India,3,1,0.0
India,3,1,0.0
India,3,1,0.0
India,3,1,0.0
India,3,1,0.0
India,3,1,0.0
India,3,1,0.0
India,3,1,0.0
India,3,1,0.0
India,3,1,0.0
India,3,1,0.0
India,3,1,0.0
India,3,1,0.0
India,3,1,0.0
India,3,1,0.0
India,3,1,0.0
India,3,1,0.0
India,3,1,0.0
India,3,1,0.0
India,3,1,0.0
India,3,1,953.397948517297
India,3,1,127.8419976420921
India,3,1,0.0
India,3,1,4.116945686779237
India,3,1,0.0
India,3,1,762.7183588138377
India,3,1,-86.67254077429973
India,3,1,0.0
India,3,1,132.26229722158138
India,3,1,0.0
India,3,1,40.34606773043652
India,3,1,1.7334508154859947
India,3,1,108.34067596787466
India,3,1,117.00793004530463
India,3,1,93.1729813323722
India,3,1,71.50484613879728
India,3,1,116.57456734143314
India,3,1,0.0
India,3,1,836.3900184719923
India,3,1,185.82592742009862
India,3,1,88.5143322657536
India,3,1,-21.451453841639182
India,3,1,0.0
India,3,1,60.19407956775116
India,3,1,0.0
India,3,1,287.4928177483522
India,3,1,229.6822330518943
India,3,1,0.0
India,3,0,0.0
India,3,0,0.0
India,3,0,0.0
India,3,0,0.0
India,3,0,0.0
India,3,0,0.0
India,3,0,0.0
India,3,0,0.0
India,3,0,0.0
India,3,0,0.0
India,3,0,0.0
India,3,0,0.0
India,3,0,0.0
India,3,0,0.0
India,3,0,0.0
India,3,0,0.0
India,3,0,0.0
India,3,0,0.0
India,3,0,0.0
India,3,0,0.0
India,3,0,0.0
India,3,0,0.0
India,3,0,0.0
India,3,0,0.0
India,3,0,0.0
India,3,0,0.0
India,3,0,0.0
India,3,0,0.0
India,3,0,103.92037638838538
India,3,0,3.9436006052306376
India,3,0,-125.6751841227346
India,3,0,23.964957524093876
India,3,0,0.0
India,3,0,87.75594753397847
India,3,0,175.42522252718265
India,3,0,190.6795897034594
India,3,0,95.7731575556012
India,3,0,45.50308390650736
India,3,0,346.69016309719893
India,3,0,346.69016309719893
India,3,0,130.87553656919258
India,3,0,117.00793004530463
India,3,0,18.24456983299009
India,3,0,43.33627038714987
India,3,1,0.0
India,3,1,0.0
India,3,1,0.0
India,3,1,0.0
India,3,1,0.0
India,3,1,0.0
India,3,1,0.0
India,3,1,32.9355654942339
India,3,1,0.0
India,3,1,0.0
India,3,1,0.0
India,3,1,0.0
India,3,1,0.0
India,3,1,0.0
India,3,1,0.0
India,3,1,0.0
India,3,1,0.0
India,3,1,0.0
India,3,1,0.0
India,3,1,0.0
India,3,1,0.0
India,3,1,0.0
India,3,1,0.0
India,3,1,0.0
India,3,1,0.0
India,3,1,0.0
India,3,1,0.0
India,3,1,0.0
India,3,1,0.0
India,3,1,0.0
India,3,1,0.0
India,3,1,0.0
India,3,1,0.0
India,3,1,0.0
India,3,1,0.0
India,3,1,0.0
India,3,1,0.0
India,3,1,0.0
India,3,1,0.0
India,3,1,0.0
India,3,1,0.0
India,3,1,0.0
India,3,1,0.0
India,3,1,447.1436378546123
India,3,1,0.0
India,3,1,0.0
India,3,1,52.22020581651559
India,3,1,168.96811823949733
India,3,1,0.0
India,3,1,0.0
India,3,1,0.0
India,3,1,-205.84728433896186
India,3,1,0.0
India,3,1,243.76652092771798
India,3,1,0.0
India,3,1,0.0
India,3,1,0.0
India,3,1,104.00704892915968
India,3,1,86.67254077429973
India,3,1,86.67254077429973
India,3,1,0.0
India,3,1,195.0132167421744
India,3,1,51.96018819419269
India,3,1,100.75682865012344
India,3,1,0.0
India,3,1,0.0
India,3,1,147.34331931630953
India,3,1,7.3671659658154764
India,3,1,170.31154262149897
India,3,1,0.0
India,3,1,0.0
India,3,1,485.36622833607845
India,3,1,0.0
India,3,1,0.0
India,3,1,9.96734218904447
India,3,1,0.0
India,3,1,0.0
India,3,1,121.34155708401961
India,3,1,0.0
India,3,1,0.0
India,3,1,25.65507206919272
India,3,1,0.0
India,3,1,1037.9036757722392
India,3,1,0.0
India,3,0,0.0
India,3,1,0.0
India,3,1,34.97237020242994
India,3,1,0.0
India,3,1,0.0
India,3,1,25.95842596190277
India,3,1,17.334508154859947
India,3,1,0.0
India,3,1,0.0
India,3,1,0.0
India,3,1,0.0
India,3,1,0.0
India,3,1,0.0
India,3,1,0.0
India,3,1,0.0
India,3,1,0.0
India,3,1,0.0
India,3,1,0.0
India,3,1,0.0
India,3,1,0.0
India,3,1,0.0
India,3,1,0.0
India,3,1,0.0
India,3,1,0.0
India,3,1,0.0
India,3,1,0.0
India,3,1,0.0
India,3,1,0.0
India,3,1,0.0
India,3,1,0.0
India,3,1,9.208957457269346
India,3,1,3.25022027903624
India,3,1,0.0
India,3,1,0.0
India,3,1,0.0
India,3,1,-4.333627038714987
India,3,1,-39.00264334843488
India,3,1,0.0
India,3,1,0.0
India,3,1,-69.01301059153616
India,3,1,186.3459626647444
India,3,1,0.0
India,3,1,60.88745989394556
India,3,1,0.0
India,3,1,119.56476999814647
India,3,1,160.3442004324545
India,3,1,213.21445030477733
India,3,1,280.8190321087311
India,3,1,859.7916044810534
India,3,1,222.3150670860788
India,3,1,195.0132167421744
India,3,1,155.1438479859965
India,3,1,154.2771225782535
India,3,1,122.20828249176262
India,3,1,150.20351316186142
India,3,1,0.0
India,3,1,0.0
India,3,1,0.0
India,3,1,0.0
India,3,1,0.0
India,3,1,0.0
India,3,1,0.0
India,3,1,0.0
India,3,1,0.0
India,3,1,0.0
India,3,1,0.0
India,3,1,0.0
India,3,1,0.0
India,3,1,0.0
India,3,1,0.0
India,3,1,0.0
India,3,1,0.0
India,3,1,0.0
India,3,1,0.0
India,3,1,0.0
India,3,1,0.0
India,3,1,0.0
India,3,1,0.0
India,3,1,0.0
India,3,1,0.0
India,3,0,214.51453841639182
India,3,0,0.0
India,3,0,0.0
India,3,0,0.0
India,3,0,0.0
India,3,0,0.0
India,3,0,0.0
India,3,0,45.06972120263586
India,3,0,-2166.813519357493
India,3,0,237.04939901770976
India,3,0,49.230003159802244
India,3,0,0.0
India,3,0,108.34067596787466
India,3,0,58.02726604839367
India,3,0,-15.167694635502452
India,3,0,0.0
India,3,0,130.0088111614496
India,3,0,260.0176223228992
India,3,0,0.0
India,3,0,0.0
India,3,0,0.0
India,3,0,0.0
India,3,0,-8.667254077429973
India,3,0,0.0
India,3,0,0.0
India,3,0,0.0
India,3,0,0.0
India,3,0,0.0
India,3,0,264.78461206548565
India,3,0,0.0
India,3,0,0.0
India,3,0,0.0
India,3,0,0.0
India,3,0,0.0
India,3,0,0.0
India,3,0,0.0
India,3,0,0.0
India,3,0,0.0
India,3,0,0.0
India,3,0,0.0
India,3,0,0.0
India,3,0,0.0
India,3,0,0.0
India,3,0,0.0
India,3,0,0.0
India,3,0,0.0
India,3,0,0.0
India,3,1,0.0
India,3,1,109.20740137561766
India,3,1,741.0502236202627
India,3,1,52.00352446457984
India,3,1,44.89637612108726
India,3,1,0.0
India,3,1,-173.34508154859947
India,3,1,130.0088111614496
India,3,1,99.24005918657319
India,3,1,277.35213047775915
India,3,1,121.34155708401961
India,3,1,84.24570963261934
India,3,1,325.022027903624
India,3,1,351.9771880844312
India,3,1,138.67606523887957
India,3,1,259.2375694559305
India,3,1,251.3503682454692
India,3,1,0.0
India,3,1,0.0
India,3,1,0.0
India,3,1,0.0
India,3,1,0.0
India,3,1,0.0
India,3,1,0.0
India,3,1,0.0
India,3,1,0.0
India,3,1,0.0
India,3,1,0.0
India,3,1,0.0
India,3,1,0.0
India,3,1,0.0
India,3,1,0.0
India,3,1,0.0
India,3,1,515.7016176070833
India,3,1,20.714737245057634
India,3,1,260.0176223228992
India,3,1,260.0176223228992
India,3,1,0.0
India,3,1,1034.8701368451389
India,3,1,426.8622633134262
India,3,1,57.55056707413502
India,3,1,212.34772489703434
India,3,1,0.0
India,3,1,19761.339296540336
India,3,1,0.0
India,3,1,0.0
India,3,1,0.0
India,3,1,0.0
India,3,1,0.0
India,3,1,0.0
India,3,1,0.0
India,3,1,0.0
India,3,1,0.0
India,3,1,0.0
India,3,1,0.0
India,3,1,0.0
India,3,1,0.0
India,3,1,0.0
India,3,1,0.0
India,3,1,0.0
India,3,1,0.0
India,3,1,0.0
India,3,1,0.0
India,3,1,0.0
India,3,1,0.0
India,3,1,0.0
India,3,1,0.0
India,3,1,0.0
India,3,1,0.0
India,3,1,0.0
India,3,1,0.0
India,3,1,0.0
India,3,1,0.0
India,3,1,0.0
India,3,1,0.0
India,3,1,0.0
India,3,1,0.0
India,3,1,0.0
India,3,1,0.0
India,3,1,0.0
India,3,1,0.0
India,3,0,0.0
India,3,0,6.067077854200981
India,3,0,12.134155708401963
India,3,0,131.3088992730641
India,3,0,257.85080880354167
India,3,0,0.0
India,3,0,0.0
India,3,0,0.0
India,3,0,0.0
India,3,0,0.0
India,3,0,0.0
India,3,0,0.0
India,3,0,0.0
India,3,0,0.0
India,3,0,0.0
India,3,0,0.0
India,3,0,0.0
India,3,0,0.0
India,3,0,0.0
India,3,0,0.0
India,3,0,0.0
India,3,0,0.0
India,3,0,162.72769530374774
India,3,0,0.0
India,3,0,0.0
India,3,1,0.0
India,3,1,0.0
India,3,1,0.0
India,3,1,0.0
India,3,1,0.0
India,3,1,0.0
India,3,1,0.0
India,3,1,0.0
India,3,1,0.0
India,3,1,0.0
India,3,1,0.0
India,3,1,0.0
India,3,1,0.0
India,3,1,0.0
India,3,1,0.0
India,3,0,0.0
India,3,1,0.0
India,3,1,0.0
India,3,1,0.0
India,3,1,0.0
India,3,1,0.0
India,3,1,0.0
India,3,1,0.0
India,3,1,54.17033798393733
India,3,1,0.0
India,3,1,426.9922721245876
India,3,1,94.9064321478582
India,3,1,279.1289175636323
India,3,1,0.0
India,3,1,120.25815032434087
India,3,1,122.64164519563411
India,3,1,294.2532759287476
India,3,1,0.0
India,3,1,0.0
India,3,1,0.0
India,3,1,171.17826802924196
India,3,1,0.0
India,3,1,0.0
India,3,1,48.319941481672096
India,3,1,354.70737311882164
India,3,1,587.7698352609136
India,3,1,0.0
India,3,1,0.0
India,3,1,17.334508154859947
India,3,1,221.0149789744643
India,3,1,0.0
India,3,0,0.0
India,3,1,0.0
India,3,0,0.0
India,3,0,0.0
India,3,1,0.0
India,3,0,0.0
India,3,0,0.0
India,3,1,0.0
India,3,1,3807.0913535111154
India,3,1,0.0
India,3,0,0.0
India,3,1,0.0
India,3,0,10.834067596787467
India,3,1,14.23596482217873
India,3,1,0.0
India,3,1,0.0
India,3,1,0.0
India,3,0,0.0
India,3,0,84.07236455107073
India,3,0,970.7324566721569
India,3,0,392.8432910595135
India,3,0,0.0
India,3,0,-43.33627038714987
India,3,0,0.0
India,3,0,247.01674120675423
India,3,0,0.0
India,3,0,0.0
India,3,0,0.0
India,3,0,0.0
India,3,0,351.8905155436569
India,3,0,286.0193845551891
India,3,0,140.84287875823705
India,3,0,13.00088111614496
India,3,0,0.0
India,3,0,163.16105800761923
India,3,0,104.87377433690267
India,3,0,0.0
India,3,0,426.42890060955466
India,3,0,0.0
India,3,0,110.7241708391679
India,3,0,1804.0889362170487
India,3,0,0.0
India,3,0,0.0
India,3,0,0.0
India,3,0,0.0
India,3,0,216.68135193574932
India,3,0,36.83582982907738
India,3,0,0.0
India,3,0,0.0
India,3,0,0.0
India,3,0,0.0
India,3,0,0.0
India,3,0,0.0
India,3,0,0.0
India,3,0,0.0
India,3,0,0.0
India,3,0,0.0
India,3,0,0.0
India,3,0,0.0
India,3,0,0.0
India,3,0,0.0
India,3,0,0.0
India,3,0,0.0
India,3,0,0.0
India,3,0,0.0
India,3,0,0.0
India,3,0,0.0
India,3,0,0.0
India,3,0,0.0
India,3,0,0.0
India,3,0,0.0
India,3,0,0.0
India,3,0,0.0
India,3,0,0.0
India,3,0,0.0
India,3,0,0.0
India,3,0,0.0
India,3,0,0.0
India,3,0,0.0
India,3,0,0.0
India,3,0,0.0
India,3,0,0.0
India,3,0,0.0
India,3,0,0.0
India,3,0,0.0
India,3,0,0.0
India,3,0,0.0
India,3,0,0.0
India,3,0,0.0
India,3,0,0.0
India,3,0,0.0
India,3,0,0.0
India,3,0,0.0
India,3,0,0.0
India,3,0,0.0
India,3,0,0.0
India,3,0,0.0
India,3,0,0.0
India,3,0,0.0
India,3,0,0.0
India,3,0,0.0
India,3,0,0.0
India,3,0,0.0
India,3,0,0.0
India,3,0,0.0
India,3,0,0.0
India,3,0,0.0
India,3,0,0.5633715150329482
India,3,0,0.0
India,3,0,0.0
India,3,0,0.0
India,3,0,43.33627038714987
India,3,0,0.0
India,3,0,0.0
India,3,0,343.43994281816265
India,3,0,146.30324882701794
India,3,0,93.1729813323722
India,3,0,0.0
India,3,0,136.63926053068352
India,3,0,26.00176223228992
India,3,0,17.334508154859947
India,3,0,0.0
India,3,0,110.24747186490926
India,3,0,131.52558062499983
India,3,0,303.78725541392055
India,3,0,0.0
India,3,0,0.0
India,3,0,260.0176223228992
India,3,0,0.0
India,3,0,0.0
India,3,0,0.0
India,3,0,0.0
India,3,0,0.0
India,3,0,0.0
India,3,0,0.0
India,3,0,0.0
India,3,0,0.0
India,3,0,0.0
India,3,0,0.0
India,3,0,0.0
India,3,0,0.0
India,3,0,0.0
India,3,0,290.3530115939041
India,3,0,411.6945686779237
India,3,0,38.829298266886276
India,3,0,0.0
India,3,0,216.68135193574932
India,3,0,-8.667254077429973
India,3,0,173.34508154859947
India,3,0,130.0088111614496
India,3,0,303.353892710049
India,3,0,0.0
India,3,0,0.0
India,3,0,0.0
India,3,0,0.0
India,3,0,17.334508154859947
India,3,0,383.5259929262763
India,3,0,0.0
India,3,0,43.76963309102136
India,3,0,126.1085468266061
India,3,0,0.0
India,3,0,0.0
India,3,0,0.0
India,3,0,0.0
India,3,0,0.0
India,3,0,0.0
India,3,0,0.0
India,3,0,216.68135193574932
India,3,0,344.13332314435706
India,3,0,0.0
India,3,0,0.0
India,3,0,0.0
India,3,0,0.0
India,3,0,0.0
India,3,0,0.0
India,3,0,0.0
India,3,0,0.0
India,3,0,0.0
India,3,0,0.0
India,3,0,0.0
India,3,0,0.0
India,3,0,0.0
India,3,0,0.0
India,3,0,0.0
India,3,0,0.0
India,3,0,0.0
India,3,0,0.0
India,3,0,0.0
India,3,0,0.0
India,3,0,0.0
India,3,0,0.0
India,3,0,0.0
India,3,0,0.0
India,3,0,0.0
India,3,0,0.0
India,3,0,0.0
India,3,0,0.0
India,3,0,145.82654985275929
India,3,0,170.13819753995037
India,3,0,0.0
India,3,0,0.0
India,3,0,184.56917557887127
India,3,0,52.00352446457984
India,3,0,0.0
India,3,0,0.0
India,3,0,0.0
India,3,0,0.0
India,3,0,0.0
India,3,0,347.5568885049419
India,3,0,228.59882629221553
India,3,0,0.0
India,3,0,0.0
India,3,0,0.0
India,3,0,498.3671094522234
India,3,0,7050.811191989283
India,3,0,108.60069359019757
India,3,0,103.57368622528817
India,3,0,130.44217386532108
India,3,0,0.0
India,3,0,-114.84111652594714
India,3,0,0.0
India,3,0,43.33627038714987
India,3,0,0.0
India,3,0,0.0
India,3,0,0.0
India,3,0,0.0
India,3,0,0.0
India,3,0,0.0
India,3,0,0.0
India,3,0,0.0
India,3,0,0.0
India,3,0,0.0
India,3,0,0.0
India,3,0,0.0
India,3,0,0.0
India,3,0,0.0
India,3,0,0.0
India,3,0,0.0
India,3,0,0.0
India,3,0,0.0
India,3,0,0.0
India,3,0,0.0
India,3,0,0.0
India,3,0,0.0
India,3,0,0.0
India,3,0,0.0
India,3,0,0.0
India,3,0,0.0
India,3,0,0.0
India,3,0,0.0
India,3,0,0.0
India,3,0,0.0
India,3,0,0.0
India,3,0,0.0
India,3,0,0.0
India,3,0,0.0
India,3,0,86.67254077429973
India,3,0,0.0
India,3,0,0.0
India,3,0,0.0
India,3,0,0.0
India,3,0,83.42232049526349
India,3,0,0.0
India,3,0,0.0
India,3,0,0.0
India,3,0,0.0
India,3,0,90.48613256836892
India,3,0,0.0
India,3,0,82.33891373558474
India,3,0,104.00704892915968
India,3,0,125.6751841227346
India,3,0,0.0
India,3,0,0.0
India,3,0,0.0
India,3,0,0.0
India,3,0,0.0
India,3,0,305.5207062294065
India,3,0,0.0
India,3,0,0.0
India,3,0,386.9928945572483
India,3,0,0.0
India,3,0,0.0
India,3,0,0.0
India,3,0,216.68135193574932
India,3,0,130.0088111614496
India,3,0,120.69151302821237
India,3,0,0.0
India,3,0,0.0
India,3,0,0.0
India,3,0,0.0
India,3,0,0.0
India,3,0,0.0
India,3,0,0.0
India,3,0,0.0
India,3,0,0.0
India,3,0,0.0
India,3,1,0.0
India,3,1,0.0
India,3,1,0.0
India,3,1,0.0
India,3,1,0.0
India,3,1,0.0
India,3,0,0.0
India,3,0,0.0
India,3,0,0.0
Morocco,4,0,6.1127967160449765
Morocco,4,0,89.23790826343031
Morocco,4,0,-53.49812600392647
Morocco,4,0,6.246653578440122
Morocco,4,0,80.09994645725504
Morocco,4,0,0.0
Morocco,4,0,-155.49705514902732
Morocco,4,0,-105.30073175084777
Morocco,4,0,-186.48045689809032
Morocco,4,0,-720.1499196858827
Morocco,4,0,-178.9666250223095
Morocco,4,0,183.050270223541
Morocco,4,0,-228.80599678743533
Morocco,4,0,0.0
Morocco,4,0,-546.8142066749956
Morocco,4,0,0.0
Morocco,4,0,85.75762984115653
Morocco,4,0,-118.86489380688917
Morocco,4,0,108.73639121898984
Morocco,4,0,19.186150276637516
Morocco,4,0,205.11333214349457
Morocco,4,0,0.0
Morocco,4,0,0.0
Morocco,4,0,41.718722113153675
Morocco,4,0,-213.23398179546675
Morocco,4,0,-236.2038193824737
Morocco,4,0,339.7465643405319
Morocco,4,0,303.63198286632166
Morocco,4,0,-12.761020881670534
Morocco,4,0,1187.5245404247726
Morocco,4,0,52.13724790290916
Morocco,4,0,63.247367481706235
Morocco,4,0,-164.67071211850796
Morocco,4,0,7.139032661074425
Morocco,4,0,-70.69427092628949
Morocco,4,0,0.44618954131715155
Morocco,4,0,-129.93039443155453
Morocco,4,0,115.65232910940568
Morocco,4,0,59.78939853649831
Morocco,4,0,8.031411743708729
Morocco,4,0,0.0
Morocco,4,0,1682.4469034445833
Morocco,4,0,-390.5050865607711
Morocco,4,0,44.975905764768875
Morocco,4,0,10.467606639300376
Morocco,4,1,52.15955737997502
Morocco,4,1,-188.1581295734428
Morocco,4,1,-0.035695163305372125
Morocco,4,1,-105.61306442976978
Morocco,4,1,0.0
Morocco,4,1,-43.681956094949136
Morocco,4,1,-116.1830855122256
Morocco,4,1,99.54488666785652
Morocco,4,1,369.31108334820635
Morocco,4,1,669.5520257005177
Morocco,4,1,643.1376048545422
Morocco,4,1,0.0
Morocco,4,1,-99.5002677137248
Morocco,4,1,-91.64733178654294
Morocco,4,1,21.55095484561842
Morocco,4,1,-236.92664643940748
Morocco,4,1,-27.056933785472072
Morocco,4,1,-1292.5218632875246
Morocco,4,1,167.05336426914155
Morocco,4,1,1334.1959664465467
Morocco,4,1,37.926111011957886
Morocco,4,1,220.1499196858826
Morocco,4,1,142.7806532214885
Morocco,4,1,129.12725325718367
Morocco,4,1,-6.603605211493843
Morocco,4,1,-174.19239693021598
Morocco,4,1,-10.351597358557916
Morocco,4,1,171.9971443869356
Morocco,4,1,322.23808673924685
Morocco,4,1,-75.58450829912547
Morocco,4,1,-354.3637337140818
Morocco,4,1,-52.02570051757987
Morocco,4,1,149.91968588256293
Morocco,4,1,0.0
Morocco,4,1,-9.369980367660183
Morocco,4,1,274.4958058183116
Morocco,4,1,201.32964483312514
Morocco,4,1,95.93075138318758
Morocco,4,1,1661.3421381402823
Morocco,4,1,185.61484918793505
Morocco,4,1,272.3094770658576
Morocco,4,1,248.88452614670715
Morocco,4,1,-21.417097983223275
Morocco,4,1,-23.157237194360167
Morocco,4,1,-151.76691058361592
Morocco,4,1,17.240763876494736
Morocco,4,1,26.485811172586118
Morocco,4,1,44.54756380510441
Morocco,4,1,6.157415670176691
Morocco,4,1,-126.76244868820277
Morocco,4,1,40.8531144029984
Morocco,4,1,-102.132786007496
Morocco,4,1,0.0
Morocco,4,1,-366.517936819561
Morocco,4,1,76.38764947349635
Morocco,4,1,-106.6125290023202
Morocco,4,1,-63.98358022487953
Morocco,4,1,84.7760128502588
Morocco,4,1,531.0994110298055
Morocco,4,1,25.102623594502948
Morocco,4,1,2.007852935927182
Morocco,4,1,21.8989826878458
Morocco,4,1,0.0
Morocco,4,1,0.0
Morocco,4,1,428.99339639478853
Morocco,4,1,126.14224522577192
Morocco,4,1,100.80314117437088
Morocco,4,0,-325.4060324825986
Morocco,4,0,57.00104505956631
Morocco,4,0,-84.01749063001964
Morocco,4,0,0.0
Morocco,4,0,-1.3921113689095128
Morocco,4,0,-55.737997501338576
Morocco,4,0,-6.175263251829378
Morocco,4,0,32.750312332678924
Morocco,4,0,-87.5334642155988
Morocco,4,0,18.739960735320366
Morocco,4,0,0.8923790826343031
Morocco,4,0,4.372657504908085
Morocco,4,0,17.713724790290918
Morocco,4,0,-46.162769944672505
Morocco,4,0,-1.9007674460110657
Morocco,4,0,7.5406032482598615
Morocco,4,0,8.86132429055863
Morocco,4,0,60.39621631268964
Morocco,4,0,-253.980010708549
Morocco,4,0,-144.74388720328398
Morocco,4,0,0.6692843119757274
Morocco,4,0,33.785472068534716
Morocco,4,0,274.8973764054971
Morocco,4,0,0.0
Morocco,4,0,4.104943780117795
Morocco,4,0,53.444583258968414
Morocco,4,0,398.64804568980907
Morocco,4,0,204.6225236480457
Morocco,4,0,253.7033731929324
Morocco,4,0,110.29805461359987
Morocco,4,0,0.0
Morocco,4,0,11.957879707299663
Morocco,4,0,0.0
Morocco,4,0,67.28538283062646
Morocco,4,0,-25.70051757986793
Morocco,4,0,-24.629662680706765
Morocco,4,0,1531.5902195252545
Morocco,4,0,-91.55809387827951
Morocco,4,0,2127.253257183652
Morocco,4,0,-84.59753703373194
Morocco,4,0,584.7313938961271
Morocco,4,0,277.8422273781903
Morocco,4,0,441.68302694984834
Morocco,4,0,0.0
Morocco,4,0,702.9091558093879
Morocco,4,0,548.9023737283599
Morocco,4,0,-28.10994110298055
Morocco,4,0,24.094235231126184
Morocco,4,0,43.815812957344285
Morocco,4,0,395.2346956987329
Morocco,4,0,-47.07299660895949
Morocco,4,0,3.123326789220061
Morocco,4,0,1085.7040870961985
Morocco,4,0,256.21095841513477
Morocco,4,0,72.10422987685169
Morocco,4,1,6.603605211493843
Morocco,4,1,63.43922898447261
Morocco,4,1,-146.617883276816
Morocco,4,1,781.748616812422
Morocco,4,1,-713.6355523826522
Morocco,4,1,-399.69659111190435
Morocco,4,1,-239.78225950383725
Morocco,4,1,0.0
Morocco,4,1,-242.29876851686598
Morocco,4,1,733.8033196501875
Morocco,4,1,447.215777262181
Morocco,4,1,-0.44618954131715155
Morocco,4,1,118.41870426557203
Morocco,4,1,91.33499910762093
Morocco,4,1,592.6289487774407
Morocco,4,1,-48.20631804390506
Morocco,4,1,-1.963233981795467
Morocco,4,1,101.64197751204712
Morocco,4,1,31.32250580046404
Morocco,4,1,33.81224344101375
Morocco,4,1,47.02837765482778
Morocco,4,1,300.285561306443
Morocco,4,1,5264.501160092808
Morocco,4,0,2.320185614849188
Morocco,4,0,118.59372037022578
Morocco,4,0,0.21417097983223277
Morocco,4,0,16.81242191683027
Morocco,4,0,92.31661609851867
Morocco,4,0,36.85525611279672
Morocco,4,0,32.10340721488489
Morocco,4,0,136.783865786186
Morocco,4,0,3392.762805639836
Morocco,4,0,100.91062753770302
Morocco,4,0,14.697483490986972
Morocco,4,0,250.5354274495806
Morocco,4,0,90.04104943780119
Morocco,4,0,8.00910226664287
Morocco,4,0,-2.944179945453329
Morocco,4,0,283.80112356103876
Morocco,4,0,-82.27735141888274
Morocco,4,0,1117.115830804926
Morocco,4,0,67.75488403254953
Morocco,4,0,115.75775881782081
Morocco,4,0,-13.385686239514547
Morocco,4,0,63.269676958772095
Morocco,4,0,64.36730323041229
Morocco,4,0,-38.952346956987334
Morocco,4,0,60.72639657326433
Morocco,4,1,108.15634481527754
Morocco,4,1,-23.451722291629487
Morocco,4,1,322.9207567374621
Morocco,4,1,243.39639478850617
Morocco,4,1,107.59414599321794
Morocco,4,1,47.176073364715336
Morocco,4,1,116.37515616633947
Morocco,4,1,-37.256826699982156
Morocco,4,1,84.5886132429056
Morocco,4,1,234.07584385597005
Morocco,4,1,529.5109762627164
Morocco,4,1,202.31126182402286
Morocco,4,1,151.30287346064608
Morocco,4,1,117.72264858111727
Morocco,4,1,28.127788684633234
Morocco,4,1,43.19114759950027
Morocco,4,1,371.44386935570236
Morocco,4,1,134.87417454934857
Morocco,4,1,-98.69925291138676
Morocco,4,1,10.061641695157729
Morocco,4,1,146.7874353025165
Morocco,4,1,28.449045154381583
Morocco,4,1,0.8923790826343031
Morocco,4,1,255.19911905452437
Morocco,4,1,39.21336783865787
Morocco,4,1,2.632518293771194
Morocco,4,1,0.0
Morocco,4,1,33.91040514010352
Morocco,4,1,305.0508656077102
Morocco,4,1,126.76244868820277
Morocco,4,1,108.91486703551669
Morocco,4,1,-46.046760663930044
Morocco,4,1,1317.5977155095486
Morocco,4,1,-376.3162591468856
Morocco,4,1,35.87363912189899
Morocco,4,1,-20.939675174013924
Morocco,4,1,167.76726753524898
Morocco,4,1,276.63751561663395
Morocco,4,0,101.73121542031056
Morocco,4,0,-64.96519721577727
Morocco,4,0,-117.30323041227915
Morocco,4,1,194.18168838122438
Morocco,4,1,0.0
Morocco,4,1,168.12421916830272
Morocco,4,1,0.0
Morocco,4,0,0.0
Morocco,4,0,-32.95555952168481
Morocco,4,0,0.0
Morocco,4,0,0.0
Morocco,4,0,770.7121185079423
Morocco,4,0,52.739603783687315
Morocco,4,0,-6.246653578440122
Morocco,4,0,214.59039800107087
Morocco,4,0,197.9832232732465
Morocco,4,0,43.280385507763704
Morocco,4,0,235.27574513653403
Morocco,4,0,0.0
Morocco,4,0,37.47992147064073
Morocco,4,0,122.70212386221668
Morocco,4,0,-17.6691058361592
Morocco,4,0,57.1122612885954
Morocco,4,0,-10.21774049616277
Morocco,4,0,768.2491522398716
Morocco,4,0,-322.2648581117259
Morocco,4,0,319.56094949134393
Morocco,4,0,56.57683383901482
Morocco,4,0,-199.6252007852936
Morocco,4,0,21.952525432803856
Morocco,4,0,-159.02195252543282
Morocco,4,0,915.4024629662681
Morocco,4,0,-234.6064608245583
Morocco,4,0,1115.8308049259326
Morocco,4,0,-50.06246653578441
Morocco,4,0,398.0903087631626
Morocco,4,0,38.72925218632876
Morocco,4,0,749.5984294128147
Morocco,4,0,178.87738711404606
Morocco,4,0,0.0
Morocco,4,0,74.51365339996431
Morocco,4,0,0.0
Morocco,4,0,0.0
Morocco,4,0,-19.98929145100839
Morocco,4,0,0.0
Morocco,4,0,8.923790826343032
Morocco,4,0,126.27164019275389
Morocco,4,0,0.0
Morocco,4,0,0.0
Morocco,4,0,0.0
Morocco,4,0,126.71782973407105
Morocco,4,0,59.12011422452258
Morocco,4,0,466.98197394253083
Morocco,4,0,-19.98929145100839
Morocco,4,0,0.0
Morocco,4,0,259.0576476887382
Morocco,4,0,159.8250936998037
Morocco,4,0,-157.59414599321792
Morocco,4,0,0.0
Morocco,4,0,481.8847046225237
Morocco,4,0,0.0
Morocco,4,0,0.0
Morocco,4,0,0.0
Morocco,4,0,0.0
Morocco,4,0,0.0
Morocco,4,0,-82.09887560235589
Morocco,4,0,-112.97519186150278
Morocco,4,0,0.0
Morocco,4,0,28.37765482777084
Morocco,4,0,0.0
Morocco,4,0,0.0
Morocco,4,0,-7.495984294128147
Morocco,4,0,0.0
Morocco,4,0,133.18757808316974
Morocco,4,0,0.0
Morocco,4,0,0.0
Morocco,4,0,0.0
Morocco,4,0,0.0
Morocco,4,0,0.0
Morocco,4,0,157.5049080849545
Morocco,4,0,57.1122612885954
Morocco,4,0,0.0
Morocco,4,0,407.81724076387655
Morocco,4,0,-34.892022131001255
Morocco,4,0,0.0
Morocco,4,0,-17.40139211136891
Morocco,4,0,0.0
Morocco,4,0,0.0
Morocco,4,0,0.0
Morocco,4,0,0.0
Morocco,4,0,0.0
Morocco,4,1,-1.5170444404783154
Morocco,4,1,-34.26735677315724
Morocco,4,1,0.0
Morocco,4,1,26.592896662502234
Morocco,4,1,-44.79742994824202
Morocco,4,1,14.367303230412281
Morocco,4,1,-1338.5686239514548
Morocco,4,1,5.889701945386401
Morocco,4,1,29.22541495627343
Morocco,4,1,-90.63001963233982
Morocco,4,1,86.96234160271284
Morocco,4,1,698.8220596109228
Morocco,4,1,118.24022844904516
Morocco,4,1,928.5204354809924
Morocco,4,1,0.0
Morocco,4,1,0.0
Morocco,4,1,-74.06746385864716
Morocco,4,1,96.91236837408532
Morocco,4,1,126.67321077993932
Morocco,4,1,0.0
Morocco,4,1,17.624486882027487
Morocco,4,1,26.771372479029093
Morocco,4,1,-342.9412814563627
Morocco,4,1,14.891575941459934
Morocco,4,1,62.578083169730505
Morocco,4,1,540.3355345350706
Morocco,4,1,29.11386757094414
Morocco,4,1,-6.938247367481707
Morocco,4,1,293.8158129573443
Morocco,4,1,-140.19275388184903
Morocco,4,1,-133.58914867035517
Morocco,4,1,1609.3967517401393
Morocco,4,1,63.894342316616104
Morocco,4,1,-112.35052650365877
Morocco,4,1,-174.01392111368912
Morocco,4,1,270.5693378547207
Morocco,4,1,1663.028734606461
Morocco,4,1,-44.975905764768875
Morocco,4,0,163.26075316794575
Morocco,4,0,255.13117972514726
Morocco,4,0,572.7288952346958
Morocco,4,0,98.67481706228807
Morocco,4,0,0.0
Morocco,4,0,0.0
Morocco,4,0,-59.52168481170802
Morocco,4,0,0.0
Morocco,4,0,0.0
Morocco,4,0,0.0
Morocco,4,1,-337.67624486882033
Morocco,4,1,529.6716044975906
Morocco,4,1,-227.46742816348387
Morocco,4,1,0.0
Morocco,4,1,506.6036052114939
Morocco,4,1,-121.36355523826522
Morocco,4,1,52.65036587542389
Morocco,4,1,0.0
Morocco,4,1,-30.29626985543459
Morocco,4,1,0.0
Morocco,4,1,791.2279136177049
Morocco,4,1,-329.28788149205786
Morocco,4,1,207.47813671247548
Morocco,4,1,143.94074602891308
Morocco,4,1,160.36052114938428
Morocco,4,1,0.0
Morocco,4,1,0.0
Morocco,4,1,-346.8231304658219
Morocco,4,1,-1.427806532214885
Morocco,4,1,192.2630733535606
Morocco,4,1,844.5475638051045
Morocco,4,1,68.49009459218277
Morocco,4,1,818.9362841335
Morocco,4,1,-80.58183116187757
Morocco,4,1,116.36623237551314
Morocco,4,1,-103.38211672318401
Morocco,4,1,0.0
Morocco,4,1,291.89719792968054
Morocco,4,1,469.34677851151173
Morocco,4,1,0.0
Morocco,4,1,9.459218275923613
Morocco,4,1,133.45529180796004
Morocco,4,1,0.0
Morocco,4,1,-1.7847581652686062
Morocco,4,1,435.5702302338034
Morocco,4,1,0.0
Morocco,4,1,115.3846153846154
Morocco,4,1,0.0
Morocco,4,1,184.0085668391933
Morocco,4,1,0.0
Morocco,4,1,349.3664108513297
Morocco,4,1,148.58111725861147
Morocco,4,1,0.0
Morocco,4,1,0.0
Morocco,4,1,0.0
Morocco,4,1,215.68802427271106
Morocco,4,1,108.29020167767268
Morocco,4,1,0.0
Morocco,4,1,0.0
Morocco,4,1,149.96430483669465
Morocco,4,1,0.0
Morocco,4,1,-29.359271818668574
Morocco,4,1,52.65036587542389
Morocco,4,1,-13.876494734963414
Morocco,4,1,-25.16509013028735
Morocco,4,1,0.0
Morocco,4,1,-80.84954488666786
Morocco,4,1,0.0
Morocco,4,1,0.0
Morocco,4,1,174.3262537926111
Morocco,4,1,91.02266642869893
Morocco,4,0,0.0
Morocco,4,0,-318.40085668391936
Morocco,4,0,85.50776369801892
Morocco,4,0,123.28217026592898
Morocco,4,0,127.07478136712477
Morocco,4,0,-170.9798322327325
Morocco,4,0,-1.9186150276637517
Morocco,4,0,211.76155630912012
Morocco,4,0,13.742637872568269
Morocco,4,0,-2.85561306442977
Morocco,4,0,-242.325539889345
Morocco,4,0,-101.19578797072998
Morocco,4,0,0.0
Morocco,4,0,688.291986435838
Morocco,4,0,-76.20917365696948
Morocco,4,1,0.0
Morocco,4,1,0.0
Morocco,4,1,0.0
Morocco,4,1,0.0
Morocco,4,1,0.0
Morocco,4,1,0.0
Morocco,4,1,0.0
Morocco,4,1,0.0
Morocco,4,1,0.0
Morocco,4,1,0.0
Morocco,4,1,0.0
Morocco,4,1,0.0
Morocco,4,1,0.0
Morocco,4,1,0.0
Morocco,4,1,0.0
Morocco,4,1,0.0
Morocco,4,1,0.0
Morocco,4,1,-436.6410851329645
Morocco,4,1,0.0
Morocco,4,1,0.0
Morocco,4,1,0.0
Morocco,4,1,2060.3248259860793
Morocco,4,1,0.0
Morocco,4,1,0.0
Morocco,4,1,0.0
Morocco,4,1,266.7321077993932
Morocco,4,1,160.62823487417455
Morocco,4,1,11.288595395323934
Morocco,4,1,112.3148313403534
Morocco,4,1,-17.936819560949495
Morocco,4,0,0.0
Morocco,4,0,0.0
Morocco,4,1,4.863466000356952
Morocco,4,1,39.66625022309477
Morocco,4,1,119.93574870605035
Morocco,4,1,680.0820988756025
Morocco,4,1,148.80421202927005
Morocco,4,1,105.7023023380332
Morocco,4,1,220.86382295199002
Morocco,4,1,50.73175084776013
Morocco,4,1,101.55273960378369
Morocco,4,1,-154.91700874531503
Morocco,4,1,138.58647153310727
Morocco,4,1,-242.95020524718902
Morocco,4,1,2.302338033196502
Morocco,4,1,0.0
Morocco,4,1,78.01177940389078
Morocco,4,1,-35.29359271818669
Morocco,4,1,-5.331965018739961
Morocco,4,1,-81.78654292343388
Morocco,4,1,211.940032125647
Morocco,4,1,137.33714081741925
Morocco,4,1,0.0
Morocco,4,1,0.0
Morocco,4,1,65.3667678029627
Morocco,4,1,0.0
Morocco,4,1,121.00660360521151
Morocco,4,0,608.5936105657684
Morocco,4,0,98.3401749063002
Morocco,4,0,105.61306442976978
Morocco,4,0,35.69516330537213
Morocco,4,0,44.61895413171516
Morocco,4,0,86.29305729073711
Morocco,4,0,0.0
Morocco,4,0,218.43655184722473
Morocco,4,0,4.997322862752098
Morocco,4,0,58.09387827949313
Morocco,4,0,0.0
Morocco,4,0,513.1179725147243
Morocco,4,0,102.08816705336427
Morocco,4,0,28.930929859004106
Morocco,4,0,30.563983580224882
Morocco,4,0,406.5679100481885
Morocco,4,0,0.0
Morocco,4,0,148.58111725861147
Morocco,4,0,42.92343387470998
Morocco,4,0,531.4117437087275
Morocco,4,0,98.07246118150991
Morocco,4,0,-198.86667856505446
Morocco,4,0,59.72247010530074
Morocco,4,0,-52.91807960021418
Morocco,4,0,0.0
Morocco,4,0,131.17972514724255
Morocco,4,0,29.448509726932002
Morocco,4,0,2.632518293771194
Morocco,4,0,0.0
Morocco,4,0,321.3903266107443
Morocco,4,0,-147.37640549705517
Morocco,4,1,0.0
Morocco,4,1,21.327860074959844
Morocco,4,1,116.45547028377656
Morocco,4,0,222.20239157594148
Morocco,4,0,128.59182580760307
Morocco,4,0,327.9493128681064
Morocco,4,0,0.0
Morocco,4,0,-47.117615563091206
Morocco,4,0,22.84490451543816
Morocco,4,0,-35.38283062645012
Morocco,4,0,14.635016955202572
Morocco,4,0,0.0
Morocco,4,0,0.0
Morocco,4,0,-182.98233089416385
Morocco,4,0,106.99625200785295
Morocco,4,0,1085.4899161163664
Morocco,4,0,296.3144743887203
Morocco,4,0,53.23041227913618
Morocco,4,0,51.0351597358558
Morocco,4,0,-1.0440835266821347
Morocco,4,0,-83.6159200428342
Morocco,4,0,-96.19846510797788
Morocco,4,0,72.19346778511512
Morocco,4,0,8.923790826343032
Morocco,4,0,94.63680171336784
Morocco,4,0,-8.499910762091737
Morocco,4,0,49.7501338568624
Morocco,4,0,0.0
Morocco,4,0,60.68177761913261
Morocco,4,0,247.3228627520971
Morocco,4,0,-18.204533285739785
Morocco,4,0,29.76084240585401
Morocco,4,0,153.04301267178298
Morocco,4,0,31.866857040870965
Morocco,4,0,-17.356773157237196
Morocco,4,0,0.0
Morocco,4,0,200.07139032661075
Morocco,4,0,0.0
Morocco,4,0,-22.532571836516155
Morocco,4,0,25.70051757986793
Morocco,4,0,41.62948420489024
Morocco,4,0,-56.84454756380511
Morocco,4,0,-78.52935927181868
Morocco,4,0,133.45529180796004
Morocco,4,0,440.96019989291455
Morocco,4,0,20.301624129930396
Morocco,4,0,27.752989469926828
Morocco,4,0,207.51383187578085
Morocco,4,0,14.991968588256293
Morocco,4,0,337.31929323576657
Morocco,4,0,27.396037836873106
Morocco,4,0,0.0
Morocco,4,0,14.991968588256293
Morocco,4,0,0.0
Morocco,4,0,-112.4397644119222
Morocco,4,0,-74.73674817062289
Morocco,4,0,0.0
Morocco,4,0,79.68945207924327
Morocco,4,0,0.0
Morocco,4,0,-17.446011065500628
Morocco,4,0,305.6398358022488
Morocco,4,0,-72.96983758700696
Morocco,4,1,163.30537212207747
Morocco,4,1,444.8509726932001
Morocco,4,1,662.9930394431556
Morocco,4,1,102.22202391575942
Morocco,4,1,0.0
Morocco,4,1,3.3018026057469214
Morocco,4,1,180.61752632518295
Morocco,4,1,86.29305729073711
Morocco,4,1,33.46421559878637
Morocco,4,1,155.27396037836874
Morocco,4,1,123.68374085311441
Morocco,4,1,0.0
Morocco,4,1,489.826878457969
Morocco,4,1,41.964126360878105
Morocco,4,1,-8.656077101552741
Morocco,4,1,90.79957165804035
Morocco,4,1,-63.18043905050866
Morocco,4,1,-46.314474388720335
Morocco,4,1,-33.117982972291635
Morocco,4,1,31.099411029805463
Morocco,4,1,37.16758879171873
Morocco,4,1,-51.89184365518473
Morocco,4,1,30.162412993039446
Morocco,4,1,-8.575762984115654
Morocco,4,1,-2089.9518115295377
Morocco,4,1,826.7892200606818
Morocco,4,1,-13.831875780831698
Morocco,4,1,16.502320185614852
Morocco,4,1,-9.593075138318758
Morocco,4,1,76.43226842762806
Morocco,4,1,-23.469569873282172
Morocco,4,1,-24.46903444583259
Morocco,4,1,-28.734606460824562
Morocco,4,1,46.76066393003748
Morocco,4,1,-39.91132331451901
Morocco,4,1,47.07522755666608
Morocco,4,1,82.94663573085847
Morocco,4,1,49.88399071925755
Morocco,4,1,60.503301802605755
Morocco,4,1,-363.3098340174907
Morocco,4,1,26.235945029448512
Morocco,4,1,8.923790826343032
Morocco,4,1,34.72247010530074
Morocco,4,1,0.8923790826343031
Morocco,4,1,-67.01766910583616
Morocco,4,1,263.3499910762092
Morocco,4,1,0.6692843119757274
Morocco,4,1,61.48491879350349
Morocco,4,1,1644.6546492950206
Morocco,4,1,-203.2304122791362
Morocco,4,1,2291.0405140103517
Morocco,4,1,-153.22148848830986
Morocco,4,1,-289.13082277351424
Morocco,4,0,62.95734427985008
Morocco,4,0,-5.175798679278958
Morocco,4,0,216.49116544708195
Morocco,4,0,219.8822059610923
Morocco,4,0,0.0
Morocco,4,0,92.49509191504552
Morocco,4,0,216.93735498839908
Morocco,4,0,107.66553631982868
Morocco,4,0,57.55845082991255
Morocco,4,0,-20.16776726753525
Morocco,4,0,195.4310190969124
Morocco,4,0,424.8616812421917
Morocco,4,0,1765.393539175442
Morocco,4,0,171.6044975905765
Morocco,4,0,1408.1741923969303
Morocco,4,0,-11.243976441192219
Morocco,4,0,250.66928431197576
Morocco,4,0,-119.2218454399429
Morocco,4,0,168.6150276637516
Morocco,4,0,41.718722113153675
Morocco,4,0,86.02534356594683
Morocco,4,0,-62.73424950919151
Morocco,4,0,0.0
Morocco,4,0,0.0
Morocco,4,0,171.3367838657862
Morocco,4,0,1563.805104408353
Morocco,4,0,30.965554167410318
Morocco,4,0,-81.78654292343388
Morocco,4,0,576.4679635909334
Morocco,4,0,80.58183116187757
Morocco,4,0,20.524718900588972
Morocco,4,0,-172.36301981081564
Morocco,4,0,-0.4015705871854364
Morocco,4,0,0.0
Morocco,4,0,22.13100124933072
Morocco,4,0,85.71301088702482
Morocco,4,0,0.0
Morocco,4,0,-56.442976976619676
Morocco,4,0,47.29609137961807
Morocco,4,1,250.30340888809567
Morocco,4,1,594.3333928252722
Morocco,4,1,121.8989826878458
Morocco,4,1,1051.19578797073
Morocco,4,1,219.30215955738
Morocco,4,1,0.0
Morocco,4,1,33.35266821345708
Morocco,4,1,26.949848295555956
Morocco,4,1,4.997322862752098
Morocco,4,1,-124.17454934856327
Morocco,4,1,0.0
Morocco,4,1,-397.1979296805283
Morocco,4,1,-11.42245225771908
Morocco,4,1,-121.97037301445656
Morocco,4,1,12.296983758700698
Morocco,4,1,34.57968945207924
Morocco,4,1,15.705871854363735
Morocco,4,0,254.50651436730325
Morocco,4,0,-139.12189898268787
Morocco,4,0,214.17097983223275
Morocco,4,0,-565.9914331608068
Morocco,4,0,-54.79207567374621
Morocco,4,0,122.52364804568982
Morocco,4,0,-86.2484383366054
Morocco,4,0,273.38033196501874
Morocco,4,0,253.65875423880067
Morocco,4,1,-3.8550776369801896
Morocco,4,1,93.62841334999108
Morocco,4,1,-2237.50669284312
Morocco,4,0,121.8543637337141
Morocco,4,0,201.41888274138856
Morocco,4,0,90.87988577547743
Morocco,4,0,152.5075852222024
Morocco,4,0,42.521863287524546
Morocco,4,0,171.29216491165448
Morocco,4,0,207.07656612529004
Morocco,4,0,193.3428520435481
Morocco,4,0,-282.152418347314
Morocco,4,0,51.98108156344816
Morocco,4,0,230.91201142245228
Morocco,4,0,80.36766018204534
Morocco,4,0,809.6019989291452
Morocco,4,0,-301.37426378725684
Morocco,4,0,350.0803141174371
Morocco,4,0,83.74977690522935
Morocco,4,0,985.9985721934679
Morocco,4,0,444.431554524362
Morocco,4,0,135.24004997322865
Morocco,4,0,1579.6180617526327
Morocco,4,0,-76.87845796894521
Morocco,4,0,88.14920578261646
Morocco,4,0,-59.834017490630025
Morocco,4,0,1.7847581652686062
Morocco,4,0,75.80760306978405
Morocco,4,0,45.69873282170266
Morocco,4,0,417.5441727645904
Morocco,4,0,36.06103872925219
Morocco,4,0,533.9014813492772
Morocco,4,1,261.86864179903625
Morocco,4,1,57.736926646439414
Morocco,4,1,530.5104408352669
Morocco,4,1,26.11993574870605
Morocco,4,1,12.047117615563092
Morocco,4,1,2.1417097983223274
Morocco,4,1,1000.9816169908978
Morocco,4,1,-42.29876851686597
Morocco,4,1,294.9759057647689
Morocco,4,1,55.29180796002142
Morocco,4,1,695.7433517758344
Morocco,4,1,-13.385686239514547
Morocco,4,1,22.184543994288777
Morocco,4,1,37.16758879171873
Morocco,4,1,15.66125290023202
Morocco,4,1,395.368552561128
Morocco,4,1,-56.5322148848831
Morocco,4,1,141.22791361770481
Morocco,4,1,1174.2013207210425
Morocco,4,1,-157.1301088702481
Morocco,4,1,-310.1374263787257
Morocco,4,1,30.162412993039446
Morocco,4,1,42.92343387470998
Morocco,4,1,210.41406389434235
Morocco,4,1,-0.26771372479029093
Morocco,4,1,232.491522398715
Morocco,4,1,-11.208281277886847
Morocco,4,1,96.73389255755846
Morocco,4,1,72.7288952346957
Morocco,4,1,-297.51026235945034
Morocco,4,1,2.9894699268249156
Morocco,4,1,-63.457076566125295
Morocco,4,1,-70.91736569694807
Morocco,4,1,2.85561306442977
Morocco,4,1,162.05604140638945
Morocco,4,1,39.64840264144209
Morocco,4,1,131.22434410137427
Morocco,4,1,48.28663216134214
Morocco,4,1,6.353739068356238
Morocco,4,1,87.02933975102624
Morocco,4,1,-514.0103515973586
Morocco,4,1,48.375870069605575
Morocco,4,1,666.1163662323755
Morocco,4,1,-1239.0683562377299
Morocco,4,1,2.3291094056755313
Morocco,4,1,0.0
Morocco,4,1,2778.975548813136
Morocco,4,1,88.70248081384973
Morocco,4,1,110.34267356773158
Morocco,4,1,76.78922006068179
Morocco,4,1,2.4808138497233627
Morocco,4,1,239.02373728359808
Morocco,4,1,246.83205425664823
Morocco,4,1,13.742637872568269
Morocco,4,1,136.08781010173124
Morocco,4,1,-44.91783140728182
Morocco,4,1,41.049437801177945
Morocco,4,0,207.51383187578085
Morocco,4,0,203.31965018739962
Morocco,4,0,162.8145636266286
Morocco,4,0,0.0
Morocco,4,0,246.73389255755848
Morocco,4,0,18.561484918793504
Morocco,4,0,0.0
Morocco,4,0,61.37783330358737
Morocco,4,0,65.76833839014814
Morocco,4,0,225.40603248259862
Morocco,4,0,595.2168481170802
Morocco,4,0,66.66071747278244
Morocco,4,0,202.47189005889703
Morocco,4,0,168.27592361235054
Morocco,4,0,5.934320899518116
Morocco,4,0,151.2404069248617
Morocco,4,0,2465.821881135106
Morocco,4,0,1505.7558450829913
Morocco,4,0,396.7963590933429
Morocco,4,0,-136.6232375513118
Morocco,4,0,555.1936462609317
Morocco,4,0,-38.550776369801895
Morocco,4,0,0.0
Morocco,4,0,44.61895413171516
Morocco,4,0,0.0
Morocco,4,0,0.0
Morocco,4,0,0.0
Morocco,4,0,-299.036230590755
Morocco,4,0,0.0
Morocco,4,0,0.0
Morocco,4,0,0.0
Morocco,4,0,0.0
Morocco,4,0,0.0
Morocco,4,0,0.0
Morocco,4,0,0.0
Morocco,4,0,0.0
Morocco,4,0,-273.8265215063359
Morocco,4,0,0.0
Morocco,4,0,0.0
Morocco,4,0,0.0
Morocco,4,0,0.0
Morocco,4,0,-39.53239336069963
Morocco,4,0,0.0
Morocco,4,0,0.0
Morocco,4,0,0.0
Morocco,4,0,424.05854006782084
Morocco,4,0,0.0
Morocco,4,0,42.83419596644655
Morocco,4,0,44.975905764768875
Morocco,4,0,0.0
Morocco,4,1,31.67945743351776
Morocco,4,1,-75.76298411565233
Morocco,4,1,32.393360699625205
Morocco,4,1,142.33446368017135
Morocco,4,1,0.0
Morocco,4,1,2.85561306442977
Morocco,4,1,195.6987328217027
Morocco,4,1,0.0
Morocco,4,1,0.0
Morocco,4,1,130.97893985364985
Morocco,4,1,0.0
Morocco,4,1,0.0
Morocco,4,1,-2705.7826164554704
Morocco,4,1,379.26111011957886
Morocco,4,1,0.0
Morocco,4,1,0.0
Morocco,4,1,202.12386221666966
Morocco,4,1,-44.351240406924866
Morocco,4,1,0.0
Morocco,4,1,0.0
Morocco,4,1,0.0
Morocco,4,1,96.37694092450474
Morocco,4,1,-5.53275031233268
Morocco,4,1,0.0
Morocco,4,1,44.88666785650545
Morocco,4,1,0.0
Morocco,4,1,0.0
Morocco,4,1,0.0
Morocco,4,1,0.0
Morocco,4,1,0.0
Morocco,4,1,0.0
Morocco,4,1,0.0
Morocco,4,1,0.0
Morocco,4,1,0.0
Morocco,4,0,106.77315723719437
Morocco,4,0,41.13867570944137
Morocco,4,0,364.1799036230591
Morocco,4,0,-97.87167588791719
Morocco,4,0,-122.56826699982153
Morocco,4,0,59.36998036766019
Morocco,4,0,0.0
Morocco,4,0,95.2703908620382
Morocco,4,0,143.49455648759596
Morocco,4,0,-24.718900588970197
Morocco,4,0,37.03373192932358
Morocco,4,0,125.20078529359273
Morocco,4,0,83.66053899696593
Morocco,4,0,226.3341067285383
Morocco,4,0,33.91040514010352
Morocco,4,0,50.3301802605747
Morocco,4,0,-18.284847403176872
Morocco,4,0,-159.2450472960914
Morocco,4,0,-8.656077101552741
Morocco,4,0,172.67535248973766
Morocco,4,0,61.351197008020264
Morocco,4,1,-32.48259860788863
Morocco,4,1,-38.72925218632876
Morocco,4,1,138.22951990005356
Morocco,4,1,-37.79225414956274
Morocco,4,1,-8.8345529180796
Morocco,4,1,68.71318936284135
Morocco,4,1,212.6896305550598
Morocco,4,1,45.877208638229526
Morocco,4,1,1772.9899161163664
Morocco,4,1,262.537926111012
Morocco,4,1,-137.06942709262896
Morocco,4,1,223.60342673567735
Morocco,4,1,-208.9095162468767
Morocco,4,1,194.76173478493666
Morocco,4,1,352.7128324112083
Morocco,4,1,-27.84222737819026
Morocco,4,1,645.056219882206
Morocco,4,1,28.64536855256113
Morocco,4,1,190.46716044975906
Morocco,4,1,0.0
Morocco,4,1,93.4543994288774
Morocco,4,1,-35.98485535092808
Morocco,4,1,-26.307335356059255
Morocco,4,1,107.80608602534357
Morocco,4,1,34.18927360342674
Morocco,4,1,0.0
Morocco,4,1,3.6810637158665003
Morocco,4,1,107.7547742280921
Morocco,4,1,103.51597358557916
Morocco,4,1,17.814117437087276
Morocco,4,1,13.385686239514547
Morocco,4,1,26.325182937711944
Morocco,4,1,30.920935213278604
Morocco,4,1,429.44627877922545
Morocco,4,1,31.00124933071569
Morocco,4,1,0.0
Morocco,4,1,51.534892022131004
Morocco,4,1,104.63144743887204
Morocco,4,1,-6.737462073888989
Morocco,4,1,0.0
Morocco,4,1,-41.852578975548816
Morocco,4,1,-159.1997660293593
Morocco,4,1,-3.078638117972515
Morocco,4,1,9.146885597001607
Morocco,4,1,615.7415670176691
Morocco,4,1,133.21658040335535
Morocco,4,1,114.60411484361057
Morocco,4,1,90.6657147956452
Morocco,4,1,282.12899339639483
Morocco,4,1,4.015705871854364
Morocco,4,1,0.0
Morocco,4,1,149.80813849723364
Morocco,4,1,0.0
Morocco,4,1,-17.031054792075675
Morocco,4,1,206.49651972157776
Morocco,4,1,259.860823721667
Morocco,4,1,1.1824022844904516
Morocco,4,1,0.0
Morocco,4,1,68.73650102344726
Morocco,4,1,-620.3819382473675
Morocco,4,1,-12.48204784267357
Morocco,4,1,460.6686010842406
Morocco,4,1,61.308787214996435
Morocco,4,1,263.97699195743354
Morocco,4,1,5.53275031233268
Morocco,4,1,85.6683919328931
Morocco,4,1,7.495984294128147
Morocco,4,1,29.585046340966894
Morocco,4,1,0.0
Morocco,4,1,19.63233981795467
Morocco,4,1,1099.7010530073176
Morocco,4,1,23.648180766720955
Morocco,4,1,101.73121542031056
Morocco,4,1,-89.95181152953775
Morocco,4,1,35.463144743887206
Morocco,4,1,124.35502953217028
Morocco,4,1,106.4385150812065
Morocco,4,1,13.385686239514547
Morocco,4,1,166.9195074067464
Morocco,4,1,7.674460110655007
Morocco,4,1,0.0
Morocco,4,1,-440.64807636534005
Morocco,4,1,0.0
Morocco,4,0,0.0
Morocco,4,0,0.0
Morocco,4,0,28.065322148848832
Morocco,4,0,0.0
Morocco,4,0,-4.863466000356952
Morocco,4,0,-14.423076923076925
Morocco,4,0,6.871318936284134
Morocco,4,0,6.737462073888989
Morocco,4,0,41.77449580581832
Morocco,4,0,0.0
Morocco,4,0,0.0
Morocco,4,0,0.0
Morocco,4,0,15.081206496519723
Morocco,4,0,56.398358022487955
Morocco,4,0,0.0
Morocco,4,0,0.0
Morocco,4,0,327.235409601999
Morocco,4,0,168.396464505622
Morocco,4,0,55.32750312332679
Morocco,4,0,30.0285561306443
Morocco,4,0,106.33589148670356
Morocco,4,0,89.95181152953775
Morocco,4,0,30.251650901302877
Morocco,4,0,5.024094235231127
Morocco,4,0,15.181599143316083
Morocco,4,0,19.05229341424237
Morocco,4,0,12.34639576454578
Morocco,4,0,0.0
Morocco,4,0,1820.4533285739783
Morocco,4,0,160.62823487417455
Morocco,4,0,674.6385864715331
Morocco,4,0,267.2675352489738
Morocco,4,0,51.445654113867576
Morocco,4,0,332.7458504372658
Morocco,4,0,111.10119578797074
Morocco,4,0,646.2386221666965
Morocco,4,0,21.684811708013566
Morocco,4,0,56.197908242515176
Morocco,4,0,0.0
Morocco,4,0,92.18275923612352
Morocco,4,0,193.11083348206319
Morocco,4,0,212.16647331786544
Morocco,4,0,192.09575227556667
Morocco,4,0,19.186150276637516
Morocco,4,0,0.0
Morocco,4,0,129.77455924839373
Morocco,4,0,21.383633767624488
Morocco,4,0,1.963233981795467
Morocco,4,0,134.1248462737596
Morocco,4,0,-26.81599143316081
Morocco,4,0,40.09013028734607
Morocco,4,0,0.0
Morocco,4,0,233.39076861725863
Morocco,4,0,95.54033553453507
Morocco,4,0,567.7315723719437
Morocco,4,0,125.2677137247903
Morocco,4,0,14.389612707478138
Morocco,4,0,49.7501338568624
Morocco,4,0,316.61609851865074
Morocco,4,0,-4.506514367303231
Morocco,4,0,-162.75209709084422
Morocco,4,0,203.46243084062112
Morocco,4,0,35.9963412457612
Morocco,4,0,13.117972514724256
Morocco,4,0,4.004551133321435
Morocco,4,0,-37.3414022761244
Morocco,4,0,0.0
Morocco,4,0,6.893628413349992
Morocco,4,0,336.48268784579693
Morocco,4,0,315.75767167142607
Morocco,4,0,714.0611056576835
Morocco,4,0,84.32982330894164
Morocco,4,0,0.0
Morocco,4,0,0.0
Morocco,4,0,36.810637158665
Morocco,4,0,9.994645725504196
Morocco,4,0,0.0
Morocco,4,0,14.27806532214885
Morocco,4,0,235.58807781545602
Morocco,4,0,16.843655184722472
Morocco,4,0,133.23219703730146
Morocco,4,0,0.0
Morocco,4,0,160.94074184588615
Morocco,4,0,0.0
Morocco,4,0,17.457165804033554
Morocco,4,0,-392.6467963590934
Morocco,4,1,-12.259057647688739
Morocco,4,1,28.161588413851955
Morocco,4,1,16.274763519543104
Morocco,4,1,5.889701945386401
Morocco,4,1,48.946992682491526
Morocco,4,1,15.170444404783153
Morocco,4,1,0.0
Morocco,4,1,1204.8456184187044
Morocco,4,1,243.74219168302696
Morocco,4,1,8.879171872211316
Morocco,4,1,5.276191326075318
Morocco,4,1,2.6771372479029094
Morocco,4,1,-12.493307156880244
Morocco,4,1,214.24956845105302
Morocco,4,1,-0.044618954131715155
Morocco,4,1,469.58102802070323
Morocco,4,1,202.617354821078
Morocco,4,1,10.69739425307871
Morocco,4,1,0.0
Morocco,4,1,349.0986971265394
Morocco,4,1,285.97420606148495
Morocco,4,1,108.95948598964841
Morocco,4,1,258.10966920622883
Morocco,4,1,78.195048272131
Morocco,4,1,210.28913082277353
Morocco,4,1,-7.451365339996431
Morocco,4,1,0.0
Morocco,4,1,169.328930929859
Morocco,4,1,0.0
Morocco,4,1,79.7786899875067
Morocco,4,1,0.0
Morocco,4,1,19.63233981795467
Morocco,4,0,0.0
Morocco,4,0,83.25896840978048
Morocco,4,0,0.0
Morocco,4,0,95.92043325004462
Morocco,4,0,-47.50959133221043
Morocco,4,0,14.95627342495092
Morocco,4,0,0.0
Morocco,4,0,13.653399964304837
Morocco,4,0,77.04594462508925
Morocco,4,0,42.28092093521328
Morocco,4,0,40.38082451644209
Morocco,4,0,67.36463376204712
Morocco,4,0,-27.461955369891133
Morocco,4,0,28.37765482777084
Morocco,4,0,601.820453328574
Morocco,4,0,9.771550954845619
Morocco,4,0,106.6578102690523
Morocco,4,0,-80.33542473061307
Morocco,4,0,7.83062645011601
Morocco,4,0,42.56648224165626
Morocco,4,0,63.26108868156569
Morocco,4,0,72.57719079064788
Morocco,4,0,97.6042933194271
Morocco,4,0,-0.17847581652686062
Morocco,4,0,174.05854006782081
Morocco,4,0,26.771372479029093
Morocco,4,0,23.023380331965022
Morocco,4,0,42.748304479743
Morocco,4,0,743.887203283955
Morocco,4,0,-485.00803141174373
Morocco,4,1,14.513430305193648
Morocco,4,1,284.16741728761383
Morocco,4,1,-44.57433517758344
Morocco,4,1,26.325182937711944
Morocco,4,1,134.92771729430663
Morocco,4,1,-436.43862662859186
Morocco,4,1,20.726175221421563
Morocco,4,1,90.4098268366277
Morocco,4,1,19.342978928698912
Morocco,4,1,2.275566660717473
Morocco,4,1,-85.57915402462967
Morocco,4,1,-53.11584962854721
Morocco,4,1,318.8024272711048
Morocco,4,1,41.049437801177945
Morocco,4,1,4.060324825986079
Morocco,4,1,109.36105657683385
Morocco,4,1,104.85454220953062
Morocco,4,1,46.829265572015
Morocco,4,1,185.30251650901306
Morocco,4,1,141.2624933071569
Morocco,4,1,59.399544782092185
Morocco,4,1,6.425129394966983
Morocco,4,1,18.204533285739785
Morocco,4,1,43.45886132429056
Morocco,4,1,57.47256370052874
Morocco,4,1,-2403.5511110119583
Morocco,4,1,18.182223808673925
Morocco,4,1,159.21259397867215
Morocco,4,1,150.14445386400143
Morocco,4,1,-32.05704315419753
Morocco,4,1,46.7271997144387
Morocco,4,1,185.1686596466179
Morocco,4,1,0.0
Morocco,4,1,129.17521863287527
Morocco,4,1,8.120649651972158
Morocco,4,1,-281.4563626628592
Morocco,4,1,397.52978315188295
Morocco,4,0,75.71836516152062
Morocco,4,0,65.92896662502231
Morocco,4,0,0.0
Morocco,4,0,41.76334106728539
Morocco,4,0,38.46153846153847
Morocco,4,0,78.17240763876495
Morocco,4,0,223.30001784758167
Morocco,4,0,58.46867749419954
Morocco,4,0,47.26039621631269
Morocco,4,0,34.90094592182759
Morocco,4,0,17.40139211136891
Morocco,4,0,0.0
Morocco,4,0,131.19757272889524
Morocco,4,0,184.63323219703733
Morocco,4,0,120.64965197215778
Morocco,4,0,103.7301445654114
Morocco,4,0,0.0
Morocco,4,0,49.8126003926468
Morocco,4,0,51.07085489916117
Morocco,4,0,159.06657147956454
Morocco,4,0,128.59182580760307
Morocco,4,0,211.3599857219347
Morocco,4,0,23.915759414599325
Morocco,4,0,77.12832411208282
Morocco,4,0,-41.64733178654293
Morocco,4,0,341.8079600214171
Morocco,4,0,4.506514367303231
Morocco,4,0,168.28484740317688
Morocco,4,0,20.19453864001428
Morocco,4,0,140.6835623772979
Morocco,4,1,3.524897376405497
Morocco,4,1,101.73121542031056
Morocco,4,1,0.0
Morocco,4,1,-962.0114224522578
Morocco,4,1,24.63858647153311
Morocco,4,1,40.71033374977691
Morocco,4,1,224.2548634660004
Morocco,4,1,354.19418168838126
Morocco,4,1,0.0
Morocco,4,1,98.11708013564163
Morocco,4,1,4.908084954488667
Morocco,4,1,115.67910048188472
Morocco,4,1,53.78368731036945
Morocco,4,1,4.640371229698376
Morocco,4,1,-35.38283062645012
Morocco,4,1,42.7003391040514
Morocco,4,1,33.58914867035517
Morocco,4,1,226.46796359093344
Morocco,4,1,240.84419061217207
Morocco,4,1,0.0
Morocco,4,1,81.41174370872747
Morocco,4,1,0.0
Morocco,4,1,635.4542209530609
Morocco,4,1,198.46510797786902
Morocco,4,1,1421.1047653043015
Morocco,4,1,0.0
Morocco,4,1,43.494556487595936
Morocco,4,1,63.24290558629306
Morocco,4,1,60.0571122612886
Morocco,4,1,341.2011422452258
Morocco,4,0,1.3742637872568269
Morocco,4,0,26.46796359093343
Morocco,4,0,53.257183651615215
Morocco,4,0,0.0
Morocco,4,0,35.900410494378015
Morocco,4,0,53.57844012136356
Morocco,4,0,48.277708370515796
Morocco,4,0,-14.510083883633769
Morocco,4,0,81.08156344815278
Morocco,4,0,52.6949848295556
Morocco,4,0,132.38443690879888
Morocco,4,0,30.340888809566305
Morocco,4,0,0.0
Morocco,4,0,95.75227556666073
Morocco,4,0,56.06817776191327
Morocco,4,0,101.32964483312512
Morocco,4,0,38.229519900053546
Morocco,4,0,2.5968231304658222
Morocco,4,0,3.337497769052294
Morocco,4,0,32.03640906657148
Morocco,4,0,256.27342495091915
Morocco,4,0,0.026771372479029096
Morocco,4,0,0.0
Morocco,4,0,0.044618954131715155
Morocco,4,0,0.0
Morocco,4,0,-3.658754238800643
Morocco,4,0,86.77494199535964
Morocco,4,0,-15.313225058004642
Morocco,4,0,12.51115473853293
Morocco,4,1,964.8848830983403
Morocco,4,1,-16.178832768159914
Morocco,4,1,570.7567374620739
Morocco,4,1,16.92843119757273
Morocco,4,1,5.041941816883813
Morocco,4,1,107.34427985008033
Morocco,4,1,171.0690701409959
Morocco,4,1,167.12475459575228
Morocco,4,1,3860.03034088881
Morocco,4,1,43.83366053899697
Morocco,4,1,190.26414420845978
Morocco,4,1,2423.7015884347675
Morocco,4,1,133.87470997679816
Morocco,4,1,95.6630376583973
Morocco,4,1,1054.7474567196145
Morocco,4,1,296.7160449759058
Morocco,4,1,138.56862395145458
Morocco,4,1,1170.6050330180262
Morocco,4,1,41.56701766910584
Morocco,4,1,232.95555952168485
Morocco,4,1,232.2238086739247
Morocco,4,1,274.504729609138
Morocco,4,1,315.6255577369267
Morocco,4,1,10.771015527396038
Morocco,4,1,0.0
Morocco,4,1,1619.5341781188652
Morocco,4,1,381.62145279314655
Morocco,4,1,1.401035159735856
Morocco,4,1,70.25700517579868
Morocco,4,0,312.3326789220061
Morocco,4,0,122.30947706585759
Morocco,4,0,-16.95520257005176
Morocco,4,0,-2119.9357487060506
Morocco,4,0,950.205247189006
Morocco,4,0,5.621988220596109
Morocco,4,0,582.5450651436731
Morocco,4,0,-41.76334106728539
Morocco,4,0,-40.15705871854364
Morocco,4,0,81.7062288059968
Morocco,4,0,-66.78565054435124
Morocco,4,0,0.0
Morocco,4,0,-11.243976441192219
Morocco,4,0,-32.125646974834915
Morocco,4,0,107.76369801891845
Morocco,4,0,532.2148848830984
Morocco,4,0,114.2245225771908
Morocco,4,0,0.0
Morocco,4,0,-66.12529002320186
Morocco,4,0,-30.073175084776015
Morocco,4,0,1.3385686239514547
Morocco,4,0,1.7847581652686062
Morocco,4,0,-22.487952882384437
Morocco,4,0,-17.13367838657862
Morocco,4,0,0.0
Morocco,4,0,43.10190969123684
Morocco,4,0,-80.22487952882385
Morocco,4,0,7.585222202391576
Morocco,4,0,0.0
Morocco,4,0,5.389969659111191
Morocco,4,0,60.41406389434232
Morocco,4,0,2.230947706585758
Morocco,4,0,335.0883455291808
Morocco,4,0,-34.356594681420674
Morocco,4,0,0.0
Morocco,4,0,-344.9937533464216
Morocco,4,0,183.47090844190615
Morocco,4,0,78.08316973050152
Morocco,4,0,20.970908441906122
Morocco,4,0,0.0
Morocco,4,0,18.40085668391933
Morocco,4,0,2.6771372479029094
Morocco,4,0,1.3385686239514547
Morocco,4,1,281.0994110298055
Morocco,4,1,57.20149919685883
Morocco,4,1,3431.572371943602
Morocco,4,1,-102.08816705336427
Morocco,4,1,-67.46385864715332
Morocco,4,1,1611.6366232375515
Morocco,4,1,557.2907371051223
Morocco,4,1,551.169016598251
Morocco,4,1,-24.94467946858826
Morocco,4,1,-85.6683919328931
Morocco,4,1,561.3599857219348
Morocco,4,1,217.91897197929683
Morocco,4,1,15.616633946100304
Morocco,4,1,-35.516687488845264
Morocco,4,1,369.4449402106015
Morocco,4,1,-393.3606996252008
Morocco,4,1,-4.104943780117795
Morocco,4,1,0.0
Morocco,4,1,133.23219703730146
Morocco,4,1,57.82616455470284
Morocco,4,1,-8.424058540067822
Morocco,4,1,22.84490451543816
Morocco,4,1,-3.712296983758701
Morocco,4,1,-15.259682313046584
Morocco,4,1,-82.00963769409246
Morocco,4,1,5.621988220596109
Morocco,4,1,-122.14884883098341
Morocco,4,1,23.335713010887027
Morocco,4,1,29.270033910405143
Morocco,4,1,-19.427092628948778
Morocco,4,1,25.87899339639479
Morocco,4,1,366.24129930394434
Morocco,4,1,-20.828127788684636
Morocco,4,1,-89.86257362127432
Morocco,4,1,-11.957879707299663
Morocco,4,1,284.311975727289
Morocco,4,1,-18.240228449045155
Morocco,4,1,642.2452257719079
Morocco,4,1,119.57879707299662
Morocco,4,1,137.56915937890417
Morocco,4,1,-6.514367303230413
Morocco,4,1,12.493307156880244
Morocco,4,1,-119.4895591647332
Morocco,4,1,81.65268606103874
Morocco,4,0,103.59628770301624
Morocco,4,0,-22.6664286989113
Morocco,4,0,-153.62529002320187
Morocco,4,0,42.46832054256649
Morocco,4,0,0.0
Morocco,4,0,66.05389969659112
Morocco,4,0,10.748706050330181
Morocco,4,0,-860.7888631090487
Morocco,4,0,2932.0765661252904
Morocco,4,0,-8.754238800642513
Morocco,4,0,-1.7847581652686062
Morocco,4,0,-321.5688024272711
Morocco,4,0,3.631982866321614
Morocco,4,0,38.923344636801716
Morocco,4,0,-222.12653935391756
Morocco,4,0,-20.274852757451367
Morocco,4,0,1.0173121542031056
Morocco,4,0,52.10601463501696
Morocco,4,0,-72.28270569337856
Morocco,4,0,8.923790826343032
Morocco,4,0,7.585222202391576
Morocco,4,0,218.05282884169196
Morocco,4,0,0.0
Morocco,4,0,9.36105657683384
Morocco,4,0,0.0
Morocco,4,0,3251.4724254863468
Morocco,4,0,-43.9853649830448
Morocco,4,0,-71.74727824379798
Morocco,4,0,-12.89487774406568
Morocco,4,0,55.34981260039265
Morocco,4,0,622.8805996787436
Morocco,4,0,0.0
Morocco,4,0,0.0
Morocco,4,0,4.265572014991969
Morocco,4,0,6.683919328930931
Morocco,4,0,-54.1674103159022
Morocco,4,0,85.7308584686775
Morocco,4,0,3158.0894163840803
Morocco,4,0,-6.951633053721221
Morocco,4,0,0.0
Morocco,4,0,49.705514902730684
Morocco,4,0,-13.037658397287169
Morocco,4,0,15.679100481884706
Morocco,4,0,-91.53578440121365
Morocco,4,0,0.0
Morocco,4,0,-5.782616455470285
Morocco,4,0,-3.2571836516152066
Morocco,4,0,-30.08209887560236
Morocco,4,0,266.2636087810102
Morocco,4,0,-363.9568088524005
Morocco,4,0,-55.55952168481171
Morocco,4,1,11.342138140281993
Morocco,4,1,0.0
Morocco,4,1,6.420667499553811
Morocco,4,1,-23.13938961270748
Morocco,4,1,42.19168302694985
Morocco,4,1,0.544351240406925
Morocco,4,1,-23.648045689809035
Morocco,4,1,-55.14010351597359
Morocco,4,1,26.41442084597537
Morocco,4,1,0.0
Morocco,4,1,42.31661609851866
Morocco,4,1,-19.77512047117616
Morocco,4,1,13.39461003034089
Morocco,4,1,36.14162082185325
Morocco,4,1,350.0803141174371
Morocco,4,1,32.125646974834915
Morocco,4,1,44.52971622345173
Morocco,4,1,190.87988577547745
Morocco,4,1,124.94199535962878
Morocco,4,1,6.737462073888989
Morocco,4,1,24.986614313760487
Morocco,4,1,-19.81081563448153
Morocco,4,1,4.568980903087632
Morocco,4,1,-21.39478850615742
Morocco,4,1,-1.7847581652686062
Morocco,4,1,1.3385686239514547
Morocco,4,1,-79.55559521684812
Morocco,4,1,1.2850258789933966
Morocco,4,1,-29.894699268249155
Morocco,4,1,-50.66928431197573
Morocco,4,1,57.6298411565233
Morocco,4,1,18.026057469212923
Morocco,4,1,0.0
Morocco,4,1,-23.20185614849188
Morocco,4,1,19.48063537390684
Morocco,4,1,0.0
Morocco,4,1,-6.157415670176691
Morocco,4,1,9.65554167410316
Morocco,4,1,172.3362484383366
Morocco,4,1,0.0
Morocco,4,1,211.20381938247368
Morocco,4,1,-11.632161342138142
Morocco,4,1,0.0
Morocco,4,1,-51.20471176155631
Morocco,4,1,14.670712118507943
Morocco,4,1,12.21666964126361
Morocco,4,1,47.80920935213279
Morocco,4,1,79.46635730858469
Morocco,4,1,-52.77083705157951
Morocco,4,1,-207.70123148313405
Morocco,4,1,122.4790290915581
Morocco,4,1,-42.521863287524546
Morocco,4,1,0.0
Morocco,4,0,0.0
Morocco,4,0,0.0
Morocco,4,0,-40.27925975063582
Morocco,4,0,-101.90969123683742
Morocco,4,0,10.806710690701411
Morocco,4,0,0.0
Morocco,4,0,-78.08316973050152
Morocco,4,0,-67.59704448230859
Morocco,4,0,0.0
Morocco,4,0,-134.74924147777978
Morocco,4,0,-61.08334820631805
Morocco,4,0,-8.54006782081028
Morocco,4,0,-22.086382295199
Morocco,4,0,3.993731908408442
Morocco,4,0,0.0
Morocco,4,0,-470.6853471354632
Morocco,4,0,-54.83602360063806
Morocco,4,0,0.0
Morocco,4,0,0.0
Morocco,4,0,33.19650187399608
Morocco,4,0,0.0
Morocco,4,0,23.20185614849188
Morocco,4,0,3213.458470908442
Morocco,4,0,0.0
Morocco,4,0,0.0
Morocco,4,0,-12.493307156880244
Morocco,4,0,41.736569694806356
Morocco,4,0,39.086203819382476
Morocco,4,0,0.0
Morocco,4,0,225.70051757986795
Morocco,4,0,26.96769587720864
Morocco,4,1,0.0
Morocco,4,1,0.0
Morocco,4,1,-21.774049616276997
Morocco,4,1,-10.083883633767625
Morocco,4,1,90.71033374977691
Morocco,4,1,41.4956273424951
Morocco,4,1,0.0
Morocco,4,1,6.246653578440122
Morocco,4,1,7.495984294128147
Morocco,4,1,-14.27806532214885
Morocco,4,1,-2.6771372479029094
Morocco,4,1,0.0
Morocco,4,1,-18.739960735320366
Morocco,4,1,16.41977512047118
Morocco,4,1,-42.07567374620739
Morocco,4,1,0.0
Morocco,4,1,58.004640371229705
Morocco,4,1,-88.07781545600572
Morocco,4,1,0.0
Morocco,4,1,6.246653578440122
Morocco,4,1,-10.351597358557916
Morocco,4,1,-83.39282527217563
Morocco,4,1,0.0
Morocco,4,1,401.0708548991612
Morocco,4,1,10.228895234695699
Morocco,4,1,-1.7847581652686062
Morocco,4,1,-70.40870961984652
Morocco,4,1,0.0
Morocco,4,1,0.0
Morocco,4,1,242.95020524718902
Morocco,4,1,-12.493307156880244
Morocco,4,1,-50.608748068835894
Morocco,4,1,-90.41584865250759
Morocco,4,1,0.0
Morocco,4,1,0.0
Morocco,4,1,0.0
Morocco,4,1,0.0
Morocco,4,1,20.524718900588972
Morocco,4,1,0.0
Morocco,4,1,36.92005381464171
Morocco,4,1,8.522220239157594
Morocco,4,1,-96.01998929145101
Morocco,4,1,0.0
Morocco,4,1,0.0
Morocco,4,1,-22.220239157594147
Morocco,4,1,0.0
Morocco,4,1,45.56714176557202
Morocco,4,1,2.230947706585758
Morocco,4,1,0.0
Morocco,4,1,-43.72657504908086
Morocco,4,1,0.0
Morocco,4,1,-3.819382473674817
Morocco,4,1,451.0083883633768
Morocco,4,1,117.20519943278155
Morocco,4,1,0.0
Morocco,4,1,0.0
Morocco,4,1,-82.9912546849902
Morocco,4,1,0.0
Morocco,4,1,3.0789082717963594
Morocco,4,1,40.3199179011244
Morocco,4,1,9.369980367660183
Morocco,4,0,-53.63198286632162
Morocco,4,0,943.9028199179012
Morocco,4,0,2301.2047117615566
Morocco,4,0,190.96912368374086
Morocco,4,0,60.9764021506336
Morocco,4,0,498.15946814206677
Morocco,4,0,190.96912368374086
Morocco,4,0,-16.776726753524898
Morocco,4,0,-1112.7696658040336
Morocco,4,0,4.461895413171516
Morocco,4,0,-71.12261288595396
Morocco,4,0,8.923790826343032
Morocco,4,0,26.16455470283777
Morocco,4,0,22.972303829979477
Morocco,4,0,8.923790826343032
Morocco,4,0,29.228765735153047
Morocco,4,0,-0.8923790826343031
Morocco,4,0,-13.385686239514547
Morocco,4,0,2050.7585222202392
Morocco,4,0,17.847581652686063
Morocco,4,0,3.703373192932358
Morocco,4,0,-11.309898331529984
Morocco,4,0,2.76637515616634
Morocco,4,0,-8.700696055684455
Morocco,4,0,0.0
Morocco,4,0,-0.7139032661074425
Morocco,4,0,221.57772621809747
Morocco,4,0,-38.37230055327503
Morocco,4,0,0.0
Morocco,4,0,-22.75566660717473
Morocco,4,0,606.1373371408175
Morocco,4,1,0.0
Morocco,4,1,117.24076387649474
Morocco,4,1,-11.06550062466536
Morocco,4,1,49.500267713724796
Morocco,4,1,22.71997144386936
Morocco,4,1,8.522220239157594
Morocco,4,1,206.71961449223633
Morocco,4,1,347.6708905943245
Morocco,4,1,602.7574513653401
Morocco,4,1,102.31126182402285
Morocco,4,1,921.8989826878459
Morocco,4,1,26.253792611101197
Morocco,4,1,444.58325896840984
Morocco,4,1,-3.3018026057469214
Morocco,4,1,241.07174727824383
Morocco,4,1,97.3540960199893
Morocco,4,1,0.0
Morocco,4,1,93.83366053899698
Morocco,4,1,88.033196501874
Morocco,4,1,-0.27663751561663397
Morocco,4,1,140.28199179011244
Morocco,4,1,433.3392825272176
Morocco,4,1,-44.79742994824202
Morocco,4,1,-610.1641977512048
Morocco,4,1,0.8923790826343031
Morocco,4,1,83.88363376762449
Morocco,4,1,-48.009994645725506
Morocco,4,1,-13.546314474388721
Morocco,4,1,339.0594324469035
Morocco,4,1,253.14117437087276
Morocco,4,1,11.60092807424594
Morocco,4,1,109.95895056219884
Morocco,4,1,224.12100660360522
Morocco,4,1,526.8606103872926
Morocco,4,1,0.0
Morocco,4,1,117.79403890772801
Morocco,4,1,102.64144208459754
Morocco,4,1,-48.545422095306094
Morocco,4,1,72.32732464751027
Morocco,4,1,13.474924147777978
Morocco,4,1,211.940032125647
Morocco,4,1,20.07852935927182
Morocco,4,1,180.26057469212924
Morocco,4,1,-21.86328752454043
Morocco,4,1,2.9716223451722295
Morocco,4,1,-0.9369980367660183
Morocco,4,1,97.80474745671962
Morocco,4,0,2.293414242370159
Morocco,4,0,533.9550240942352
Morocco,4,0,526.7713724790292
Morocco,4,0,1840.888809566304
Morocco,4,0,126.79814385150813
Morocco,4,0,0.0
Morocco,4,0,0.0
Morocco,4,0,0.44618954131715155
Morocco,4,0,85.22220239157595
Morocco,4,0,758.8791718722114
Morocco,4,0,5271.452793146529
Morocco,4,0,163.7069427092629
Morocco,4,0,1.38318757808317
Morocco,4,1,-13.117972514724256
Morocco,4,1,62.064965197215784
Morocco,4,1,673.799750133857
Morocco,4,1,137.0605033018026
Morocco,4,1,-1766.9552025700518
Morocco,4,1,78.57397822595038
Morocco,4,1,227.34249509191505
Morocco,4,1,149.39318222380868
Morocco,4,1,472.6932000713904
Morocco,4,1,148.40264144208462
Morocco,4,1,-305.2382652150634
Morocco,4,1,1073.175084776013
Morocco,4,1,969.0701409958951
Morocco,4,0,72.37194360164199
Morocco,4,0,38.19382473674818
Morocco,4,0,-123.90683562377299
Morocco,4,0,0.6157415670176691
Morocco,4,0,2.0881670533642693
Morocco,4,0,0.0
Morocco,4,0,0.0
Morocco,4,0,155.97893985364985
Morocco,4,0,1181.733000178476
Morocco,4,0,889.7465643405319
Morocco,4,0,12.98411565232911
Morocco,4,0,115.47385329287883
Morocco,4,0,225.54881313582013
Morocco,4,0,21.417097983223275
Morocco,4,0,40.647867213992505
Morocco,4,0,773.2910940567554
Morocco,4,0,2.230947706585758
Morocco,4,0,-86.5786185971801
Morocco,4,0,160.62823487417455
Morocco,4,0,29.983937176512587
Morocco,4,0,69.60556844547564
Morocco,4,0,0.0
Morocco,4,0,35.3382116723184
Morocco,4,0,8.923790826343032
Morocco,4,0,43.63733714081742
Morocco,4,0,-3.2750312332678924
Morocco,4,0,119.66803498126005
Morocco,4,0,46.62680706764234
Morocco,4,0,0.0
Morocco,4,0,43.90505086560771
Morocco,4,0,-149.063001963234
Morocco,4,0,0.0
Morocco,4,0,0.0
Morocco,4,0,0.0
Morocco,4,0,384.4190612172051
Morocco,4,0,-16.089594859896486
Morocco,4,0,53.36426914153133
Morocco,4,0,-62.91272532571837
Morocco,4,0,0.8031411743708728
Morocco,4,0,0.0
Morocco,4,0,107.08548991611637
Morocco,4,0,0.1004931374828496
Morocco,4,0,31.85793325004462
Morocco,4,0,56.75530965554168
Morocco,4,0,-27.217562020346246
Morocco,4,0,0.0
Morocco,4,0,8.352668213457077
Morocco,4,0,41.06728538283063
Morocco,4,0,324.1210066036052
Morocco,4,0,-11.101195787970731
Morocco,4,0,-61.92218454399429
Morocco,4,0,252.36480456898093
Morocco,4,0,6.487595930751384
Morocco,4,0,15.081206496519723
Morocco,4,0,46.501873996073535
Morocco,4,0,213.52846689273605
Morocco,4,0,288.41691950740676
Morocco,4,0,128.9844726039622
Morocco,4,0,7.085489916116367
Morocco,4,0,0.8923790826343031
Morocco,4,0,95.48456184187043
Morocco,4,0,320.966446546493
Morocco,4,0,-208.93271461716938
Morocco,4,0,230.85846867749422
Morocco,4,0,13.564162056041408
Morocco,4,0,25.52204176334107
Morocco,4,0,37.85472068534714
Morocco,4,0,9.280742459396752
Morocco,4,0,37.221131536676786
Morocco,4,0,39.46100303408888
Morocco,4,0,446.23416027128326
Morocco,4,0,-50.740674638586476
Morocco,4,0,-29.22541495627343
Morocco,4,0,1.6735457488942866
Morocco,4,0,18.037212207745853
Morocco,4,0,1094.4973674817063
Morocco,4,0,0.0
Morocco,4,0,0.0
Morocco,4,0,1007.3030073175086
Morocco,4,0,-90.09459218275924
Morocco,4,0,125.441727645904
Morocco,4,0,139.59939150901303
Morocco,4,0,78.8863109048724
Morocco,4,0,210.60146350169555
Morocco,4,0,0.0
Morocco,4,0,435.4363733714082
Morocco,4,0,13.965732643226843
Morocco,4,0,33.95702846131537
Morocco,4,0,84.50383723005534
Morocco,4,0,1484.0978047474568
Morocco,4,0,-31.840085668391936
Morocco,4,0,0.0
Morocco,4,0,34.07789179624755
Morocco,4,0,93.69980367660183
Morocco,4,0,76.03069784044263
Morocco,4,0,155.65423238666787
Morocco,4,0,220.49589087319296
Morocco,4,0,0.0
Morocco,4,1,-7.049794752810994
Morocco,4,1,-11.69016598250937
Morocco,4,1,163.66232375513118
Morocco,4,1,13.787256826699984
Morocco,4,1,1911.0744244154919
Morocco,4,1,5.978939853649831
Morocco,4,1,317.68695341781194
Morocco,4,1,14.144208459753704
Morocco,4,1,1029.5438827413886
Morocco,4,1,-111.23505265036589
Morocco,4,1,12.912725325718366
Morocco,4,1,104.89916116366233
Morocco,4,1,58.60253435659469
Morocco,4,1,-4.676066393003748
Morocco,4,1,92.80742459396753
Morocco,4,1,10.976262716401928
Morocco,4,1,500.7139032661075
Morocco,4,1,27.35141888274139
Morocco,4,1,212.07388898804214
Morocco,4,1,153.96216312689631
Morocco,4,1,291.4420845975371
Morocco,4,1,0.8923790826343031
Morocco,4,1,5.2204176334106736
Morocco,4,1,119.25754060324827
Morocco,4,1,317.6423344636802
Morocco,4,1,2.0524718900588974
Morocco,4,1,-10.048188470462254
Morocco,4,1,85.44529716223452
Morocco,4,1,0.08923790826343031
Morocco,4,1,160.6996252007853
Morocco,4,1,2494.449402106015
Morocco,4,1,199.0005354274496
Morocco,4,1,-148.26878457968945
Morocco,4,1,143.00374799214708
Morocco,4,1,150.7452062511155
Morocco,4,1,236.4536855256113
Morocco,4,1,-128.49924147777978
Morocco,4,1,3.4267356773157243
Morocco,4,1,77.13724790290917
Morocco,4,1,50.41941816883813
Morocco,4,1,62.73424950919151
Morocco,4,1,-20.569337854720686
Morocco,4,1,41.016078161252906
Morocco,4,1,1054.4364486658933
Morocco,4,1,151.48134927717297
Morocco,4,1,118.77565589862574
Morocco,4,1,0.0
Morocco,4,1,-305.1936462609317
Morocco,4,1,-3.2393360699625204
Morocco,4,1,-154.6635695999911
Morocco,4,1,2579.4574335177585
Morocco,4,1,-46.71604497590577
Morocco,4,1,3531.35820096377
Morocco,4,1,64.87595930751384
Morocco,4,1,205.2772022242549
Morocco,4,1,0.0
Morocco,4,1,3325.7897554881315
Morocco,4,1,132.2505800464037
Morocco,4,1,185.6371586650009
Morocco,4,1,176.51258254506516
Morocco,4,1,149.91968588256293
Morocco,4,1,1.963233981795467
Morocco,4,1,156.52329109405676
Morocco,4,1,-28.82384436908799
Morocco,4,1,172.40763876494736
Morocco,4,1,0.0
Morocco,4,1,114.40299839371767
Morocco,4,1,209.21827592361237
Morocco,4,1,-736.8150990540782
Morocco,4,1,228.22595038372302
Morocco,4,1,123.4829555595217
Morocco,4,1,421.3814028199179
Morocco,4,1,0.0
Morocco,4,1,-398.4829555595217
Morocco,4,1,62.64501160092808
Morocco,4,1,-30.78707835088346
Morocco,4,1,527.8667678029627
Morocco,4,1,134.70462252364806
Morocco,4,1,211.940032125647
Morocco,4,1,19.186150276637516
Morocco,4,1,0.0
Morocco,4,1,0.0
Morocco,4,1,109.71800820988757
Morocco,4,1,55.505978939853655
Morocco,4,1,-4.283419596644655
Morocco,4,1,3.7479921470640734
Morocco,4,1,342.4950919150455
Morocco,4,1,-95.48456184187043
Morocco,4,1,-116.90165982509372
Morocco,4,1,85.31144029983938
Morocco,4,1,22.247010530073176
Morocco,4,1,8.56683919328931
Morocco,4,1,-36.40906657147957
Morocco,4,0,36.498304479743
Morocco,4,0,204.06924861681244
Morocco,4,0,305.99678743530256
Morocco,4,0,328.7078350883456
Morocco,4,0,31.41174370872747
Morocco,4,0,178.9666250223095
Morocco,4,0,-5.621988220596109
Morocco,4,0,56.130644297697664
Morocco,4,0,0.0
Morocco,4,0,-80.58183116187757
Morocco,4,0,263.1179725147243
Morocco,4,0,10.699625200785295
Morocco,4,0,963.7694092450474
Morocco,4,0,-0.8923790826343031
Morocco,4,0,393.2268427628057
Morocco,4,0,9.280742459396752
Morocco,4,0,473.228627520971
Morocco,4,0,11.15473853292879
Morocco,4,0,17.312154203105482
Morocco,4,0,-151.16901659825095
Morocco,4,0,34.624308406210965
Morocco,4,0,-2.9448509726932004
Morocco,4,0,29.662680706764235
Morocco,4,0,33.46421559878637
Morocco,4,0,-23.291094056755313
Morocco,4,0,24.406567910048192
Morocco,4,0,92.94128145636267
Morocco,4,0,-48.09923255398894
Morocco,4,0,0.0
Morocco,4,0,-1.3385686239514547
Morocco,4,0,-175.48634660003572
Morocco,4,0,0.0
Morocco,4,0,-27.52989469926825
Morocco,4,0,-58.629305729073714
Morocco,4,0,0.0
Morocco,4,0,46.67142602177405
Morocco,4,1,15.884347670890596
Morocco,4,1,6.425129394966983
Morocco,4,1,-15.705871854363735
Morocco,4,1,0.0
Morocco,4,1,161.43137604854545
Morocco,4,1,122.70212386221668
Morocco,4,0,-10.887024808138499
Morocco,4,0,-14.45654113867571
Morocco,4,0,237.19436016419778
Morocco,4,0,2918.9719792968053
Morocco,4,0,0.0
Morocco,4,0,-11.948955916473318
Morocco,4,0,-35.96287703016242
Morocco,4,0,0.0
Morocco,4,0,0.0
Morocco,4,0,0.0
Morocco,4,0,0.0
Morocco,4,0,-34.26735677315724
Morocco,4,0,-57.20149919685883
Morocco,4,0,0.0
Morocco,4,0,-42.74495805818312
Morocco,4,0,86.65000892379084
Morocco,4,0,0.0
Morocco,4,0,-36.052114938425845
Morocco,4,0,-103.11440299839373
Morocco,4,0,-33.553453507049795
Morocco,4,0,-1.695520257005176
Morocco,4,0,-127.52097090844192
Morocco,4,0,20.70319471711583
Morocco,4,0,-17.13367838657862
Morocco,4,1,-1629.439585936106
Morocco,4,1,80.71568802427272
Morocco,4,1,336.60538996965914
Morocco,4,1,247.67981438515085
Morocco,4,1,-427.7262180974478
Morocco,4,1,141.5313225058005
Morocco,4,1,-4.908084954488667
Morocco,4,1,76.8338390148135
Morocco,4,1,590.0410494378012
Morocco,4,1,-25.34356594681421
Morocco,4,1,261.1993574870605
Morocco,4,1,193.64626093164378
Morocco,4,1,562.7342495091916
Morocco,4,1,0.0
Morocco,4,1,23.96037836873104
Morocco,4,1,75.6291272532572
Morocco,4,1,-66.74995538104588
Morocco,4,1,-0.8923790826343031
Morocco,4,1,30.519364626093168
Morocco,4,1,121.98822059610924
Morocco,4,1,349.54488666785653
Morocco,4,1,-8.879171872211316
Morocco,4,1,0.0
Morocco,4,1,0.0
Morocco,4,1,40.3355345350705
Morocco,4,1,61.48491879350349
Morocco,4,1,82.63430305193647
Morocco,4,1,0.0
Morocco,4,1,25.43280385507764
Morocco,4,1,0.0
Morocco,4,1,673.4784936641086
Morocco,4,1,-13.207210422987686
Morocco,4,1,0.0
Morocco,4,1,90.79957165804035
Morocco,4,1,248.52757451365343
Morocco,4,1,-5.443512404069249
Morocco,4,1,15.259682313046584
Morocco,4,1,196.4126360878101
Morocco,4,1,0.0
Morocco,4,1,0.0
Morocco,4,1,-0.26771372479029093
Morocco,4,0,0.0
Morocco,4,0,0.0
Morocco,4,0,0.0
Morocco,4,0,72.46118150990542
Morocco,4,0,90.84419061217206
Morocco,4,0,-25.34356594681421
Morocco,4,0,325.2721756202035
Morocco,4,0,-20.792432625379263
Morocco,4,0,0.0
Morocco,4,0,-23.648045689809035
Morocco,4,0,-8.20988756023559
Morocco,4,0,176.51258254506516
Morocco,4,0,0.0
Morocco,4,0,-7.406746385864716
Morocco,4,0,-94.68142066749957
Morocco,4,0,-18.739960735320366
Morocco,4,0,0.0
Morocco,4,0,0.0
Morocco,4,0,188.429189719793
Morocco,4,0,118.59718008209889
Morocco,4,0,265.2150633589149
Morocco,4,0,274.90853114403
Morocco,4,0,117.30323041227915
Morocco,4,0,95.51806091602714
Morocco,4,0,20.85956149328485
Morocco,4,0,441.00279705068715
Morocco,4,0,96.55541674103159
Morocco,4,0,197.99828217026595
Morocco,4,0,-23.1718516447662
Morocco,4,0,94.5036071635731
Morocco,4,0,67.17393566365118
Morocco,4,0,-6.7814100007808324
Morocco,4,0,146.1941687907148
Morocco,4,1,527.7759612595931
Morocco,4,1,-10.708548991611638
Morocco,4,1,217.45082154649296
Morocco,4,1,6.960556844547565
Morocco,4,1,64.46323398179547
Morocco,4,1,134.74924147777978
Morocco,4,1,-13.530662981884706
Morocco,4,1,-11.60092807424594
Morocco,4,1,1.2939496698197395
Morocco,4,1,13.218465379874623
Morocco,4,1,58.21674598150545
Morocco,4,1,9.816169908977335
Morocco,4,1,-20.301624129930396
Morocco,4,1,2.587899339639479
Morocco,4,1,190.8019071814207
Morocco,4,1,48.59004104943781
Morocco,4,1,154.29701443423167
Morocco,4,1,158.12957344279852
Morocco,4,1,109.36440299839373
Morocco,4,1,134.89425307870783
Morocco,4,1,0.0
Morocco,4,1,145.89349629941552
Morocco,4,1,44.440478315188294
Morocco,4,1,-115.79253022934144
Morocco,4,1,188.0833928252722
Morocco,4,1,130.48366946278782
Morocco,4,1,-17.78065322148849
Morocco,4,1,47.35443153360923
Morocco,4,1,-11.118381057023024
Morocco,4,1,141.2129680109986
Morocco,4,1,110.02148681509907
Morocco,4,1,128.34809477065858
Morocco,4,1,174.72815553609675
Morocco,4,1,398.0903087631626
Morocco,4,1,-8.39215424493575
Morocco,4,1,0.0
Morocco,4,1,286.62133775990543
Morocco,4,1,100.88345529180796
Morocco,4,0,0.0
Morocco,4,0,157.32643226842765
Morocco,4,0,974.6564340531859
Morocco,4,0,349.70105300731757
Morocco,4,0,28.64536855256113
Morocco,4,0,43.19114759950027
Morocco,4,0,74.68773703819383
Morocco,4,0,29.448509726932002
Morocco,4,0,81.56351786989114
Morocco,4,0,20.25700517579868
Morocco,4,0,0.055773692664643944
Morocco,4,0,603.9178927583438
Morocco,4,0,161.4540166819115
Morocco,4,0,404.0279760842406
Morocco,4,0,-4.9638586471533115
Morocco,4,0,32.0810280207032
Morocco,4,0,95.61874986056577
Morocco,4,0,4.194181688381224
Morocco,4,0,5.577369266464395
Morocco,4,0,31.85793325004462
Morocco,4,0,269.5164699714439
Morocco,4,0,20.07852935927182
Morocco,4,1,16.776726753524898
Morocco,4,1,122.42548634660005
Morocco,4,1,911.8775655898627
Morocco,4,1,5.845082991254685
Morocco,4,1,-2.6771372479029094
Morocco,4,1,240.94235231126186
Morocco,4,1,35.24897376405497
Morocco,4,1,678.5650544351241
Morocco,4,1,69.85543458861325
Morocco,4,1,55.70682959324247
Morocco,4,1,129.48420489023738
Morocco,4,1,129.66268070676423
Morocco,4,1,92.80742459396753
Morocco,4,1,104.67606639300375
Morocco,4,1,90.96689273603428
Morocco,4,1,85.19543101909692
Morocco,4,1,340.21060146350175
Morocco,4,1,-147.84936641085133
Morocco,4,1,23.880064251293952
Morocco,4,1,-151.65090130287348
Morocco,4,1,-67.68695341781189
Morocco,4,1,568.7221131536677
Morocco,4,1,89.50562198822061
Morocco,4,1,22.148848830983404
Morocco,4,1,177.94038907728003
Morocco,4,1,98.18847046225237
Morocco,4,1,1116.1877565589864
Morocco,4,1,-11.199357487060505
Morocco,4,1,72.95199000535428
Morocco,4,1,-20.033910405140105
Morocco,4,1,9.111190433696235
Morocco,4,1,-216.49116544708195
Morocco,4,1,3038.416919507407
Morocco,4,1,0.0
Morocco,4,1,460.5479207567375
Morocco,4,0,634.4726039621631
Morocco,4,0,452.2577190790648
Morocco,4,0,0.0
Morocco,4,0,19.676958772086383
Morocco,4,0,-9.280742459396752
Morocco,4,0,195.07406746385865
Morocco,4,0,-13.92111368909513
Morocco,4,0,177.44522326209176
Morocco,4,0,3.337497769052294
Morocco,4,0,713.6804502052472
Morocco,4,0,268.77565589862576
Morocco,4,0,185.39175441727647
Morocco,4,0,151.65090130287348
Morocco,4,0,776.1467071211852
Morocco,4,0,184.18704265572018
Morocco,4,0,502.5611279671605
Morocco,4,0,100.25878993396395
Morocco,4,0,269.35570230233805
Morocco,4,0,-0.7585222202391577
Morocco,4,0,30.117794038907732
Morocco,4,0,93.16437622702125
Morocco,4,0,60.0571122612886
Morocco,4,0,21.069070140995898
Morocco,4,0,547.3295555952169
Morocco,4,0,314.02819917901127
Morocco,4,0,80.40335534535072
Morocco,4,0,213.68017133678387
Morocco,4,0,224.8795288238444
Morocco,4,0,306.93378547206856
Morocco,4,0,23.826521506335894
Morocco,4,0,68.65072282705694
Morocco,4,0,278.24379796537573
Morocco,4,0,120.67196144922364
Morocco,4,0,-59.834017490630025
Morocco,4,0,19.944672496876674
Morocco,4,0,227.11047653043013
Morocco,4,0,-2.8109941102980547
Morocco,4,0,156.38943423166162
Morocco,4,0,44.172764590398
Morocco,4,0,283.68731036944496
Morocco,4,0,78.79707299660896
Morocco,4,0,431.866857040871
Morocco,4,0,13.251829377119401
Morocco,4,0,972.3362484383367
Morocco,4,0,175.62020346243085
Morocco,4,1,7.3353560592539715
Morocco,4,1,108.51329644833126
Morocco,4,1,17.49063001963234
Morocco,4,1,46.85882562912726
Morocco,4,1,433.3839014813493
Morocco,4,1,-2.76637515616634
Morocco,4,1,382.03640906657154
Morocco,4,1,35.7620917365697
Morocco,4,1,917.9882707924327
Morocco,4,1,14.635016955202572
Morocco,4,1,-135.82009637694094
Morocco,4,1,533.8211672318401
Morocco,4,1,-24.31733000178476
Morocco,4,1,257.69230769230774
Morocco,4,1,306.8713189362842
Morocco,4,1,1.3385686239514547
Morocco,4,1,-291.27253257183656
Morocco,4,1,3177.4495805818315
Morocco,4,0,23.20185614849188
Morocco,4,0,33.723005532750314
Morocco,4,0,133.79439585936106
Morocco,4,0,52.60574692129217
Morocco,4,0,-121.14715331072641
Morocco,4,0,112.1720506871319
Morocco,4,0,-163.3946100303409
Morocco,4,0,-130.62177906924862
Morocco,4,0,11.779403890772802
Morocco,4,0,2204.577904693914
Morocco,4,0,0.0
Morocco,4,0,44.21738354452972
Morocco,4,0,535.4274495805819
Morocco,4,0,6.960556844547565
Morocco,4,0,53.87738711404605
Morocco,4,0,-10.463144743887204
Morocco,4,0,18.204533285739785
Morocco,4,0,-272.44333392825274
Morocco,4,0,0.0
Morocco,4,0,5.782616455470285
Morocco,4,1,9.816169908977335
Morocco,4,1,0.0
Morocco,4,1,1373.9960735320365
Morocco,4,1,-16.062823487417457
Morocco,4,1,0.7139032661074425
Morocco,4,1,-0.35695163305372124
Morocco,4,1,-43.99428877387115
Morocco,4,1,40.06782081028021
Morocco,4,1,144.00142606360433
Morocco,4,1,0.6246653578440122
Morocco,4,1,0.0
Morocco,4,1,537.3772978761378
Morocco,4,1,0.0
Morocco,4,1,0.0
Morocco,4,1,0.0
Morocco,4,1,0.0
Morocco,4,1,-0.580046403712297
Morocco,4,1,-88.79171872211316
Morocco,4,1,770.4224438916652
Morocco,4,1,-38.37230055327503
Morocco,4,1,144.29769766196682
Morocco,4,1,99.14331608067108
Morocco,4,1,62.64501160092808
Morocco,4,1,-21.542031054792076
Morocco,4,1,0.0
Morocco,4,1,0.0
Morocco,4,1,36.67678029626986
Morocco,4,1,0.0
Morocco,4,1,-64.25129394966983
Morocco,4,1,5.354274495805819
Morocco,4,1,-37.434631489269144
Morocco,4,1,0.0
Morocco,4,1,-1.38318757808317
Morocco,4,1,0.0
Morocco,4,1,0.0
Morocco,4,1,20.944137069427093
Morocco,4,1,0.0
Morocco,4,0,0.0
Morocco,4,0,0.0
Morocco,4,0,49.43780117794039
Morocco,4,0,-66.259146885597
Morocco,4,0,40.24629662680707
Morocco,4,0,42.41031590219526
Morocco,4,0,12.047117615563092
Morocco,4,0,62.91272532571837
Morocco,4,0,108.69177226485812
Morocco,4,0,572.9553364269142
Morocco,4,0,3.123326789220061
Morocco,4,0,-46.76066393003748
Morocco,4,0,1228.850615741567
Morocco,4,0,531.7686953417813
Morocco,4,0,55.28288416919508
Morocco,4,0,241.03159021952527
Morocco,4,0,402.6949848295556
Morocco,4,0,88.79171872211316
Morocco,4,0,92.80742459396753
Morocco,4,0,562.2434410137427
Morocco,4,0,0.0
Morocco,4,0,-30.340888809566305
Morocco,4,0,208.7899339639479
Morocco,4,0,1186.6857040870964
Morocco,4,0,-90.05889701945387
Morocco,4,0,915.268606103873
Morocco,4,0,-22.83598072461182
Morocco,4,0,83.08049259325362
Morocco,4,0,-3.730144565411387
Morocco,4,0,-28.10994110298055
Morocco,4,0,190.07674460110655
Morocco,4,0,0.0
Morocco,4,0,-18.115295377476354
Morocco,4,0,-255.04194181688385
Morocco,4,0,189.22898447260397
Morocco,4,0,-38.59539532393361
Morocco,4,0,0.0
Morocco,4,0,-24.986614313760487
Morocco,4,0,93.16437622702125
Morocco,4,0,-19.81081563448153
Morocco,4,0,97.62627164019277
Morocco,4,0,16.062823487417457
Morocco,4,1,118.90951276102089
Morocco,4,1,86.96234160271284
Morocco,4,1,74.60289130822774
Morocco,4,1,140.23737283598075
Morocco,4,1,0.0
Morocco,4,1,156.47867213992507
Morocco,4,1,0.0
Morocco,4,1,-198.73282170265932
Morocco,4,1,101.46350169552026
Morocco,4,1,-17.936819560949495
Morocco,4,1,-21.595573799750134
Morocco,4,1,-29.40389077280029
Morocco,4,1,87.23005532750314
Morocco,4,1,-11.779403890772802
Morocco,4,1,0.0
Morocco,4,1,420.75673746207394
Morocco,4,1,39.97858290201678
Morocco,4,1,164.77779760842407
Morocco,4,1,12.604854542209532
Morocco,4,1,146.48402641442087
Morocco,4,1,34.624308406210965
Morocco,4,1,28.91308227735142
Morocco,4,1,0.0
Morocco,4,1,0.0
Morocco,4,0,240.2284490451544
Morocco,4,0,-7.808316973050152
Morocco,4,0,167.58879171872212
Morocco,4,0,4.4172764590398
Morocco,4,0,0.0
Morocco,4,0,394.7885061574157
Morocco,4,0,7.585222202391576
Morocco,4,0,145.27931465286454
Morocco,4,0,95.41763341067286
Morocco,4,0,52.873460646082464
Morocco,4,0,36.67678029626986
Morocco,4,0,-14.590398001070856
Morocco,4,0,134.1691950740675
Morocco,4,0,-42.9680528288417
Morocco,4,0,14.099589505621989
Morocco,4,0,-12.189898268784582
Morocco,4,0,-40.87096198465108
Morocco,4,0,17.446011065500628
Morocco,4,0,0.0
Morocco,4,0,1.160092807424594
Morocco,4,1,131.44743887203285
Morocco,4,1,116.35730858468679
Morocco,4,1,0.0
Morocco,4,1,40.06782081028021
Morocco,4,1,1.6062823487417457
Morocco,4,1,-134.39228984472606
Morocco,4,0,7.139032661074425
Morocco,4,0,5.1222559343209
Morocco,4,0,9.325361413528467
Morocco,4,0,19.186150276637516
Morocco,4,0,21.238622166696416
Morocco,4,0,47.83151882919865
Morocco,4,0,114.85811172586115
Morocco,4,0,-57.567374620738896
Morocco,4,0,35.90933428520436
Morocco,4,0,-3.5695163305372124
Morocco,4,0,-675.9771550954846
Morocco,4,0,77.10155273960379
Morocco,4,0,-3.5695163305372124
Morocco,4,0,1043.7622702123863
Morocco,4,0,-40.37122969837587
Morocco,4,0,-45.38640014278066
Morocco,4,0,51.499196858825634
Morocco,4,0,317.68695341781194
Morocco,4,0,2.9901398647348523
Morocco,4,0,-92.80742459396753
Morocco,4,0,-5.376583972871677
Morocco,4,0,-16.062823487417457
Morocco,4,0,-8.923790826343032
Morocco,4,0,-8.102802070319472
Morocco,4,0,4.908084954488667
Morocco,4,0,-4.015705871854364
Morocco,4,0,-1.7847581652686062
Morocco,4,0,67.37462073888989
Morocco,4,0,820.029448509727
Morocco,4,0,-44.172764590398
Morocco,4,0,-84.43690879885776
Morocco,4,0,-7.139032661074425
Morocco,4,0,358.56683919328935
Morocco,4,0,-4.908084954488667
Morocco,4,0,-43.94966981973943
Morocco,4,0,-166.16098518650725
Morocco,4,0,-8.33482063180439
Morocco,4,0,3.3018026057469214
Morocco,4,0,-2.6771372479029094
Morocco,4,0,330.5152513162592
Morocco,4,0,-45.01160092807425
Morocco,4,1,8.682983550943693
Morocco,4,1,-137.1586650008924
Morocco,4,1,43.72657504908086
Morocco,4,1,-24.094235231126184
Morocco,4,1,-54.711626479397204
Morocco,4,1,6.692843119757273
Morocco,4,1,6.068177761913262
Morocco,4,1,-84.7760128502588
Morocco,4,1,-34.80278422273782
Morocco,4,1,6.335891486703552
Morocco,4,1,-77.63698018918437
Morocco,4,1,73.03230412279137
Morocco,4,1,-35.463144743887206
Morocco,4,1,-6.246653578440122
Morocco,4,1,-4.461895413171516
Morocco,4,1,-14.27806532214885
Morocco,4,1,-33.785472068534716
Morocco,4,1,-16.062823487417457
Morocco,4,1,-73.62127431733
Morocco,4,1,-197.1533107263966
Morocco,4,1,-229.78761377833305
Morocco,4,1,10.652943055756962
Morocco,4,1,-22.20884912379529
Morocco,4,1,29.894699268249155
Morocco,4,1,-83.52668213457078
Morocco,4,1,-34.80278422273782
Morocco,4,1,-18.650722827056935
Morocco,4,1,2.5769798963724795
Morocco,4,1,130.28734606460824
Morocco,4,1,16.59825093699804
Morocco,4,1,-37.29029091558094
Morocco,4,1,5.354274495805819
Morocco,4,0,0.0
Morocco,4,0,-52.67233983886981
Morocco,4,0,-313.31429591290384
Morocco,4,0,-832.1876952079244
Morocco,4,0,-38.64001427806532
Morocco,4,0,-369.4449402106015
Morocco,4,0,-497.9475281099412
Morocco,4,0,-66.2145279314653
Morocco,4,0,0.0
Morocco,4,0,13.062233680617528
Morocco,4,0,-136.17704800999465
Morocco,4,0,-92.80742459396753
Morocco,4,0,-14.010351597358559
Morocco,4,0,46.62694214455426
Morocco,4,0,-289.0772800285562
Morocco,4,0,-461.47118452168485
Morocco,4,0,-6.246653578440122
Morocco,4,0,-237.81902552204178
Morocco,4,0,-1.3385686239514547
Morocco,4,0,-274.81922351865074
Morocco,4,0,-9.905407817240764
Morocco,4,0,-72.37194360164199
Morocco,4,0,5.80046403712297
Morocco,4,0,93.35400678208104
Morocco,4,0,-4556.487595930752
Morocco,4,0,170.68980903087632
Morocco,4,0,-494.9579187488846
Morocco,4,0,-166.238963780564
Morocco,4,0,-46.01326158977334
Morocco,4,0,42.43262537926111
Morocco,4,0,10.953953239336071
Morocco,4,0,0.0
Morocco,4,0,-118.68641799036232
Morocco,4,0,-308.1384972336249
Morocco,4,0,-139.91378084285205
Morocco,4,0,-6.157415670176691
Morocco,4,0,-11.957879707299663
Morocco,4,0,-206.2377297876138
Morocco,4,0,-315.09905407817246
Morocco,4,0,55.41674103159023
Morocco,4,0,0.0
Morocco,4,0,0.0
Morocco,4,0,-10.887024808138499
Morocco,4,0,-9.414465334209911
Morocco,4,0,-46.582188113510625
Morocco,4,0,0.0
Morocco,4,0,92.98590041049438
Morocco,4,0,-27.663751561663396
Morocco,4,0,-306.04074407683385
Morocco,4,0,-1.427806532214885
Morocco,4,0,0.0
Morocco,4,0,-72.28270569337856
Morocco,4,0,-15.719190002147288
Morocco,4,0,0.0
Morocco,4,0,-104.40835266821347
Morocco,4,0,-33.46421559878637
Morocco,4,0,2.4272711047653046
Morocco,4,1,63.76048545422096
Morocco,4,1,-36.14135284668928
Morocco,4,1,79.7786899875067
Morocco,4,1,-35.159735855791546
Morocco,4,1,-12.225593432089953
Morocco,4,1,-17.49063001963234
Morocco,4,1,-50.588970194538646
Morocco,4,1,1.2828284281823077
Morocco,4,1,-26.72675352489738
Morocco,4,1,22.84051015848095
Morocco,4,1,-1.7847581652686062
Morocco,4,1,-9.816169908977335
Morocco,4,1,17.49063001963234
Morocco,4,1,-4.908084954488667
Morocco,4,1,-8.165268606103874
Morocco,4,1,-363.64447617347855
Morocco,4,1,-95.05621988220597
Morocco,4,1,-0.26771372479029093
Morocco,4,1,-180.25611279671605
Morocco,4,1,-268.5726396573265
Morocco,4,1,0.0
Morocco,4,1,-2.587899339639479
Morocco,4,1,31.032482598607892
Morocco,4,1,0.0
Morocco,4,1,-33.018026057469214
Morocco,4,1,-5.175798679278958
Morocco,4,1,-63.269676958772095
Morocco,4,1,-10.262359450294486
Morocco,4,1,210.33374977690525
Morocco,4,1,0.0
Morocco,4,1,-14.724254863466001
Morocco,4,1,-94.23523112618241
Morocco,4,1,-1.3385686239514547
Morocco,4,1,197.24941577056936
Morocco,4,1,-24.31733000178476
Morocco,4,1,444.40478315188295
Morocco,4,1,200.65143673032307
Morocco,4,1,-236.92664643940748
Morocco,4,1,0.0
Morocco,4,1,-9.470373014456541
Morocco,4,1,3.5695163305372124
Morocco,4,1,59.61092271997145
Morocco,4,1,52.28449045154382
Morocco,4,1,-3.926467963590934
Morocco,4,1,9.780474745671963
Morocco,4,1,0.0
Morocco,4,1,-242.72711047653044
Morocco,4,1,31.15295377476352
Morocco,4,1,-5.514902730679993
Morocco,4,1,0.0
Morocco,4,1,-67.46385864715332
Morocco,4,1,8.174192396930216
Morocco,4,1,0.0
Morocco,4,1,-189.18436551847228
Morocco,4,1,-150.4551133321435
Morocco,4,1,7.09441370694271
Morocco,4,1,77.0837051579511
Morocco,4,1,0.0
Morocco,4,1,59.555149027306804
Morocco,4,1,0.0
Morocco,4,1,49.25040157058719
Morocco,4,1,41.09405675530966
Morocco,4,1,94.45612980769232
Morocco,4,1,-25.87899339639479
Morocco,4,1,3.2571836516152066
Morocco,4,1,-16.241299303944317
Morocco,4,1,-569.1236837408532
Morocco,4,1,43.815812957344285
Morocco,4,1,9.816169908977335
Morocco,4,0,197.06407281813316
Morocco,4,0,-88.97019453864002
Morocco,4,0,-55.238265215063365
Morocco,4,0,-31.277886846332326
Morocco,4,0,8.20988756023559
Morocco,4,0,1838.4347670890595
Morocco,4,0,-102.9002320185615
Morocco,4,0,0.847760128502588
Morocco,4,0,-0.8923790826343031
Morocco,4,0,-6.558986257362128
Morocco,4,0,0.8031411743708728
Morocco,4,0,-9.816169908977335
Morocco,4,0,-40.87096198465108
Morocco,4,0,-5.845082991254685
Morocco,4,0,-820.6318043905052
Morocco,4,0,-28.5561306442977
Morocco,4,0,-4.461895413171516
Morocco,4,0,1358.3794395859363
Morocco,4,0,-47.742280920935215
Morocco,4,0,-1.160092807424594
Morocco,4,0,-135.55238265215064
Morocco,4,0,68.52578975548813
Morocco,4,0,97.02837765482778
Morocco,4,0,0.0
Morocco,4,0,0.0
Morocco,4,0,4.328038550776371
Morocco,4,0,5.7558450829912555
Morocco,4,0,-16.241299303944317
Morocco,4,0,-121.36355523826522
Morocco,4,0,-169.37354988399073
Morocco,4,0,0.0
Morocco,4,0,-31.724076387649475
Morocco,4,0,-12.71640192753882
Morocco,4,0,-7.3621274317330005
Morocco,4,0,96.48402641442085
Morocco,4,0,-105.49705514902732
Morocco,4,0,105.16687488845263
Morocco,4,1,30.385507763698023
Morocco,4,1,-88.79171872211316
Morocco,4,1,1515.215063358915
Morocco,4,1,1696.8142066749956
Morocco,4,1,-99.05407817240764
Morocco,4,1,-80.77815456005712
Morocco,4,1,30.7335356059254
Morocco,4,1,1510.3515973585581
Morocco,4,1,-192.12921649116547
Morocco,4,1,-20.613956808852404
Morocco,4,1,-62.198822059610926
Morocco,4,1,-323.8443690879886
Morocco,4,1,9.378904158486526
Morocco,4,1,-21.417097983223275
Morocco,4,1,-20.497947528109943
Morocco,4,1,-46.939139746564344
Morocco,4,1,127.1640192753882
Morocco,4,1,-260.03926467963595
Morocco,4,1,22.34517222916295
Morocco,4,1,6.246653578440122
Morocco,4,1,16.062823487417457
Morocco,4,1,-4.506514367303231
Morocco,4,1,-72.90737105122257
Morocco,4,1,0.0
Morocco,4,1,19.02552204176334
Morocco,4,1,-9.503837230055328
Morocco,4,1,2.6771372479029094
Morocco,4,1,-20.89951811529538
Morocco,4,1,-41.049437801177945
Morocco,4,1,-38.19382473674818
Morocco,4,1,27.663751561663396
Morocco,4,0,-65.14367303230412
Morocco,4,0,-3.167945743351776
Morocco,4,0,42.254149562734256
Morocco,4,0,-2.230947706585758
Morocco,4,0,-6.246653578440122
Morocco,4,0,7.3621274317330005
Morocco,4,0,-20.70319471711583
Morocco,4,0,15.779593347035071
Morocco,4,0,-145.90398001070855
Morocco,4,0,-0.8923790826343031
Morocco,4,0,-3.123326789220061
Morocco,4,0,0.0
Morocco,4,0,58.80778154560058
Morocco,4,0,15.357844012136358
Morocco,4,0,-768.6726837185437
Morocco,4,0,-41.87455293899474
Morocco,4,0,-28.5561306442977
Morocco,4,0,-165.09013028734608
Morocco,4,0,82.25950383723006
Morocco,4,0,0.0
Morocco,4,0,43.77119400321257
Morocco,4,0,76.71124146662503
Morocco,4,0,-0.35695163305372124
Morocco,4,0,0.0
Morocco,4,0,-18.739960735320366
Morocco,4,0,-32.393360699625205
Morocco,4,0,-39.62163126896306
Morocco,4,0,-9.57069594413707
Morocco,4,0,-23.54988399071926
Morocco,4,0,-57.714617169373554
Morocco,4,0,-386.93557023023385
Morocco,4,0,-5.967684896762895
Morocco,4,0,-24.361948955916475
Morocco,4,0,1.3385686239514547
Morocco,4,0,8.968409780474747
Morocco,4,0,-11.60092807424594
Morocco,4,0,641.4420845975371
Morocco,4,0,16.509013028734607
Morocco,4,0,0.0
Morocco,4,0,35.96287703016242
Morocco,4,0,17.312154203105482
Morocco,4,0,-47.117615563091206
Morocco,4,0,-115.60771015527398
Morocco,4,0,24.897376405497056
Morocco,4,0,11.60092807424594
Morocco,4,0,-34.356594681420674
Morocco,4,0,0.0
Morocco,4,0,-11.567296101837186
Morocco,4,0,-36.85525611279672
Morocco,4,0,-1.0708548991611637
Morocco,4,0,-10.887024808138499
Morocco,4,0,-24.277105404610257
Morocco,4,0,-20.011533389618286
Morocco,4,0,-33.91040514010352
Morocco,4,0,-1.3385686239514547
Morocco,4,0,-62.44422630733536
Morocco,4,1,0.0
Morocco,4,1,3.0787078350883457
Morocco,4,1,-24.986614313760487
Morocco,4,1,2.1060146350169555
Morocco,4,1,-33.10726396573265
Morocco,4,1,-4.461895413171516
Morocco,4,1,-39.487774406567915
Morocco,4,1,851.8985364983046
Morocco,4,1,-4.446278779225415
Morocco,4,1,37.28359807246118
Morocco,4,1,-30.430126717829737
Morocco,4,1,-8.031411743708729
Morocco,4,1,51.25602355880778
Morocco,4,1,-109.18258076030699
Morocco,4,1,-249.83264406344819
Morocco,4,1,-5.354274495805819
Morocco,4,1,-1.3385686239514547
Morocco,4,1,-2.6771372479029094
Morocco,4,1,-274.8527574513654
Morocco,4,1,-6.692843119757273
Morocco,4,1,10.708548991611638
Morocco,4,1,-113.77833303587364
Morocco,4,1,-132.7860074959843
Morocco,4,1,667.0533642691416
Morocco,4,1,846.9569873282171
Morocco,4,1,763.6533999643049
Morocco,4,1,-98.16169908977335
Morocco,4,1,1413.9746564340533
Morocco,4,1,-10.708548991611638
Morocco,4,1,3694.0032125646976
Morocco,4,1,805.8183116187757
Morocco,4,1,212.66509013028735
Morocco,4,1,120.73888988042121
Morocco,4,1,-91.91504551133322
Morocco,4,1,671.6602712832412
Morocco,4,1,-28.10994110298055
Morocco,4,1,-133.85686239514547
Morocco,4,1,243.4410137426379
Morocco,4,1,765.6612529002321
Morocco,4,1,0.0
Morocco,4,1,296.22523648045694
Morocco,4,1,9.994645725504196
Morocco,4,1,304.14510083883636
Morocco,4,1,356.23772978761383
Morocco,4,1,0.0
Morocco,4,1,40.3355345350705
Morocco,4,1,1052.8734606460825
Morocco,4,1,462.252364804569
Morocco,4,1,400.388184900946
Morocco,4,1,843.1197572728896
Morocco,4,0,217.91897197929683
Morocco,4,0,-46.76066393003748
Morocco,4,0,3.5695163305372124
Morocco,4,0,-27.52989469926825
Morocco,4,0,-229.3592718186686
Morocco,4,0,21.017758343744426
Morocco,4,0,6.960556844547565
Morocco,4,0,46.13599857219347
Morocco,4,0,4.461895413171516
Morocco,4,0,336.42691415313226
Morocco,4,0,-14.804568980903088
Morocco,4,0,1894.3423166160987
Morocco,4,0,-55.32750312332679
Morocco,4,0,534.0219525254329
Morocco,4,0,-111.02980546136
Morocco,4,0,59.52168481170802
Morocco,4,0,12.582545065143675
Morocco,4,0,10.083883633767625
Morocco,4,0,8.656077101552741
Morocco,4,0,-28.46689273603427
Morocco,4,0,101.19578797072998
Morocco,4,0,1.115473853292879
Morocco,4,0,-11.33321434945565
Morocco,4,0,17.758343744422632
Morocco,4,0,29.40389077280029
Morocco,4,0,21.55095484561842
Morocco,4,0,591.1119043369624
Morocco,4,0,32.03640906657148
Morocco,4,0,-9.369980367660183
Morocco,4,0,2.9448509726932004
Morocco,4,0,20.70319471711583
Morocco,4,0,-118.75780831697305
Morocco,4,0,6.603605211493843
Morocco,4,0,0.0
Morocco,4,0,-11.511690165982511
Morocco,4,0,160.62823487417455
Morocco,4,0,0.0
Morocco,4,0,625.7362127431734
Morocco,4,0,36.26628591825808
Morocco,4,1,-40.3355345350705
Morocco,4,1,-133.35936105657686
Morocco,4,1,-13.064429769766198
Morocco,4,1,-5.354274495805819
Morocco,4,1,81.20649651972158
Morocco,4,1,227.36034267356774
Morocco,4,1,239.83580224879532
Morocco,4,1,7.7190790647867225
Morocco,4,1,183.02694984829557
Morocco,4,1,-47.83151882919865
Morocco,4,1,8.522220239157594
Morocco,4,1,59.209352132786016
Morocco,4,1,-152.01677672675353
Morocco,4,1,-29.359271818668574
Morocco,4,1,127.21310012493308
Morocco,4,1,23.83990719257541
Morocco,4,1,-1121.9436016419777
Morocco,4,1,276.71559878636447
Morocco,4,1,26.771372479029093
Morocco,4,1,3143.1376048545426
Morocco,4,1,-303.7658397287168
Morocco,4,1,-355.70230233803323
Morocco,4,1,1.2939496698197395
Morocco,4,1,76.73567731572372
Morocco,4,1,98.96930215955739
Morocco,4,1,-6.960556844547565
Morocco,4,1,-27.958236658932716
Morocco,4,1,-264.23344636801716
Morocco,4,1,-36.373371408174194
Morocco,4,1,12.047117615563092
Morocco,4,1,-174.3150990540782
Morocco,4,1,-7.692307692307693
Morocco,4,1,983.1786542923435
Morocco,4,1,212.29698375870072
Morocco,4,0,161.65447081920402
Morocco,4,0,0.0
Morocco,4,0,234.9187935034803
Morocco,4,0,-3.2125646974834914
Morocco,4,0,0.0
Morocco,4,0,161.94449402106017
Morocco,4,0,368.59718008209893
Morocco,4,0,596.7785115116902
Morocco,4,0,81.65268606103874
Morocco,4,0,403.8907728002856
Morocco,4,0,1237.015884347671
Morocco,4,0,-196.10030340888812
Morocco,4,0,0.0
Morocco,4,0,0.0
Morocco,4,0,151.9721577726218
Morocco,4,0,236.1235052650366
Morocco,4,0,248.08138497233628
Morocco,4,0,27.217562020346246
Morocco,4,0,47.742280920935215
Morocco,4,0,0.0
Morocco,4,0,-136.2662859182581
Morocco,4,0,111.23505265036589
Morocco,4,0,441.2814563626629
Morocco,4,0,-22.65527396037837
Morocco,4,0,76.69998215241836
Morocco,4,0,162.68070676423346
Morocco,4,0,1089.148670355167
Morocco,4,1,0.0
Morocco,4,1,0.0
Morocco,4,0,44.440478315188294
Morocco,4,0,0.0
Morocco,4,0,0.0
Morocco,4,0,-44.79742994824202
Morocco,4,0,90.75495270390863
Morocco,4,0,-16.509013028734607
Morocco,4,0,0.0
Morocco,4,0,136.17704800999465
Morocco,4,0,-3.4802784222737824
Morocco,4,0,0.0
Morocco,4,0,107.78154560057114
Morocco,4,0,-14.813492771729432
Morocco,4,0,-40.96019989291452
Morocco,4,1,83.3482063180439
Morocco,4,1,30.519364626093168
Morocco,4,1,257.5406032482599
Morocco,4,1,64.25129394966983
Morocco,4,1,848.1170801356417
Morocco,4,1,220.06068177761915
Morocco,4,1,0.0
Morocco,4,1,100.57112261288596
Morocco,4,1,-35.69516330537213
Morocco,4,1,53.54274495805819
Morocco,4,1,0.0
Morocco,4,1,-154.20310547920758
Morocco,4,1,0.0
Morocco,4,1,300.5532750312333
Morocco,4,1,12.939496698197395
Morocco,4,1,-92.1381402819918
Morocco,4,1,2105.5684454756383
Morocco,4,1,0.0
Morocco,4,1,1231.4831340353383
Morocco,4,0,332.05425664822417
Morocco,4,0,8.656077101552741
Morocco,4,0,0.0
Morocco,4,0,34.4458325896841
Morocco,4,0,-24.540424772443338
Morocco,4,0,-8.031411743708729
Morocco,4,0,822.5058004640372
Morocco,4,1,4.406121720506872
Morocco,4,1,0.0
Morocco,4,1,0.0
Morocco,4,1,196.3233981795467
Morocco,4,1,-13.117972514724256
Morocco,4,1,0.0
Morocco,4,1,-9.013028734606461
Morocco,4,1,0.0
Morocco,4,1,41.22791361770481
Morocco,4,1,42.83419596644655
Morocco,4,1,-167.14260217740497
Morocco,4,1,1888.809566303766
Morocco,4,1,0.0
Morocco,4,1,-42.29876851686597
Morocco,4,1,-5.80046403712297
Morocco,4,1,-20.926289487774408
Morocco,4,1,-5.354274495805819
Morocco,4,1,0.0
Morocco,4,1,29.448509726932002
Morocco,4,1,0.0
Morocco,4,1,112.4397644119222
Morocco,4,1,125.46849901838301
Morocco,4,1,69.96252007852937
Morocco,4,0,0.0
Morocco,4,0,376.9320007139033
Morocco,4,0,0.0
Morocco,4,0,9.905407817240764
Morocco,4,0,0.0
Morocco,4,0,-41.049437801177945
Morocco,4,0,45.15438158129574
Morocco,4,0,25.87899339639479
Morocco,4,0,286.81063715866503
Morocco,4,0,20.881670533642694
Morocco,4,0,232.01856148491882
Morocco,4,0,-194.09245047296093
Morocco,4,0,34.80278422273782
Morocco,4,0,801.3564162056042
Morocco,4,0,6.068177761913262
Morocco,4,0,0.0
Morocco,4,0,233.80331965018743
Morocco,4,0,12.047117615563092
Morocco,4,0,0.0
Morocco,4,0,12.225593432089953
Morocco,4,0,0.0
Morocco,4,0,0.0
Morocco,4,0,3.2125646974834914
Morocco,4,1,0.0
Morocco,4,1,0.0
Morocco,4,1,0.0
Morocco,4,1,355.83615920042837
Morocco,4,1,0.0
Morocco,4,1,0.0
Morocco,4,0,0.0
Morocco,4,0,19.63233981795467
Morocco,4,0,624.6653578440122
Morocco,4,0,-447.9742994824202
Morocco,4,0,37.21220774585044
Morocco,4,0,224.43333928252724
Morocco,4,0,140.46046760663933
Morocco,4,0,53.275031233267896
Morocco,4,0,279.31465286453687
Morocco,4,0,924.504729609138
Morocco,4,0,0.0
Morocco,4,0,316.3483847938605
Morocco,4,1,223.9871497412101
Morocco,4,1,85.84686774941996
Morocco,4,1,432.79493128681065
Morocco,4,1,142.91451008388364
Morocco,4,1,138.16482241656257
Morocco,4,1,36.89987506692844
Morocco,4,1,3382.116723184009
Morocco,4,1,429.44850972693206
Morocco,4,1,135.6862395145458
Morocco,4,1,-10.351597358557916
Morocco,4,1,-33.174192396930216
Morocco,4,1,10.641620560414065
Morocco,4,1,-1.4902730679992862
Morocco,4,1,530.6978404426201
Morocco,4,1,76.00838836337677
Morocco,4,1,1023.201856148492
Morocco,4,1,21.943601641977516
Morocco,4,1,-9.816169908977335
Morocco,4,1,-273.99384258432985
Morocco,4,1,0.0
Morocco,4,1,194.5386400142781
Morocco,4,1,3257.4513653399968
Morocco,4,1,-362.21666964126365
Morocco,4,1,-39.4431554524362
Morocco,4,1,-79.64483312511156
Morocco,4,1,-48.143851508120655
Morocco,4,1,282.3041227913618
Morocco,4,1,-244.73496341245763
Morocco,4,1,76.90076744601107
Morocco,4,1,6.496519721577727
Morocco,4,1,-1.4456541138675711
Morocco,4,1,-149.69659111190435
Morocco,4,1,15.447081920399787
Morocco,4,1,-209.70908441906124
Morocco,4,1,-22.30947706585758
Morocco,4,1,1013.8988042120294
Morocco,4,1,-0.49080849544886673
Morocco,4,1,-18.918436551847226
Morocco,4,1,-154.38158129573443
Morocco,4,1,-9.816169908977335
Morocco,4,1,832.8127788684634
Morocco,4,1,21.86328752454043
Morocco,4,1,-49.973228627520974
Morocco,4,1,-48.63466000356952
Morocco,4,1,197.39425307870786
Morocco,4,1,-1054.4663573085847
Morocco,4,1,-37.56915937890416
Morocco,4,1,0.0
Morocco,4,0,-118.58825629127254
Morocco,4,0,-151.70444404783154
Morocco,4,0,94.770658575763
Morocco,4,0,-63.98358022487953
Morocco,4,0,97.34740317686955
Morocco,4,0,236.60538996965914
Morocco,4,0,71.43494556487596
Morocco,4,0,0.0
Morocco,4,0,-4.194181688381224
Morocco,4,0,6.831161877565591
Morocco,4,0,-22.13100124933072
Morocco,4,0,0.0
Morocco,4,0,-179.16294842048904
Morocco,4,0,0.0
Morocco,4,0,-103.24825986078888
Morocco,4,0,-117.83865786185973
Morocco,4,0,-529.680528288417
Morocco,4,0,4.908084954488667
Morocco,4,0,-27.284490451543817
Morocco,4,0,94.94913439228985
Morocco,4,0,199.35748706050333
Morocco,4,0,0.0
Morocco,4,0,-78.08316973050152
Morocco,4,0,3.7479921470640734
Morocco,4,0,-97.1354631447439
Morocco,4,0,417.5441727645904
Morocco,4,0,13.787256826699984
Morocco,4,0,-27.663751561663396
Morocco,4,0,-80.76030697840443
Morocco,4,0,-37.44422630733536
Morocco,4,0,-162.41299303944317
Morocco,4,0,-28.37765482777084
Morocco,4,0,-94.88220596109228
Morocco,4,1,7.424593967517402
Morocco,4,1,-26.057469212921653
Morocco,4,1,-5.889701945386401
Morocco,4,1,-0.8142959129038017
Morocco,4,1,-214.43869355702304
Morocco,4,1,8.031411743708729
Morocco,4,1,7.585222202391576
Morocco,4,1,26.057469212921653
Morocco,4,1,-300.95484561841874
Morocco,4,1,0.0
Morocco,4,1,-10.904872389791183
Morocco,4,1,91.91504551133322
Morocco,4,1,0.0
Morocco,4,1,481.7954667142603
Morocco,4,1,0.0
Morocco,4,1,-63.71586650008924
Morocco,4,1,-234.338747099768
Morocco,4,1,-438.15812957344286
Morocco,4,1,-333.7497769052294
Morocco,4,1,-17.936819560949495
Morocco,4,1,1.6732107799393183
Morocco,4,1,0.0
Morocco,4,1,-7.495984294128147
Morocco,4,1,30.452436194895594
Morocco,4,0,1.6062823487417457
Morocco,4,0,296.33678386578623
Morocco,4,0,44.61895413171516
Morocco,4,0,-15.170444404783153
Morocco,4,0,-68.8916651793682
Morocco,4,0,24.718900588970197
Morocco,4,0,-25.87899339639479
Morocco,4,0,-22.220239157594147
Morocco,4,0,-40.15705871854364
Morocco,4,0,1.6062823487417457
Morocco,4,0,0.0
Morocco,4,0,-1116.6116366232377
Morocco,4,0,0.0
Morocco,4,0,-97.98322327324648
Morocco,4,0,-54.41281456362663
Morocco,4,0,0.0
Morocco,4,0,-202.8823844369088
Morocco,4,0,-81.56344815277531
Morocco,4,0,-33.91040514010352
Morocco,4,0,-3250.9369980367665
Morocco,4,0,-242.68249152239875
Morocco,4,0,0.0
Morocco,4,0,-315.7326432268428
Morocco,4,0,-107.63876494734964
Morocco,4,0,-112.50669284311977
Morocco,4,0,-40.99589505621989
Morocco,4,0,-176.691058361592
Morocco,4,0,-10.262359450294486
Morocco,4,0,-340.8888095663038
Morocco,4,0,-60.68177761913261
Morocco,4,0,0.0
Morocco,4,0,-58.56237729787615
Morocco,4,0,30.340888809566305
Morocco,4,0,-17.044440478315188
Morocco,4,0,4.461895413171516
Morocco,4,0,-43.860431911476
Morocco,4,0,-29.448509726932002
Morocco,4,0,-14.27806532214885
Morocco,4,0,-17.847581652686063
Morocco,4,0,-181.36489380688917
Morocco,4,0,0.0
Morocco,4,0,107.04087096198467
Morocco,4,0,1417.8118864893809
Morocco,4,0,0.0
Morocco,4,0,1.7847581652686062
Morocco,4,0,-155.9878636444762
Morocco,4,0,70.18561484918794
Morocco,4,0,-83.97287167588793
Morocco,4,0,37.47992147064073
Morocco,4,0,0.0
Morocco,4,0,0.0
Morocco,4,0,0.0
Morocco,4,0,-18.07067642334464
Morocco,4,0,13.341067285382833
Morocco,4,0,0.0
Morocco,4,0,3666.1163662323756
Morocco,4,0,0.0
Morocco,4,0,870.1365339996431
Morocco,4,0,-197.57272889523472
Morocco,4,0,-4.818847046225237
Morocco,4,0,463.0555059789399
Morocco,4,0,0.0
Morocco,4,0,0.0
Morocco,4,0,457.7904693913975
Morocco,4,0,-5.086560771015528
Morocco,4,0,137.96180617526326
Morocco,4,0,-75.27217562020347
Morocco,4,0,11.020881670533644
Morocco,4,0,0.0
Morocco,4,0,15.136980189184367
Morocco,4,0,0.0
Morocco,4,1,124.04069248616814
Morocco,4,1,-1453.68552561128
Morocco,4,1,392.7360342673568
Morocco,4,1,334.1513474924148
Morocco,4,1,0.0
Morocco,4,1,23.78190255220418
Morocco,4,1,502.6325182937712
Morocco,4,1,0.0
Morocco,4,1,104.67606639300375
Morocco,4,1,17.936819560949495
Morocco,4,1,0.0
Morocco,4,1,1140.9066571479566
Morocco,4,1,525.1650901302874
Morocco,4,1,679.2789577012315
Morocco,4,1,0.0
Morocco,4,1,1333.6159200428344
Morocco,4,1,2.498661431376049
Morocco,4,1,35.661699089773336
Morocco,4,1,0.0
Morocco,4,1,81.56344815277531
Morocco,4,1,0.0
Morocco,4,1,0.0
Morocco,4,1,305.4167410315902
Morocco,4,1,38.50615741567018
Morocco,4,1,-6.246653578440122
Morocco,4,1,9.994645725504196
Morocco,4,1,-43.74888452614671
Morocco,4,1,306.7553096555417
Morocco,4,1,0.0
Morocco,4,1,133.85686239514547
Morocco,4,0,-41.13867570944137
Morocco,4,0,29.359271818668574
Morocco,4,0,-18.78457968945208
Morocco,4,0,0.0
Morocco,4,0,0.0
Morocco,4,0,-54.65821881135107
Morocco,4,0,0.0
Morocco,4,0,486.43583794395863
Morocco,4,0,81.74192396930216
Morocco,4,0,6393.449937533464
Morocco,4,0,929.5466714260218
Morocco,4,0,0.0
Morocco,4,0,0.0
Morocco,4,0,99.99107620917367
Morocco,4,0,414.06389434231664
Morocco,4,0,0.0
Morocco,4,0,0.0
Morocco,4,0,1269.846510797787
Morocco,4,0,1314.4743887203285
Morocco,4,0,-7.139032661074425
Morocco,4,0,-18.003747992147066
Morocco,4,0,0.0
Morocco,4,0,109.13796180617527
Morocco,4,0,107.39782259503838
Morocco,4,0,163.75156166339463
Morocco,4,0,447.7512047117616
Morocco,4,0,93.47670890594325
Morocco,4,0,-21.417097983223275
Morocco,4,0,-43.815812957344285
Morocco,4,0,494.8688202748528
Morocco,4,0,0.0
Morocco,4,0,0.0
Morocco,4,0,5.71122612885954
Morocco,4,1,0.0
Morocco,4,1,244.15491700874534
Morocco,4,1,0.0
Morocco,4,1,0.0
Morocco,4,1,0.0
Morocco,4,1,1129.7519186150278
Morocco,4,1,48.63466000356952
Morocco,4,1,1056.9337854720686
Morocco,4,1,0.0
Morocco,4,1,196.9480635373907
Morocco,4,1,-5.80046403712297
Morocco,4,1,0.0
Morocco,4,1,-62.64501160092808
Morocco,4,1,-908.1072639657327
Morocco,4,1,0.0
Morocco,4,1,0.0
Morocco,4,1,108.0224879528824
Morocco,4,1,0.0
Morocco,4,1,27.708370515795114
Morocco,4,1,406.38943423166165
Morocco,4,1,0.0
Morocco,4,1,0.0
Morocco,4,1,2331.2511154738536
Morocco,4,1,0.0
Morocco,4,1,82.00963769409246
Morocco,4,1,1060.5033018026058
Morocco,4,1,-0.3123326789220061
Morocco,4,1,0.0
Morocco,4,1,0.0
Morocco,4,1,1088.7917187221133
Morocco,4,1,52.739603783687315
Morocco,4,1,347.13546314474394
Morocco,4,1,397.91183294663574
Morocco,4,1,43.280385507763704
Morocco,4,1,0.0
Morocco,4,1,0.0
Morocco,4,1,1119.221845439943
Morocco,4,1,115.02766375156168
Morocco,4,1,1876.762448688203
Morocco,4,1,0.0
Morocco,4,1,124.04069248616814
Morocco,4,1,185.4363733714082
Morocco,4,1,0.0
Morocco,4,1,-0.26771372479029093
Morocco,4,1,0.0
Morocco,4,0,657.0587185436374
Morocco,4,0,551.56166339461
Morocco,4,0,89.41638407995717
Morocco,4,0,41.76334106728539
Morocco,4,0,0.0
Morocco,4,0,-445.11868641799043
Morocco,4,0,0.0
Morocco,4,0,18.918436551847226
Morocco,4,0,13.07335356059254
Morocco,4,0,0.0
Morocco,4,0,-0.7139032661074425
Morocco,4,0,66.8391932893093
Morocco,4,0,201.72229162948423
Morocco,4,0,891.0851329644834
Morocco,4,0,44.64572550419419
Morocco,4,0,-58.004640371229705
Morocco,4,0,99.05407817240764
Morocco,4,1,79.68945207924327
Morocco,4,1,260.1285025878994
Morocco,4,1,146.12707478136713
Morocco,4,1,0.0
Morocco,4,1,2905.3631982866323
Morocco,4,1,293.5927181866857
Morocco,4,1,0.0
Morocco,4,1,-29.9036230590755
Morocco,4,1,23.536565842935705
Morocco,4,1,26.682134570765665
Morocco,4,1,92.7181866857041
Morocco,4,1,58.45082991254686
Morocco,4,1,250.73175084776014
Morocco,4,1,56.26450116009281
Morocco,4,1,-38.10458682848474
Morocco,4,1,-264.2540826343031
Morocco,4,1,39.73764054970552
Morocco,4,1,40.40692486168125
Morocco,4,1,108.46867749419954
Morocco,4,1,-37.346064608245584
Morocco,4,1,17.624486882027487
Morocco,4,1,0.0
Morocco,4,1,33.26789220060682
Morocco,4,1,12.74317330001785
Morocco,4,1,13.564162056041408
Morocco,4,1,135.95395323933607
Morocco,4,1,-7.808316973050152
Morocco,4,1,-161.342138140282
Morocco,4,1,60.72639657326433
Morocco,4,1,-5.354274495805819
Morocco,4,1,12.53792611101196
Morocco,4,1,73.73728359807247
Morocco,4,1,54.64037122969838
Morocco,4,1,3.3731929323576657
Morocco,4,1,39.87835583337052
Morocco,4,1,125.69159378904159
Morocco,4,1,31.536676780296272
Morocco,4,1,4.381581295734429
Morocco,4,1,-2.846689273603427
Morocco,4,1,76.43226842762806
Morocco,4,1,135.55238265215064
Morocco,4,1,0.0
Morocco,4,1,-651.793681956095
Morocco,4,1,31.715152596823135
Morocco,4,1,-16.68748884526147
Morocco,4,1,60.235588077815464
Morocco,4,1,84.1959664465465
Morocco,4,1,-18.33839014813493
Morocco,4,1,21.28324112082813
Morocco,4,1,20.07852935927182
Morocco,4,1,71.25714077558898
Morocco,4,1,-1462.0471176155631
Morocco,4,1,61.359985721934684
Morocco,4,1,201.9453864001428
Morocco,4,1,107.77485275745137
Morocco,4,1,162.32441744378013
Morocco,4,1,-10.226664286989115
Morocco,4,1,-104.00678208102804
Morocco,4,1,20.970908441906122
Morocco,4,1,262.537926111012
Morocco,4,1,-0.38372300553275035
Morocco,4,1,-7.1836516152061405
Morocco,4,1,-131.55898625736214
Morocco,4,1,-55.32750312332679
Morocco,4,1,119.56767719302161
Morocco,4,1,60.5122255934321
Morocco,4,1,-36.94449402106015
Morocco,4,1,231.62591468855973
Morocco,4,1,198.47403176869537
Morocco,4,1,32.78174603727914
Morocco,4,1,167.0444404783152
Morocco,4,1,-30.6086025343566
Morocco,4,1,-297.24254863466
Morocco,4,1,-134.74924147777978
Morocco,4,1,38.45261467071212
Morocco,4,0,0.0
Morocco,4,0,286.23951454577906
Morocco,4,0,-16.10744244154917
Morocco,4,0,73.21970373014457
Morocco,4,0,-132.9308535187623
Morocco,4,0,-22.300553275031234
Morocco,4,0,349.81260039264686
Morocco,4,0,-311.35078306264506
Morocco,4,0,135.51668748884526
Morocco,4,0,60.4497590576477
Morocco,4,0,271.46027030720154
Morocco,4,0,177.19971443869358
Morocco,4,0,15.277529894699269
Morocco,4,0,6.335891486703552
Morocco,4,0,28.127788684633234
Morocco,4,0,435.9093342852044
Morocco,4,0,35.96287703016242
Morocco,4,0,33.6783865786186
Morocco,4,0,404.38158129573446
Morocco,4,0,283.0180260574692
Morocco,4,0,172.19346778511513
Morocco,4,0,31.518829198643587
Morocco,4,0,-143.62827391575942
Morocco,4,0,293.2000713903266
Morocco,4,0,65.51847224701054
Morocco,4,0,-10.708548991611638
Morocco,4,0,59.164733178654295
Morocco,4,0,283.6248438336606
Morocco,4,0,163.94788506157417
Morocco,4,0,76.38764947349635
Morocco,4,0,23.72835980724612
Morocco,4,0,65.92004283419597
Morocco,4,0,13.698018918436553
Morocco,4,0,-10.057112261288596
Morocco,4,0,-24.986614313760487
Morocco,4,0,77.9939318222381
Morocco,4,0,1543.3250044618956
Morocco,4,0,101.37426378725684
Morocco,4,0,0.0
Morocco,4,0,1400.5889701945387
Morocco,4,0,37.14974121006604
Morocco,4,0,0.0
Morocco,4,0,0.0
Morocco,4,0,0.0
Morocco,4,0,0.0
Morocco,4,0,0.0
Morocco,4,0,0.0
Morocco,4,0,0.0
Morocco,4,0,13.207210422987686
Morocco,4,0,323.39817954667143
Morocco,4,0,0.0
Morocco,4,0,179.2789577012315
Morocco,4,0,0.0
Morocco,4,0,123.14831340353383
Morocco,4,0,0.0
Morocco,4,0,89.63947885061575
Morocco,4,0,0.044618954131715155
Morocco,4,0,0.0
Morocco,4,0,0.0
Morocco,4,0,0.0
Morocco,4,0,-36.76601820453329
Morocco,4,0,0.0
Morocco,4,0,36.09673389255756
Morocco,4,0,0.0
Morocco,4,1,0.0
Morocco,4,1,0.0
Morocco,4,1,0.0
Morocco,4,1,0.0
Morocco,4,1,20.881670533642694
Morocco,4,1,0.0
Morocco,4,1,0.0
Morocco,4,1,15.527396037836874
Morocco,4,1,0.0
Morocco,4,1,0.0
Morocco,4,1,390.00535427449586
Morocco,4,1,0.0
Morocco,4,1,0.0
Morocco,4,1,0.0
Morocco,4,1,0.0
Morocco,4,1,0.0
Morocco,4,1,0.0
Morocco,4,1,0.0
Morocco,4,1,0.0
Morocco,4,1,290.2016776726754
Morocco,4,1,428.3419596644655
Morocco,4,1,0.0
Morocco,4,1,0.0
Morocco,4,1,0.0
Morocco,4,1,26.771372479029093
Morocco,4,1,44.440478315188294
Morocco,4,1,0.0
Morocco,4,1,0.0
Morocco,4,1,0.0
Morocco,4,1,0.0
Morocco,4,1,0.0
Morocco,4,1,168.52578975548815
Morocco,4,1,0.0
Morocco,4,1,0.0
Morocco,4,1,13.831875780831698
Morocco,4,1,0.0
Morocco,4,1,-2.85561306442977
Morocco,4,1,2.6771372479029094
Morocco,4,1,2.6771372479029094
Morocco,4,1,0.0
Morocco,4,1,31.05479207567375
Morocco,4,1,-87.9885775477423
Morocco,4,1,340.04104943780123
Morocco,4,1,0.0
Morocco,4,1,0.0
Morocco,4,1,23.38033196501874
Morocco,4,1,0.0
Morocco,4,1,-23.871140460467608
Morocco,4,1,0.0
Morocco,4,1,0.0
Morocco,4,1,0.0
Morocco,4,1,0.0
Morocco,4,1,0.0
Morocco,4,1,0.0
Morocco,4,1,17.847581652686063
Morocco,4,1,80.53721220774585
Morocco,4,1,0.0
Morocco,4,1,0.0
Morocco,4,1,-24.451186864179906
Morocco,4,1,-0.13385686239514547
Morocco,4,1,437.35498839907194
Morocco,4,1,0.0
Morocco,4,1,0.0
Morocco,4,1,-8.56683919328931
Morocco,4,1,0.0
Morocco,4,1,0.0
Morocco,4,1,58.629305729073714
Morocco,4,1,-20.881670533642694
Morocco,4,1,0.0
Morocco,4,1,0.0
Morocco,4,1,0.0
Morocco,4,1,0.0
Morocco,4,1,0.0
Morocco,4,1,0.0
Morocco,4,1,749.5984294128147
Morocco,4,1,112.70747813671248
Morocco,4,1,0.0
Morocco,4,1,0.0
Morocco,4,1,-13.207210422987686
Morocco,4,1,34.624308406210965
Morocco,4,1,0.0
Morocco,4,0,0.0
Morocco,4,0,0.0
Morocco,4,0,0.0
Morocco,4,0,108.46867749419954
Morocco,4,0,188.08673924683208
Morocco,4,0,0.0
Morocco,4,0,-38.99696591111905
Morocco,4,0,0.0
Morocco,4,0,713.1893628413351
Morocco,4,0,-58.272354096019995
Morocco,4,0,316.79457433517763
Morocco,4,0,171.3367838657862
Morocco,4,0,0.0
Morocco,4,0,0.0
Morocco,4,0,-22.041763341067288
Morocco,4,0,135.64162056041408
Morocco,4,0,0.0
Morocco,4,0,0.0
Morocco,4,0,47.876137783330364
Morocco,4,0,0.0
Morocco,4,0,0.0
Morocco,4,0,0.0
Morocco,4,0,0.0
Morocco,4,0,5.086560771015528
Morocco,4,0,85.15973585579155
Morocco,4,0,0.0
Morocco,4,0,108.82562912725326
Morocco,4,0,0.0
Morocco,4,0,-1.7847581652686062
Morocco,4,0,0.0
Morocco,4,0,31.947171158308052
Morocco,4,0,0.0
Morocco,4,0,161.966803498126
Morocco,4,0,7.5406032482598615
Morocco,4,0,0.0
Morocco,4,0,0.0
Morocco,4,0,15.973585579154026
Morocco,4,0,-19.98929145100839
Morocco,4,0,170.08745315009818
Morocco,4,0,0.0
Morocco,4,0,191.66517936819562
Morocco,4,0,0.0
Morocco,4,0,0.0
Morocco,4,0,34.80278422273782
Morocco,4,0,195.7879707299661
Morocco,4,0,35.24897376405497
Morocco,4,0,0.0
Morocco,4,0,0.0
Morocco,4,0,14.18882741388542
Morocco,4,1,39.6305550597894
Morocco,4,1,-195.62668018249155
Morocco,4,1,-9.423523112618241
Morocco,4,1,-42.04890237372836
Morocco,4,1,38.80956630376584
Morocco,4,1,12.426714239302607
Morocco,4,1,-53.22974125189631
Morocco,4,1,2.5446202613276374
Morocco,4,1,196.14079162390686
Morocco,4,1,33.91040514010352
Morocco,4,1,117.7590147716625
Morocco,4,1,86.58408267613333
Morocco,4,1,12.493307156880244
Morocco,4,1,12.89487774406568
Morocco,4,1,4.698443408525567
Morocco,4,1,-17.88549904905854
Morocco,4,1,36.67678029626986
Morocco,4,1,2.4993313692859855
Morocco,4,1,-94.49155481717385
Morocco,4,1,232.5409344045601
Morocco,4,1,118.15635004406123
Morocco,4,1,-114.05943244690346
Morocco,4,1,-59.52168481170802
Morocco,4,1,-70.60614413455961
Morocco,4,1,-36.98844194795199
Morocco,4,1,-26.780296269855437
Morocco,4,0,18.472247010530076
Morocco,4,0,43.92736034267357
Morocco,4,0,23.023380331965022
Morocco,4,0,90.23318980903089
Morocco,4,0,491.47777976084245
Morocco,4,0,-191.68647794708193
Morocco,4,0,-134.57076566125292
Morocco,4,0,0.0
Morocco,4,0,69.78404426200251
Morocco,4,0,215.48343939630558
Morocco,4,0,94.14599321791898
Morocco,4,0,646.674772443334
Morocco,4,0,428.55613064429775
Morocco,4,0,-26.90522934142424
Morocco,4,0,37.926111011957886
Morocco,4,0,51.134663489425314
Morocco,4,0,-18.739960735320366
Morocco,4,0,55.43793939212253
Morocco,4,0,97.85415946256471
Morocco,4,0,107.71015527396038
Morocco,4,0,106.01463501695521
Morocco,4,0,72.36301981081564
Morocco,4,0,-43.414242370158846
Morocco,4,0,270.837051579511
Morocco,4,0,181.0637158665001
Morocco,4,0,-5.086560771015528
Morocco,4,1,-5.604140638943424
Morocco,4,1,9.816169908977335
Morocco,4,1,-35.159735855791546
Morocco,4,1,55.791540246296634
Morocco,4,1,0.0
Morocco,4,1,-181.5991433160807
Morocco,4,1,8.495448866678565
Morocco,4,1,75.70051757986793
Morocco,4,1,32.125646974834915
Morocco,4,1,-56.951633053721224
Morocco,4,1,194.22630733535607
Morocco,4,1,-4.872389791183295
Morocco,4,1,-20.390862038193827
Morocco,4,0,-50.508656077101556
Morocco,4,0,240.85311440299841
Morocco,4,0,51.026235945029455
Morocco,4,0,71.3189362841335
Morocco,4,0,-131.36489380688917
Morocco,4,0,55.907549527039095
Morocco,4,0,11.957879707299663
Morocco,4,0,44.083526682134575
Morocco,4,0,9.325361413528467
Morocco,4,0,56.84454756380511
Morocco,4,0,8.943903124930284
Morocco,4,0,0.0
Morocco,4,0,224.0451543815813
Morocco,4,0,-318.5079421738355
Morocco,4,0,21.836516152061396
Morocco,4,0,-35.17758343744423
Morocco,4,0,0.0
Morocco,4,0,-55.4212029270034
Morocco,4,0,399.68766732107804
Morocco,4,0,150.27663751561664
Morocco,4,0,83.79439585936106
Morocco,4,0,14.590398001070856
Morocco,4,0,87.16758879171873
Morocco,4,0,0.0
Morocco,4,0,0.0
Morocco,4,0,-944.3155452436196
Morocco,4,0,-146.84097804747458
Morocco,4,0,-54.61359985721935
Morocco,4,0,8.192039978582903
Morocco,4,0,216.31268963055507
Morocco,4,0,20.74781367124755
Morocco,4,0,-6.692843119757273
Morocco,4,0,0.0
Morocco,4,0,187.84579689452082
Morocco,4,0,57.55845082991255
Morocco,4,1,48.46287703016242
Morocco,4,1,6.72630733535606
Morocco,4,1,-56.753078707835094
Morocco,4,1,244.8688202748528
Morocco,4,1,38.14920578261646
Morocco,4,1,26.16455470283777
Morocco,4,1,-0.5086560771015528
Morocco,4,1,27.016776726753527
Morocco,4,1,34.088880956630376
Morocco,4,1,236.48045689809032
Morocco,4,1,-30.430126717829737
Morocco,4,1,63.537390683562386
Morocco,4,1,8.97733357130109
Morocco,4,1,87.81010173121543
Morocco,4,1,174.4378011779404
Morocco,4,1,-190.56755309655543
Morocco,4,1,-32.83955024094236
Morocco,4,1,46.49295020524719
Morocco,4,1,85.57915402462967
Morocco,4,1,109.40567553096557
Morocco,4,1,58.98625736212744
Morocco,4,0,31.55452436194896
Morocco,4,0,-63.09120114224523
Morocco,4,0,-36.132429055862936
Morocco,4,0,-82.45582723540961
Morocco,4,0,147.6084240585401
Morocco,4,0,0.0
Morocco,4,0,-57.487060503301805
Morocco,4,0,-7.808316973050152
Morocco,4,0,-19.543101909691238
Morocco,4,0,870.2927003391042
Morocco,4,0,24.897376405497056
Morocco,4,0,-31.768695341781193
Morocco,4,0,34.537301445654116
Morocco,4,0,-229.75191861502768
Morocco,4,0,7.585222202391576
Morocco,4,0,333.6828484740318
Morocco,4,0,-20.346243084062113
Morocco,4,0,4.461895413171516
Morocco,4,0,57.22380867392469
Morocco,4,0,-43.33392825272176
Morocco,4,0,-41.183294663573086
Morocco,4,0,59.13796180617527
Morocco,4,0,12.002498661431376
Morocco,4,0,-24.540424772443338
Morocco,4,0,167.13367838657862
Morocco,4,0,-39.04158486525076
Morocco,4,0,19.63233981795467
Morocco,4,0,85.44529716223452
Morocco,4,0,20.524718900588972
Morocco,4,0,0.0
Morocco,4,0,-10.262359450294486
Morocco,4,0,23.915759414599325
Morocco,4,0,157.05871854363735
Morocco,4,0,-94.68142066749957
Morocco,4,0,121.36355523826522
Morocco,4,0,262.60039264679637
Morocco,4,0,70.76566125290024
Morocco,4,0,1.427806532214885
Morocco,4,0,121.45279314652866
Morocco,4,0,1.963233981795467
Morocco,4,0,24.237015884347674
Morocco,4,0,-1231.4831340353383
Morocco,4,0,0.0
Morocco,4,0,30.340888809566305
Morocco,4,0,-68.6239514545779
Morocco,4,0,3.658754238800643
Morocco,4,0,-168.9719792968053
Morocco,4,0,4.461895413171516
Morocco,4,0,-7.451365339996431
Morocco,4,0,-94.41370694270927
Morocco,4,0,0.0
Morocco,4,0,6.692843119757273
Morocco,4,1,-46.40371229698376
Morocco,4,1,-10.672853828306266
Morocco,4,1,3.2125646974834914
Morocco,4,1,-39.26467963590934
Morocco,4,1,-75.13831875780832
Morocco,4,1,325.5398893449938
Morocco,4,1,-40.82634303051937
Morocco,4,1,0.0
Morocco,4,1,0.0
Morocco,4,1,50.19632339817955
Morocco,4,1,-5.99009459218276
Morocco,4,1,-27.654827770837056
Morocco,4,1,-108.69177226485812
Morocco,4,1,-0.17847581652686062
Morocco,4,1,54.970551490273074
Morocco,4,1,-7.228270569337855
Morocco,4,1,86.73924683205426
Morocco,4,1,-70.19676958772087
Morocco,4,1,0.0
Morocco,4,1,70.6764233446368
Morocco,4,1,0.0
Morocco,4,1,-29.537747635195434
Morocco,4,1,-55.72907371051223
Morocco,4,1,8.60922719971444
Morocco,4,1,-101.45457790469392
Morocco,4,1,55.34535070497948
Morocco,4,1,67.82081028020704
Morocco,4,1,-86.65000892379084
Morocco,4,0,0.0
Morocco,4,0,-14.545779046939142
Morocco,4,0,86.02534356594683
Morocco,4,0,-36.70801356416206
Morocco,4,0,4.551133321434946
Morocco,4,0,101.08870248081386
Morocco,4,0,117.61556309120115
Morocco,4,0,1.2493307156880245
Morocco,4,0,58.18757808316973
Morocco,4,0,-0.9459218275923613
Morocco,4,0,-20.926289487774408
Morocco,4,0,86.56077101552741
Morocco,4,0,20.43548099232554
Morocco,4,0,783.3303587363913
Morocco,4,0,-5.71122612885954
Morocco,4,0,-11.547385329287883
Morocco,4,0,-0.8031411743708728
Morocco,4,0,37.9707299660896
Morocco,4,0,-10.262359450294486
Morocco,4,0,6.737462073888989
Morocco,4,0,19.944672496876674
Morocco,4,0,-45.29716223451723
Morocco,4,0,-19.543101909691238
Morocco,4,0,-37.08727467428164
Morocco,4,0,26.75812622702124
Morocco,4,0,-17.758343744422632
Morocco,4,0,40.25522041763342
Morocco,4,0,3.658754238800643
Morocco,4,0,90.88880956630378
Morocco,4,0,2.0613956808852403
Morocco,4,0,-8.8345529180796
Morocco,4,0,-15.812957344279852
Morocco,4,0,-7.228270569337855
Morocco,4,0,-0.7317508477601286
Morocco,4,0,132.87524540424775
Morocco,4,1,-7.076566125290024
Morocco,4,1,14.099589505621989
Morocco,4,1,38.033196501874
Morocco,4,1,12.734249509191505
Morocco,4,1,-51.32072104229877
Morocco,4,1,33.37497769052294
Morocco,4,1,6.228805996787436
Morocco,4,1,0.0
Morocco,4,1,0.0
Morocco,4,1,30.78707835088346
Morocco,4,1,-20.87274674281635
Morocco,4,1,4.94378011779404
Morocco,4,1,10.65500624665358
Morocco,4,1,37.926111011957886
Morocco,4,1,-55.24718900588971
Morocco,4,1,-0.5354274495805819
Morocco,4,1,-5.818311618775656
Morocco,4,1,-111.54738532928789
Morocco,4,1,-1.695520257005176
Morocco,4,1,9.548456184187044
Morocco,4,1,-11.824022844904517
Morocco,4,1,7.852935927181868
Morocco,4,1,9.883433853794843
Morocco,4,0,-13.296448331251117
Morocco,4,0,11.342138140281993
Morocco,4,0,224.54042477244334
Morocco,4,0,163.34106728538285
Morocco,4,0,5.53275031233268
Morocco,4,0,162.85918258076032
Morocco,4,0,190.83526682134573
Morocco,4,0,57.04087096198466
Morocco,4,0,963.4124576119937
Morocco,4,0,203.19471711583083
Morocco,4,0,158.17419239693024
Morocco,4,0,0.0
Morocco,4,0,82.18811351061932
Morocco,4,0,-42.01320721042299
Morocco,4,0,17.713724790290918
Morocco,4,0,10.530073175084777
Morocco,4,0,61.127967160449764
Morocco,4,0,45.457790469391405
Morocco,4,0,10.574692129216492
Morocco,4,0,-43.30715688024273
Morocco,4,0,354.1216758879172
Morocco,4,0,-5.604140638943424
Morocco,4,0,6.630376583972872
Morocco,4,0,-16.152061395680885
Morocco,4,0,3.703373192932358
Morocco,4,0,-81.91972875858916
Morocco,4,0,9.738120508474813
Morocco,4,0,-1.3207210422987687
Morocco,4,0,0.0
Morocco,4,0,-30.87631625914689
Morocco,4,0,162.1073532036409
Morocco,4,0,15.38261973217473
Morocco,4,0,5361.69016598251
Morocco,4,0,10.12850258789934
Morocco,4,0,-42.83419596644655
Morocco,4,0,32.125646974834915
Morocco,4,0,-30.340888809566305
Morocco,4,0,-19.68041630529962
Morocco,4,0,67.55309655541674
Morocco,4,0,26.771372479029093
Morocco,4,0,-15.615964008190367
Morocco,4,0,0.0
Morocco,4,0,68.10704261388989
Morocco,4,0,221.93467785115118
Morocco,4,1,-172.34517222916296
Morocco,4,1,-99.8126003926468
Morocco,4,1,-29.948242013207214
Morocco,4,1,15.92896662502231
Morocco,4,1,407.2371943601642
Morocco,4,1,-15.973585579154026
Morocco,4,1,17.40139211136891
Morocco,4,1,57.91540246296627
Morocco,4,1,-266.8659646617883
Morocco,4,1,69.24861681242193
Morocco,4,1,20.84597537033732
Morocco,4,1,84.90986971265394
Morocco,4,1,143.6284133499911
Morocco,4,1,47.27824379796538
Morocco,4,1,13.92111368909513
Morocco,4,1,-13.965732643226843
Morocco,4,1,9.994645725504196
Morocco,4,1,-202.57005175798682
Morocco,4,1,4.515438158129574
Morocco,4,1,11.942263073353562
Morocco,4,1,-6.603605211493843
Morocco,4,1,-53.76583972871676
Morocco,4,1,-17.713724790290918
Morocco,4,1,-96.00214170979834
Morocco,4,1,59.63769409245048
Morocco,4,1,86.82848474031769
Morocco,4,1,24.361948955916475
Morocco,4,1,-19.533507091625022
Morocco,4,1,-75.9860788863109
Morocco,4,1,4.702837765482777
Morocco,4,1,-10.62823487417455
Morocco,4,1,-71.34570765661253
Morocco,4,1,111.81509905407819
Morocco,4,0,178.9782852099322
Morocco,4,0,77.70423977668214
Morocco,4,0,26.816662460400682
Morocco,4,0,93.67782535583616
Morocco,4,0,40.50302119121453
Morocco,4,0,29.626985543458865
Morocco,4,0,-49.616276994467256
Morocco,4,0,-3.5695163305372124
Morocco,4,0,-2.1417097983223274
Morocco,4,0,103.04301267178299
Morocco,4,0,-4.283419596644655
Morocco,4,0,37.926111011957886
Morocco,4,0,0.08923790826343031
Morocco,4,0,74.42441549170088
Morocco,4,0,16.973050151704445
Morocco,4,1,47.60842405854007
Morocco,4,1,-23.826521506335894
Morocco,4,1,57.64768873817598
Morocco,4,1,0.0
Morocco,4,1,-19.73256470794106
Morocco,4,1,0.0
Morocco,4,1,18.07067642334464
Morocco,4,1,0.0
Morocco,4,1,0.0
Morocco,4,1,0.0
Morocco,4,1,0.0
Morocco,4,1,0.0
Morocco,4,1,-0.017847581652686063
Morocco,4,1,1.963233981795467
Morocco,4,1,10.351597358557916
Morocco,4,1,115.7147956451901
Morocco,4,1,56.30912011422453
Morocco,4,1,87.81010173121543
Morocco,4,1,0.0
Morocco,4,0,-123.72835980724614
Morocco,4,0,117.169373549884
Morocco,4,0,0.0
Morocco,4,0,0.0
Morocco,4,0,0.0
Morocco,4,0,-53.81045868284848
Morocco,4,0,-3.2571836516152066
Morocco,4,0,99.67874353025167
Morocco,4,0,283.50883455291813
Morocco,4,0,0.0
Morocco,4,0,0.24573976134436912
Morocco,4,0,571.0614709753704
Morocco,4,0,0.0
Morocco,4,0,94.67249687667322
Morocco,4,0,108.58189809030877
Morocco,4,0,25.053873901258257
Morocco,4,0,-135.41825563593164
Morocco,4,1,0.0
Morocco,4,1,3.3018026057469214
Morocco,4,1,0.0
Morocco,4,1,30.519364626093168
Morocco,4,1,7.852935927181868
Morocco,4,1,481.8847046225237
Morocco,4,1,-16.95520257005176
Morocco,4,1,3.926467963590934
Morocco,4,1,47.117615563091206
Morocco,4,1,32.393360699625205
Morocco,4,1,-1.5170444404783154
Morocco,4,1,0.0
Morocco,4,0,0.0
Morocco,4,0,-143.40531857933252
Morocco,4,0,0.26771372479029093
Morocco,4,0,0.0
Morocco,4,0,0.0
Morocco,4,0,-46.582188113510625
Morocco,4,0,30.430126717829737
Morocco,4,0,-1274.7724433339283
Morocco,4,0,0.0
Morocco,4,0,0.0
Morocco,4,0,482.777083705158
Morocco,4,0,-29.894699268249155
Morocco,4,0,0.0
Morocco,4,0,-22.75566660717473
Morocco,4,0,0.0
Morocco,4,0,117.34784936641086
Morocco,4,0,0.0
Morocco,4,0,0.0
Morocco,4,0,-447.7512047117616
Morocco,4,0,0.0
Morocco,4,0,0.0
Morocco,4,0,-41.76334106728539
Morocco,4,0,0.0
Morocco,4,0,34.93664108513297
Morocco,4,0,1009.9054078172409
Morocco,4,0,0.0
Morocco,4,0,0.0
Morocco,4,0,0.0
Morocco,4,0,644.2530787078351
Morocco,4,0,-260.2177404961628
Morocco,4,0,0.0
Morocco,4,0,0.0
Morocco,4,1,0.0
Morocco,4,1,0.0
Morocco,4,1,0.0
Morocco,4,1,0.0
Morocco,4,1,0.0
Morocco,4,1,-32.125646974834915
Morocco,4,1,0.0
Morocco,4,1,0.0
Morocco,4,1,0.0
Morocco,4,1,0.0
Morocco,4,1,0.0
Morocco,4,1,-16.152061395680885
Morocco,4,1,7.852935927181868
Morocco,4,1,0.0
Morocco,4,1,0.0
Morocco,4,1,0.0
Morocco,4,1,0.0
Morocco,4,1,-7.942173835445298
Morocco,4,1,906.5679100481885
Morocco,4,1,0.0
Morocco,4,1,0.0
Morocco,4,1,0.0
Morocco,4,1,9.146885597001607
Morocco,4,1,0.0
Morocco,4,1,246.29662680706767
Morocco,4,1,0.0
Morocco,4,1,0.0
Morocco,4,1,-207.92432625379263
Morocco,4,1,0.0
Morocco,4,1,0.0
Morocco,4,1,21.595573799750134
Morocco,4,1,0.0
Morocco,4,1,-24.629662680706765
Morocco,4,1,0.0
Morocco,4,1,154.02462966268072
Morocco,4,1,0.0
Morocco,4,1,-36.40906657147957
Morocco,4,1,0.0
Morocco,4,1,0.0
Morocco,4,1,214.17097983223275
Morocco,4,1,160.62823487417455
Morocco,4,1,0.0
Morocco,4,1,0.0
Morocco,4,1,171.3367838657862
Morocco,4,1,626.896305550598
Morocco,4,1,-107.08548991611637
Morocco,4,1,0.0
Morocco,4,1,0.0
Morocco,4,1,0.0
Morocco,4,1,8.74531500981617
Morocco,4,1,-53.54274495805819
Morocco,4,1,13.296448331251117
Morocco,4,1,-8.47760128502588
Morocco,4,1,0.0
Morocco,4,1,0.0
Morocco,4,1,0.0
Morocco,4,1,-123.23755131179726
Morocco,4,1,-49.41549170087453
Morocco,4,1,-315.45600571122617
Morocco,4,1,138.6757094413707
Morocco,4,1,-921.381402819918
Morocco,4,1,-103.47135463144745
Morocco,4,1,-143.58379439585937
Morocco,4,1,0.0
Morocco,4,1,-2.1417097983223274
Morocco,4,1,0.0
Morocco,4,1,-38.550776369801895
Morocco,4,1,35.38283062645012
Morocco,4,1,621.095841513475
Morocco,4,1,0.0
Morocco,4,1,8.923790826343032
Morocco,4,1,20.792432625379263
Morocco,4,1,0.0
Morocco,4,1,0.0
Morocco,4,1,14.679635909334287
Morocco,4,1,-268.72880599678746
Morocco,4,1,-486.1235052650366
Morocco,4,1,-81.65268606103874
Morocco,4,1,4915.223987149741
Morocco,4,1,94.770658575763
Morocco,4,1,47.117615563091206
Morocco,4,0,220.51579510976265
Morocco,4,0,-7.7190790647867225
Morocco,4,0,-0.7139032661074425
Morocco,4,0,0.0
Morocco,4,0,25.16509013028735
Morocco,4,0,-6.603605211493843
Morocco,4,0,830.8049259325362
Morocco,4,0,-45.15438158129574
Morocco,4,0,0.0
Morocco,4,0,31.545600571122616
Morocco,4,0,30.519364626093168
Morocco,4,0,0.0
Morocco,4,0,0.0
Morocco,4,0,10.262359450294486
Morocco,4,0,0.0
Morocco,4,0,53.54274495805819
Morocco,4,0,25.07585222202392
Morocco,4,0,332.58968409780476
Morocco,4,0,143.44993753346424
Morocco,4,0,-168.21345707656613
Morocco,4,0,52.65036587542389
Morocco,4,0,-191.50455113332146
Morocco,4,0,-96.73389255755846
Morocco,4,0,-12.841334999107621
Morocco,4,0,8.031411743708729
Morocco,4,0,-15.705871854363735
Morocco,4,0,-16.28591825807603
Morocco,4,0,0.0
Morocco,4,0,0.0
Morocco,4,0,-225.68266999821526
Morocco,4,0,-61.306442976976626
Morocco,4,0,344.90451543815817
Morocco,4,0,8.47760128502588
Morocco,4,0,-6.246653578440122
Morocco,4,0,0.0
Morocco,4,0,44.975905764768875
Morocco,4,0,11.60092807424594
Morocco,4,0,211.6723184008567
Morocco,4,0,0.0
Morocco,4,0,-108.0224879528824
Morocco,4,0,0.0
Morocco,4,0,-41.451008388363384
Morocco,4,0,24.183473139389616
Morocco,4,0,54.65821881135107
Morocco,4,0,-22.095306086025346
Morocco,4,0,28.043012671782975
Morocco,4,0,143.9853649830448
Morocco,4,0,0.0
Morocco,4,0,81.20649651972158
Morocco,4,0,165.53631982866324
Morocco,4,0,0.0
Morocco,4,0,0.0
Morocco,4,0,0.0
Morocco,4,0,0.0
Morocco,4,0,144.2530787078351
Morocco,4,0,383.0091022666429
Morocco,4,0,0.0
Morocco,4,0,-102.75745136534
Morocco,4,0,-46.64465464929503
Morocco,4,0,72.28270569337856
Morocco,4,0,457.3888988042121
Morocco,4,0,192.30769230769232
Morocco,4,0,-68.71318936284135
Morocco,4,0,160.62823487417455
Morocco,4,0,-76.911922184544
Morocco,4,0,0.0
Morocco,4,0,0.0
Morocco,4,0,0.0
Morocco,4,0,287.56023558807783
Morocco,4,0,22.041763341067288
Morocco,4,0,0.0
Morocco,4,0,0.0
Morocco,4,0,0.0
Morocco,4,0,0.0
Morocco,4,0,0.0
Morocco,4,0,0.0
Morocco,4,0,-356.94940210601465
Morocco,4,0,1855.0776369801893
Morocco,4,0,-297.0729966089595
Morocco,4,0,0.0
Morocco,4,0,62.95734427985008
Morocco,4,0,0.0
Morocco,4,0,-0.35695163305372124
Morocco,4,0,172.2291629484205
Morocco,4,0,-62.466535784401216
Morocco,4,0,0.0
Morocco,4,0,248.57219346778513
Morocco,4,0,0.0
Morocco,4,0,213.36783865786188
Morocco,4,0,0.0
Morocco,4,0,0.0
Morocco,4,0,607.7101552739605
Morocco,4,0,152.73067999286098
Morocco,4,0,1524.4288773871142
Morocco,4,0,20.524718900588972
Morocco,4,0,-16.062823487417457
Morocco,4,0,133.85686239514547
Morocco,4,0,144.56541138675712
Morocco,4,0,1556.5768338390149
Morocco,4,0,51.534892022131004
Morocco,4,0,0.0
Morocco,4,0,187.39960735320366
Morocco,4,0,0.0
Morocco,4,0,9.146885597001607
Morocco,4,0,0.0
Morocco,4,0,596.1092271997145
Morocco,4,1,1055.015170444405
Morocco,4,1,61.57415670176692
Morocco,4,1,1073.0858468677495
Morocco,4,1,-1.3474924147777978
Morocco,4,1,81.87578083169731
Morocco,4,1,959.753703373193
Morocco,4,1,3474.2994824201323
Morocco,4,1,2493.931822238087
Morocco,4,1,1069.739425307871
Morocco,4,1,75.76298411565233
Morocco,4,1,56.799928609673394
Morocco,4,1,192.1738354452972
Morocco,4,1,0.0
Morocco,4,1,2384.704622523648
Morocco,4,1,-210.4229876851687
Morocco,4,1,1181.420667499554
Morocco,4,1,576.4768873817599
Morocco,4,1,214.17097983223275
Morocco,4,1,176.02177404961628
Morocco,4,1,-20.580492593253616
Morocco,4,1,-34.04426200249866
Morocco,4,1,190.5229341424237
Morocco,4,1,403.47135463144747
Morocco,4,1,6.068177761913262
Morocco,4,1,80.71568802427272
Morocco,4,1,28.243797965375695
Morocco,4,1,65.67910048188472
Morocco,4,1,-1.2671782973407104
Morocco,4,1,-63.894342316616104
Morocco,4,1,-107.66553631982868
Morocco,4,1,19.275388184900947
Morocco,4,1,4.908084954488667
Morocco,4,1,-361.1904336962342
Morocco,4,1,2014.5457790469393
Morocco,4,1,605.6020491254685
Morocco,4,1,0.0
Morocco,4,1,118.50794217383546
Morocco,4,1,-237.47992147064076
Morocco,4,1,786.6321613421383
Morocco,4,0,195.87720863822955
Morocco,4,0,0.0
Morocco,4,0,350.25878993396395
Morocco,4,0,257.0051757986793
Morocco,4,0,71.16723184008568
Morocco,4,0,-7.272889523469571
Morocco,4,0,7.504908084954489
Morocco,4,0,40.87096198465108
Morocco,4,0,0.0
Morocco,4,0,132.02748527574514
Morocco,4,0,-120.47117615563093
Morocco,4,0,-33.37497769052294
Morocco,4,0,0.0
Morocco,4,0,-0.5354274495805819
Morocco,4,0,-166.45993217918974
Morocco,4,0,0.0
Morocco,4,0,0.0
Morocco,4,0,0.0
Morocco,4,0,633.8122434410138
Morocco,4,0,168.65964661788328
Morocco,4,0,41.09405675530966
Morocco,4,0,-0.49080849544886673
Morocco,4,0,2.9894699268249156
Morocco,4,0,647.4210244511869
Morocco,4,0,-21.149384258432985
Morocco,4,0,393.8961270747814
Morocco,4,0,-11.868641799036231
Morocco,4,0,0.0
Morocco,4,0,88.39014813492773
Morocco,4,0,9.726932000713903
Morocco,4,0,-6.2912725325718375
Morocco,4,0,-58.45082991254686
Morocco,4,0,31.768695341781193
Morocco,4,0,669.5520257005177
Morocco,4,0,189.072818133143
Morocco,4,0,-872.2559343208997
Morocco,4,0,-28.82384436908799
Morocco,4,0,449.13439228984475
Morocco,4,0,56.57683383901482
Morocco,4,1,509.63769409245054
Morocco,4,1,71.81420667499555
Morocco,4,1,75.6737462073889
Morocco,4,1,-474.9152239871498
Morocco,4,1,28.37765482777084
Morocco,4,1,1416.9195074067466
Morocco,4,1,9.905407817240764
Morocco,4,1,-708.7051579510977
Morocco,4,1,-453.33972871675894
Morocco,4,1,145.64072818133144
Morocco,4,1,514.3137604854543
Morocco,4,1,288.05996787435305
Morocco,4,1,123.76182402284492
Morocco,4,1,351.5973585579154
Morocco,4,1,456.22880599678746
Morocco,4,1,85.6683919328931
Morocco,4,1,419.86435837943964
Morocco,4,1,13.653399964304837
Morocco,4,1,1102.8913082277352
Morocco,4,1,299.30394431554527
Morocco,4,1,97.64411922184544
Morocco,4,1,126.71782973407105
Morocco,4,1,522.4879528823844
Morocco,4,1,0.0
Morocco,4,1,119.93574870605035
Morocco,4,1,95.57379975013387
Morocco,4,1,445.7433517758344
Morocco,4,1,222.55934320899522
Morocco,4,1,-37.03373192932358
Morocco,4,1,-224.8795288238444
Morocco,4,1,437.3996073532037
Morocco,4,1,277.52989469926825
Morocco,4,1,46.5866500089238
Morocco,4,1,-662.5468499018384
Morocco,4,1,631.6705336426915
Morocco,4,1,321.9703730144566
Morocco,4,1,2456.630376583973
Morocco,4,1,7531.500981616991
Morocco,4,1,-102.08816705336427
Morocco,4,1,0.0
Morocco,4,1,0.0
Morocco,4,1,22.75566660717473
Morocco,4,1,0.0
Morocco,4,1,97.7155095484562
Morocco,4,1,33.46421559878637
Morocco,4,1,-74.3128681063716
Morocco,4,1,119.75727288952348
Morocco,4,1,1120.4533285739783
Morocco,4,1,26.860610387292525
Morocco,4,1,151.92753881849012
Morocco,4,1,-141.44208459753705
Morocco,4,1,184.0085668391933
Morocco,4,1,94.68142066749957
Morocco,4,1,544.0835266821347
Morocco,4,1,329.6002141709799
Morocco,4,1,-679.992860967339
Morocco,4,1,281.54560057112263
Morocco,4,1,-574.6921292164913
Morocco,4,0,53.54274495805819
Morocco,4,0,38.19382473674818
Morocco,4,0,21.417097983223275
Morocco,4,0,9.994645725504196
Morocco,4,0,62.064965197215784
Morocco,4,0,-57.64768873817598
Morocco,4,0,179.5466714260218
Morocco,4,0,0.0
Morocco,4,0,119.28877387114048
Morocco,4,0,-48.61235052650366
Morocco,4,0,0.0
Morocco,4,0,72.65081206496521
Morocco,4,0,-11.288595395323934
Morocco,4,0,22.487952882384437
Morocco,4,0,-0.7049794752810995
Morocco,4,0,262.3594502944851
Morocco,4,0,-48.18847046225237
Morocco,4,0,17.40139211136891
Morocco,4,0,18.204533285739785
Morocco,4,0,-16.062823487417457
Morocco,4,0,0.0
Morocco,4,0,-8.388363376762449
Morocco,4,0,18.561484918793504
Morocco,4,0,4.863466000356952
Morocco,4,0,4.908084954488667
Morocco,4,0,-19.275388184900947
Morocco,4,0,531.4206674995538
Morocco,4,0,0.0
Morocco,4,0,4.997322862752098
Morocco,4,0,-119.4895591647332
Morocco,4,0,0.0
Morocco,4,0,16.430929859004106
Morocco,4,0,78.15009816169909
Morocco,4,0,0.0
Morocco,4,0,0.0
Morocco,4,0,62.466535784401216
Morocco,4,0,-21.060146350169553
Morocco,4,1,144.56541138675712
Morocco,4,1,0.0
Morocco,4,1,-385.0615741567018
Morocco,4,1,0.0
Morocco,4,1,-132.96448331251116
Morocco,4,1,-169.0188291986436
Morocco,4,1,-64.60824558272354
Morocco,4,1,56.60360521149385
Morocco,4,1,0.0
Morocco,4,1,25.655898625736214
Morocco,4,1,31.612529002320187
Morocco,4,1,34.75147242548635
Morocco,4,1,-108.51329644833126
Morocco,4,1,26.682134570765665
Morocco,4,1,0.0
Morocco,4,1,-148.61458147421027
Morocco,4,1,124.34633232197038
Morocco,4,1,0.0
Morocco,4,1,0.0
Morocco,4,1,0.0
Morocco,4,1,-39.71086917722649
Morocco,4,1,-2806.6749955381047
Morocco,4,1,0.0
Morocco,4,1,2.230947706585758
Morocco,4,1,210.67285382830627
Morocco,4,0,-13.430305193646262
Morocco,4,0,0.580046403712297
Morocco,4,0,0.0
Morocco,4,0,319.29323576655366
Morocco,4,0,-39.086203819382476
Morocco,4,0,254.57344279850082
Morocco,4,0,44.257540603248266
Morocco,4,0,-83.3482063180439
Morocco,4,0,-2.320185614849188
Morocco,4,0,48.813135820096385
Morocco,4,0,-26.1913260753168
Morocco,4,0,4.015705871854364
Morocco,4,0,154.1852578975549
Morocco,4,0,165.09013028734608
Morocco,4,0,0.0
Morocco,4,0,1.3385686239514547
Morocco,4,0,0.0
Morocco,4,0,21.417097983223275
Morocco,4,0,-59.78939853649831
Morocco,4,0,0.0
Morocco,4,0,-2.543280385507764
Morocco,4,0,0.0
Morocco,4,0,7.585222202391576
Morocco,4,0,-94.28654292343388
Morocco,4,0,0.0
Morocco,4,0,25.70051757986793
Morocco,4,0,0.18739960735320366
Morocco,4,0,0.0
Morocco,4,0,0.0
Morocco,4,0,101.90969123683742
Morocco,4,0,-73.13046582188115
Morocco,4,0,-8.74531500981617
Morocco,4,0,17.847581652686063
Morocco,4,0,-29.716223451722293
Morocco,4,0,0.9191504551133323
Morocco,4,0,0.0
Morocco,4,0,87.81010173121543
Morocco,4,0,-122.79136177048011
Morocco,4,0,9.994645725504196
Morocco,4,0,52.02570051757987
Morocco,4,0,27.074781367124757
Morocco,4,1,-0.5354274495805819
Morocco,4,1,52.42727110476531
Morocco,4,1,53.408888095663045
Morocco,4,1,0.5354274495805819
Morocco,4,1,1674.058540067821
Morocco,4,1,21.417097983223275
Morocco,4,1,277.0123148313404
Morocco,4,1,-1383.7765482777086
Morocco,4,1,10.753167945743353
Morocco,4,1,123.01445654113868
Morocco,4,1,11.734784936641086
Morocco,4,1,-1017.1872211315367
Morocco,4,1,-4.283419596644655
Morocco,4,1,8.221042298768518
Morocco,4,1,67.28538283062646
Morocco,4,1,0.0
Morocco,4,1,-14.27806532214885
Morocco,4,1,-46.698197394253086
Morocco,4,1,-15.875423880064252
Morocco,4,1,4.908084954488667
Morocco,4,1,86.20381938247368
Morocco,4,1,69.69926824915224
Morocco,4,1,527.875691593789
Morocco,4,1,0.0
Morocco,4,1,74.48688202748528
Morocco,4,1,34.356594681420674
Morocco,4,1,37.926111011957886
Morocco,4,1,13.051044083526683
Morocco,4,1,13.474924147777978
Morocco,4,1,94.91790112439766
Morocco,4,1,0.0
Morocco,4,1,0.0
Morocco,4,1,267.71372479029094
Morocco,4,1,0.0
Morocco,4,1,-14.608245582723542
Morocco,4,1,40.933428520435484
Morocco,4,1,92.18275923612352
Morocco,4,1,1.2493307156880245
Morocco,4,1,-56.32630538327682
Morocco,4,1,43.01267178297341
Morocco,4,1,236.6614076722292
Morocco,4,1,79.37711940032126
Morocco,4,1,0.0
Morocco,4,1,-45.34164611173702
Morocco,4,1,-1.6419775120471178
Morocco,4,1,65.634481527753
Morocco,4,1,17.122691404855658
Morocco,4,1,6.4429769766196685
Morocco,4,1,45.08778430639836
Morocco,4,1,915.7716848117082
Morocco,4,1,36.91552655943245
Morocco,4,1,0.0
Morocco,4,1,178.78881151838303
Morocco,4,1,17.80363372579422
Morocco,4,1,27.764444863521778
Morocco,4,1,123.88487473228629
Morocco,4,1,127.10828044128147
Morocco,4,1,133.4779324413261
Morocco,4,1,54.34655715966893
Morocco,4,1,124.41556141799038
Morocco,4,1,116.76780296269857
Morocco,4,1,10.385095343384684
Morocco,4,1,-44.323798007205966
Morocco,4,1,50.07365613287525
Morocco,4,1,-61.26182402284491
Morocco,4,1,14.345329266966358
Morocco,4,1,0.0
Morocco,4,1,490.4161972380868
Morocco,4,1,-27.830571547887295
Morocco,4,1,-1.3385686239514547
Morocco,4,1,-18.699736138145862
Morocco,4,0,374.77725381492064
Morocco,4,0,22.967780932089955
Morocco,4,0,99.24627083147422
Morocco,4,0,18.316281107777087
Morocco,4,0,16.531390044256426
Morocco,4,0,880.298570520257
Morocco,4,0,14.869366682748083
Morocco,4,0,304.0932313046583
Morocco,4,0,44.304425363644484
Morocco,4,0,-557.5893355122256
Morocco,4,0,13.249632198640796
Morocco,4,0,20.335123204087097
Morocco,4,0,1.3385686239514547
Morocco,4,0,76.27643324446726
Morocco,4,0,119.20180176914154
Morocco,4,0,-117.94987409088883
Morocco,4,0,-17.769332904805463
Morocco,4,0,-798.0003736837409
Morocco,4,0,763.2744874397645
Morocco,4,0,-345.9192480590755
Morocco,4,0,-1.273770922106461
Morocco,4,0,259.8831680572908
Morocco,4,0,16.66524690665157
Morocco,4,0,-87.43050946479565
Morocco,4,0,11.758902701398805
Morocco,4,0,176.8363139724255
Morocco,4,0,-255.68832405630914
Morocco,4,0,92.24083359361057
Morocco,4,0,63.51734701276103
Morocco,4,0,-72.52777878480279
Morocco,4,0,340.03006899205786
Morocco,4,0,122.83184998549885
Morocco,4,0,3.156958761628815
Morocco,4,0,25.45544884576343
Morocco,4,0,0.0
Morocco,4,0,110.01728635887025
Morocco,4,0,56.63311298076923
Morocco,4,0,196.08932296314475
Morocco,4,0,24.332981494288777
Morocco,4,0,5.967950693267
Morocco,4,0,0.0
Morocco,4,0,154.20310547920758
Morocco,4,0,0.0
Morocco,4,0,656.0887443110834
Morocco,4,0,459.3388168168839
Morocco,4,0,45.65864548009995
Morocco,4,0,-5.71122612885954
Morocco,4,0,172.1848228627521
Morocco,4,0,221.68041952971623
Morocco,4,0,-134.48085672574962
Morocco,4,0,70.87727835534535
Morocco,4,0,30.1850536264055
Morocco,4,0,0.0
Morocco,4,0,17.80309777546627
Morocco,4,0,20.223776255465825
Morocco,4,0,-11.868641799036231
Morocco,4,0,98.87560235588079
Morocco,4,0,-70.09637694092451
Morocco,4,0,9.280742459396752
Morocco,4,0,-29.84528726240407
Morocco,4,0,413.47272805862934
Morocco,4,0,-1.6062823487417457
Morocco,4,0,-476.0952210311441
Morocco,4,0,0.0
Morocco,4,0,0.0
Morocco,4,0,-0.8811241257473675
Morocco,4,0,-48.45618418704266
Morocco,4,0,-133.1649374498037
Morocco,4,0,-114.94941500368107
Morocco,4,0,0.0
Morocco,4,0,-26.57025167181644
Morocco,4,0,0.0
Morocco,4,0,197.9969401157862
Morocco,4,0,52.941391260820104
Morocco,4,0,41.38441547078575
Morocco,4,0,-6.425129394966983
Morocco,4,0,186.50789058316974
Morocco,4,0,37.26821673378102
Morocco,4,0,-69.20386278137829
Morocco,4,0,131.60393636779406
Morocco,4,0,238.78535703529363
Morocco,4,0,72.86275209709085
Morocco,4,0,15.616633946100304
Morocco,4,0,-19.15005423991612
Morocco,4,0,86.0366028801535
Morocco,4,0,-29.399361338931154
Morocco,4,0,-831.8177064742104
Morocco,4,0,-470.8970431576834
Morocco,4,0,134.43757982609765
Morocco,4,0,31.545600571122616
Morocco,4,0,238.62282900901306
Morocco,4,0,-166.557884726932
Morocco,4,0,-175.71822572728897
Morocco,4,0,14.896138055227112
Morocco,4,0,910.9632256157416
Morocco,4,0,-227.3246475102624
Morocco,4,0,276.90976095395325
Morocco,4,0,114.55949588947887
Morocco,4,0,195.10756653801536
Morocco,4,0,-6.616923359277397
Morocco,4,0,96.20532352924774
Morocco,4,0,83.81703649272711
Morocco,4,0,32.248383957255044
Morocco,4,0,35.11305153210334
Morocco,4,1,10.976262716401928
Morocco,4,1,48.40716869729386
Morocco,4,1,113.75635471510799
Morocco,4,1,-158.28127788684634
Morocco,4,1,193.8593164376227
Morocco,4,1,18.639602947081922
Morocco,4,1,0.0
Morocco,4,1,26.90529470122033
Morocco,4,1,4.183061808406212
Morocco,4,1,24.540424772443338
Morocco,4,1,-265.8397287167589
Morocco,4,1,8.120649651972158
Morocco,4,1,-510.88702480813856
Morocco,4,1,154.97508310280207
Morocco,4,1,-14.578742170767894
Morocco,4,1,3.3464215598786367
Morocco,4,1,-25.6112796716045
Morocco,4,1,-11.377833303587366
Morocco,4,1,90.88880956630378
Morocco,4,1,-96.18500970462253
Morocco,4,1,6.465356170801357
Morocco,4,1,139.822747718856
Morocco,4,1,228.2437979653757
Morocco,4,1,-71.0869177226486
Morocco,4,1,-7.819303954773114
Morocco,4,1,-7.139032661074425
Morocco,4,0,-21.316496185079423
Morocco,4,0,85.71301088702482
Morocco,4,0,378.45796894520794
Morocco,4,0,0.0
Morocco,4,0,47.64205385228896
Morocco,4,0,45.31088343437668
Morocco,4,0,-1.963233981795467
Morocco,4,0,0.0
Morocco,4,0,18.211260987417457
Morocco,4,0,-182.5539889344994
Morocco,4,0,79.44411754863467
Morocco,4,0,-500.89237908263436
Morocco,4,0,106.84322293860433
Morocco,4,0,-59.65554167410316
Morocco,4,0,117.55982425709442
Morocco,4,0,69.10364007005177
Morocco,4,0,-48.062866363443696
Morocco,4,0,25.678208102802074
Morocco,4,0,58.629305729073714
Morocco,4,0,56.55459407906479
Morocco,4,0,102.35588077815457
Morocco,4,0,6.704098076644209
Morocco,4,0,96.321202090398
Morocco,4,0,10.240385486848565
Morocco,4,0,-20.212386221666964
Morocco,4,0,-43.993887900455114
Morocco,4,0,23.090374122958686
Morocco,4,0,0.0
Morocco,4,0,57.66553631982867
Morocco,4,0,-37.62476749341871
Morocco,4,0,-107.00737188782796
Morocco,4,0,54.18978951008389
Morocco,4,0,32.29519900053543
Morocco,4,0,11.735455963880957
Morocco,4,0,49.49807162457613
Morocco,4,0,0.0
Morocco,4,0,-48.18847046225237
Morocco,4,0,31.657215494907867
Morocco,4,1,126.36087810101732
Morocco,4,1,107.48773153054168
Morocco,4,1,-0.7139032661074425
Morocco,4,1,94.94474221399251
Morocco,4,1,0.0
Morocco,4,1,65.02327157326432
Morocco,4,1,81.51663310949492
Morocco,4,1,44.66357308584687
Morocco,4,1,46.3034852283375
Morocco,4,1,402.69732035293595
Morocco,4,1,42.46419416077325
Morocco,4,1,155.78055980055328
Morocco,4,1,11.389493491210066
Morocco,4,1,47.2185093016576
Morocco,4,1,37.575887080581836
Morocco,4,1,51.1118834218276
Morocco,4,1,20.748615418079602
Morocco,4,1,37.325428341959665
Morocco,4,1,192.76759869154918
Morocco,4,1,67.06228805996788
Morocco,4,1,-261.44476173478495
Morocco,4,1,254.1116366232376
Morocco,4,1,16.007217551562782
Morocco,4,1,95.13446863008657
Morocco,4,1,219.96705169105837
Morocco,4,1,-61.993435436373375
Morocco,4,1,707.4671214081743
Morocco,4,1,96.97936652239872
Morocco,4,1,0.0
Morocco,4,1,-25.187332068897245
Morocco,4,1,35.38296570336204
Morocco,4,1,0.0
Morocco,4,1,6461.632161342139
Morocco,4,1,429.8367643449938
Morocco,4,1,54.46875383444137
Morocco,4,1,218.51066114135287
Morocco,4,1,532.6164554702839
Morocco,4,1,66.8391932893093
Morocco,4,1,6.213860390081207
Morocco,4,1,3.792611101195788
Morocco,4,1,104.69844558718545
Morocco,4,1,55.28302360342674
Morocco,4,1,-51.79128543023827
Morocco,4,1,40.16665353660986
Morocco,4,1,30.41227913617705
Morocco,4,1,86.03220198721668
Morocco,4,1,420.76838022041767
Morocco,4,1,20.394774911319832
Morocco,4,1,57.650425134972345
Morocco,4,1,142.68042615284224
Morocco,4,1,-232.24158653846155
Morocco,4,1,-127.09608866065055
Morocco,4,1,-12.314831340353383
Morocco,4,1,-13.686763961549618
Morocco,4,1,0.8923790826343031
Morocco,4,1,162.2903954912547
Morocco,4,1,81.38564336348831
Morocco,4,1,15.688024272711049
Morocco,4,1,86.94229793191148
Morocco,4,1,436.94449402106017
Morocco,4,1,-34.48152775298947
Morocco,4,1,374.96942904470825
Morocco,4,1,-0.13385686239514547
Morocco,4,1,14.054970551490275
Morocco,4,1,32.639096103649834
Morocco,4,1,-409.3786950071391
Morocco,4,1,-3785.460913796181
Morocco,4,1,-96.48841859271819
Morocco,4,1,89.15759414599323
Morocco,4,1,70.07439862015885
Morocco,4,1,44.270926289487775
Morocco,4,1,113.03819870493487
Morocco,4,1,70.3975897398715
Morocco,4,1,113.04219000981618
Morocco,4,1,-29.002320185614852
Morocco,4,1,8.031411743708729
Morocco,4,1,-11.60092807424594
Morocco,4,1,17.57094413706943
Morocco,4,1,-4.104943780117795
Morocco,4,1,-8.47760128502588
Morocco,4,1,0.0
Morocco,4,1,86.38229519900054
Morocco,4,1,9.102266642869893
Morocco,4,1,-23.20185614849188
Morocco,4,1,44.03890772800286
Morocco,4,1,-29.537747635195434
Morocco,4,1,-1.160092807424594
Morocco,4,1,-19.186150276637516
Morocco,4,1,0.0
Morocco,4,1,71.76512582545065
Morocco,4,1,-12.33267892200607
Morocco,4,1,-25.43280385507764
Morocco,4,1,-324.3797965375692
Morocco,4,1,7.852935927181868
Morocco,4,1,49.43780117794039
Morocco,4,1,15.170444404783153
Morocco,4,1,26.235945029448512
Morocco,4,1,-4.551133321434946
Morocco,4,1,0.0
Morocco,4,1,0.0
Morocco,4,1,-46.76066393003748
Morocco,4,1,-86.56077101552741
Morocco,4,1,85.84686774941996
Morocco,4,0,-18.472247010530076
Morocco,4,0,-65.0544351240407
Morocco,4,0,0.0
Morocco,4,0,-69.18615027663752
Morocco,4,0,-225.01338568623953
Morocco,4,0,-14.27806532214885
Morocco,4,0,-4.908084954488667
Morocco,4,0,2.6771372479029094
Morocco,4,0,68.30269498482956
Morocco,4,0,-23.166160985186508
Morocco,4,0,81.29573442798501
Morocco,4,0,-56.84454756380511
Morocco,4,0,-51.13332143494557
Morocco,4,0,0.0
Morocco,4,0,62.77886846332323
Morocco,4,0,211.9087988577548
Morocco,4,0,-44.61895413171516
Morocco,4,0,15.170444404783153
Morocco,4,0,0.26771372479029093
Morocco,4,0,-15.57201499196859
Morocco,4,0,34.624308406210965
Morocco,4,0,0.0
Morocco,4,0,-62.95734427985008
Morocco,4,0,0.0
Morocco,4,0,-13.653399964304837
Morocco,4,0,67.4192396930216
Morocco,4,0,20.158843476708906
Morocco,4,0,-177.67267535248976
Morocco,4,0,0.0
Morocco,4,0,9.004104943780119
Morocco,4,0,-3.123326789220061
Morocco,4,1,0.0
Morocco,4,1,1.8739960735320367
Morocco,4,1,302.106014635017
Morocco,4,1,-10.708548991611638
Morocco,4,1,-3.034088880956631
Morocco,4,1,-7.272889523469571
Morocco,4,1,-225.95038372300556
Morocco,4,1,31.60806710690702
Morocco,4,1,42.83419596644655
Morocco,4,1,-137.60485454220955
Morocco,4,1,-2.230947706585758
Morocco,4,1,33.19650187399608
Morocco,4,1,-30.073175084776015
Morocco,4,1,6.960556844547565
Morocco,4,1,-10.851329644833125
Morocco,4,1,0.5889701945386401
Morocco,4,1,-86.38229519900054
Morocco,4,1,-262.98411565232914
Morocco,4,1,119.4717115830805
Morocco,4,1,-51.31179725147243
Morocco,4,1,-32.64322684276281
Morocco,4,1,-37.613778333035874
Morocco,4,1,-78.91308227735142
Morocco,4,1,70.98875602355882
Morocco,4,1,-8.031411743708729
Morocco,4,1,-163.22505800464037
Morocco,4,1,44.172764590398
Morocco,4,1,-13.831875780831698
Morocco,4,1,1.151169016598251
Morocco,4,1,-2.320185614849188
Morocco,4,0,0.0
Morocco,4,0,-26.325182937711944
Morocco,4,0,-28.50258789933964
Morocco,4,0,20.25700517579868
Morocco,4,0,57.469212921649124
Morocco,4,0,-8.031411743708729
Morocco,4,0,-3.658754238800643
Morocco,4,0,-184.9009459218276
Morocco,4,0,-20.70319471711583
Morocco,4,0,-6.996252007852936
Morocco,4,0,-112.4397644119222
Morocco,4,0,-15.170444404783153
Morocco,4,0,-268.07067642334465
Morocco,4,0,26.450116009280745
Morocco,4,0,21.417097983223275
Morocco,4,0,-1.2493307156880245
Morocco,4,0,-145.4577904693914
Morocco,4,0,-2.6771372479029094
Morocco,4,0,0.0
Morocco,4,0,0.0
Morocco,4,0,0.7139032661074425
Morocco,4,0,-0.38372300553275035
Morocco,4,0,-10.173121542031057
Morocco,4,0,-14.099589505621989
Morocco,4,0,-6.692843119757273
Morocco,4,0,-104.66491165447083
Morocco,4,0,-318.1331429591291
Morocco,4,0,152.95377476351956
Morocco,4,1,-3.5695163305372124
Morocco,4,1,0.0
Morocco,4,1,0.0
Morocco,4,1,0.0
Morocco,4,1,0.0
Morocco,4,1,-33.91040514010352
Morocco,4,1,102.132786007496
Morocco,4,1,-8.700696055684455
Morocco,4,1,-47.5102623594503
Morocco,4,1,-0.8923790826343031
Morocco,4,1,5.80046403712297
Morocco,4,1,94.59218275923614
Morocco,4,1,69.60556844547564
Morocco,4,1,-18.51686596466179
Morocco,4,1,-167.85650544351242
Morocco,4,1,907.7280028556131
Morocco,4,1,0.0
Morocco,4,1,0.0
Morocco,4,1,646.7963590933429
Morocco,4,1,-62.55577369266465
Morocco,4,1,0.0
Morocco,4,1,0.0
Morocco,4,1,23.20185614849188
Morocco,4,1,0.0
Morocco,4,1,0.0
Morocco,4,1,278.42227378190256
Morocco,4,1,-112.4397644119222
Morocco,4,1,0.0
Morocco,4,0,38.99696591111905
Morocco,4,0,0.0
Morocco,4,0,-119.40032125646977
Morocco,4,0,0.0
Morocco,4,0,-5.53275031233268
Morocco,4,0,0.0
Morocco,4,0,-16.232375513117972
Morocco,4,0,-2.552204176334107
Morocco,4,0,167.76726753524898
Morocco,4,0,0.0
Morocco,4,0,-136.40014278065323
Morocco,4,0,-1.160092807424594
Morocco,4,0,-3.123326789220061
Morocco,4,0,4.461895413171516
Morocco,4,0,-6.782081028020704
Morocco,4,0,-7.585222202391576
Morocco,4,0,32.21488488309834
Morocco,4,0,-9.816169908977335
Morocco,4,0,-11.60092807424594
Morocco,4,0,0.0
Morocco,4,0,29.002320185614852
Morocco,4,0,-11.15473853292879
Morocco,4,0,-12.36837408531144
Morocco,4,0,-73.17508477601285
Morocco,4,0,-625.414956273425
Morocco,4,0,-13.385686239514547
Morocco,4,0,-3.123326789220061
Morocco,4,1,53.54274495805819
Morocco,4,1,0.0
Morocco,4,1,0.0
Morocco,4,1,0.0
Morocco,4,1,-29.22541495627343
Morocco,4,1,-2.9448509726932004
Morocco,4,1,189.76441192218456
Morocco,4,1,0.0
Morocco,4,1,214.17097983223275
Morocco,4,1,353.382116723184
Morocco,4,1,0.0
Morocco,4,1,0.0
Morocco,4,1,0.0
Morocco,4,1,0.0
Morocco,4,1,174.90630019632343
Morocco,4,1,99.32179189719794
Morocco,4,1,2.6771372479029094
Morocco,4,1,16.68748884526147
Morocco,4,1,0.0
Morocco,4,1,179.72514724254864
Morocco,4,1,90.04104943780119
Morocco,4,1,0.0
Morocco,4,1,-3.5695163305372124
Morocco,4,1,326.61074424415494
Morocco,4,1,-64.87595930751384
Morocco,4,1,32.393360699625205
Morocco,4,1,22.93414242370159
Morocco,4,1,7.406746385864716
Morocco,4,1,38.96573264322684
Morocco,4,0,-3.5695163305372124
Morocco,4,0,0.0
Morocco,4,0,0.0
Morocco,4,0,250.26771372479033
Morocco,4,0,0.0
Morocco,4,0,176.691058361592
Morocco,4,0,0.0
Morocco,4,0,142.4683205425665
Morocco,4,0,-9.280742459396752
Morocco,4,0,72.19346778511512
Morocco,4,0,240.94235231126186
Morocco,4,0,0.0
Morocco,4,0,81.56344815277531
Morocco,4,0,0.0
Morocco,4,0,-7.317508477601286
Morocco,4,0,151.2582545065144
Morocco,4,0,142.2452257719079
Morocco,4,0,0.0
Morocco,4,0,0.0
Morocco,4,0,0.0
Morocco,4,0,379.35034802784224
Morocco,4,0,0.0
Morocco,4,0,64.96519721577727
Morocco,4,0,793.5034802784223
Morocco,4,0,113.46600035695164
Morocco,4,0,78.35088345529182
Morocco,4,0,0.0
Morocco,4,0,91.02266642869893
Morocco,4,0,0.0
Morocco,4,0,96.95698732821704
Morocco,4,0,199.17901124397645
Morocco,4,0,0.0
Morocco,4,1,-12.939496698197395
Morocco,4,1,253.7926111011958
Morocco,4,1,394.11922184544
Morocco,4,1,6.335891486703552
Morocco,4,1,-501.47242548634665
Morocco,4,1,-26.41442084597537
Morocco,4,1,0.0
Morocco,4,1,0.0
Morocco,4,1,251.6955202570052
Morocco,4,1,-30.162412993039446
Morocco,4,1,0.0
Morocco,4,1,20.613956808852404
Morocco,4,1,38.818490094592185
Morocco,4,1,9.619846510797787
Morocco,4,1,0.35695163305372124
Morocco,4,1,0.0
Morocco,4,1,43.99428877387115
Morocco,4,1,1155.1847224701055
Morocco,4,1,5.265036587542388
Morocco,4,1,45.15438158129574
Morocco,4,1,0.0
Morocco,4,1,8.8345529180796
Morocco,4,1,42.34338747099768
Morocco,4,1,0.0
Morocco,4,1,0.0
Morocco,4,1,0.0
Morocco,4,1,22.57719079064787
Morocco,4,1,0.0
Morocco,4,1,313.67124754595756
Morocco,4,1,0.0
Morocco,4,1,696.0556844547565
Morocco,4,0,-232.15241834731395
Morocco,4,0,0.0
Morocco,4,0,0.0
Morocco,4,0,-13.92111368909513
Morocco,4,0,0.0
Morocco,4,0,1832.556219882206
Morocco,4,0,0.0
Morocco,4,0,0.0
Morocco,4,0,-71.12261288595396
Morocco,4,0,0.0
Morocco,4,0,-54.881313582009646
Morocco,4,0,64.25129394966983
Morocco,4,0,32.750312332678924
Morocco,4,0,0.0
Morocco,4,0,0.0
Morocco,4,0,0.0
Morocco,4,0,13.653399964304837
Morocco,4,0,0.0
Morocco,4,0,0.0
Morocco,4,0,-81.47421024451188
Morocco,4,0,-86.51615206139569
Morocco,4,0,321.2564697483491
Morocco,4,0,0.0
Morocco,4,0,49.080849544886675
Morocco,4,0,0.0
Morocco,4,0,0.0
Morocco,4,0,-33.91040514010352
Morocco,4,0,85.6683919328931
Morocco,4,0,0.0
Morocco,4,0,0.0
Morocco,4,0,-74.95984294128147
Morocco,4,0,-4.729609137961806
Morocco,4,0,0.0
Morocco,4,0,-12.671782973407105
Morocco,4,1,1.695520257005176
Morocco,4,1,0.0
Morocco,4,1,0.0
Morocco,4,1,0.0
Morocco,4,1,0.0
Morocco,4,1,0.0
Morocco,4,1,-429.16009001874
Morocco,4,1,0.0
Morocco,4,1,-14.099589505621989
Morocco,4,1,663.9300374799216
Morocco,4,1,0.0
Morocco,4,1,50.3301802605747
Morocco,4,1,0.0
Morocco,4,1,14.099589505621989
Morocco,4,1,0.0
Morocco,4,1,0.0
Morocco,4,1,0.0
Morocco,4,1,273.4249509191505
Morocco,4,1,0.0
Morocco,4,1,8.923790826343032
Morocco,4,1,0.0
Morocco,4,1,0.0
Morocco,4,1,0.0
Morocco,4,1,-145.78511232821705
Morocco,4,1,8.923790826343032
Morocco,4,1,0.0
Morocco,4,1,0.0
Morocco,4,1,0.0
Morocco,4,1,0.0
Morocco,4,1,100.61574156701768
Morocco,4,1,133.49991076209176
Morocco,4,1,4.684990183830092
Morocco,4,1,0.0
Morocco,4,1,0.0
Morocco,4,0,832.5004461895414
Morocco,4,0,88.90326610744245
Morocco,4,0,-8.56683919328931
Morocco,4,0,232.73246475102627
Morocco,4,0,200.96376940924506
Morocco,4,0,0.0
Morocco,4,0,516.3162452034625
Morocco,4,0,0.0
Morocco,4,0,203.95323933606997
Morocco,4,0,-34.490451543815816
Morocco,4,0,-31.010173121542035
Morocco,4,0,53.05193646260932
Morocco,4,0,0.0
Morocco,4,0,299.17008745315013
Morocco,4,0,45.27931465286454
Morocco,4,0,299.83937176512586
Morocco,4,0,226.93200071390328
Morocco,4,0,84.41906121720508
Morocco,4,0,47.29609137961807
Morocco,4,0,77.45850437265752
Morocco,4,0,-386.132429055863
Morocco,4,0,-8.557915402462967
Morocco,4,0,53.98893449937534
Morocco,4,0,0.0
Morocco,4,0,44.708192039978584
Morocco,4,0,27.485275745136537
Morocco,4,0,-13.385686239514547
Morocco,4,0,4.015705871854364
Morocco,4,0,-7.674460110655007
Morocco,4,0,-6.1127967160449765
Morocco,4,0,228.67213992504017
Morocco,4,1,45.341781188648945
Morocco,4,1,0.0
Morocco,4,1,36.76601820453329
Morocco,4,1,0.0
Morocco,4,1,0.0
Morocco,4,1,35.47206853471355
Morocco,4,1,0.0
Morocco,4,1,35.65054435124041
Morocco,4,1,-10.083883633767625
Morocco,4,1,0.0
Morocco,4,1,87.2032839550241
Morocco,4,1,8.923790826343032
Morocco,4,1,8.923790826343032
Morocco,4,1,46.2252364804569
Morocco,4,1,8.923790826343032
Morocco,4,1,37.12296983758701
Morocco,4,1,-434.5439942887739
Morocco,4,1,0.0
Morocco,4,1,8.923790826343032
Morocco,4,1,0.0
Morocco,4,1,-23.20185614849188
Morocco,4,1,135.64162056041408
Morocco,4,1,0.0
Morocco,4,1,0.5354274495805819
Morocco,4,1,0.0
Morocco,4,1,-9.816169908977335
Morocco,4,1,0.0
Morocco,4,1,0.6246653578440122
Morocco,4,1,53.54274495805819
Morocco,4,1,49.39318222380868
Morocco,4,1,9.548456184187044
Morocco,4,1,-24.986614313760487
Morocco,4,1,-35.69516330537213
Morocco,4,1,0.0
Morocco,4,1,11.957879707299663
Morocco,4,1,39.26467963590934
Morocco,4,1,12.71640192753882
Morocco,4,1,0.0
Morocco,4,1,0.0
Morocco,4,0,-7.139032661074425
Morocco,4,0,3.034088880956631
Morocco,4,0,65.61217205068714
Morocco,4,0,0.0
Morocco,4,1,1285.0258789933964
Morocco,4,1,17.847581652686063
Morocco,4,1,70.00713903266109
Morocco,4,1,27.485275745136537
Morocco,4,1,-9.905407817240764
Morocco,4,1,0.0
Morocco,4,1,261.2439764411922
Morocco,4,1,-1.7401392111368912
Morocco,4,1,0.0
Morocco,4,1,558.9862573621275
Morocco,4,1,135.46314474388723
Morocco,4,1,-28.667678029626988
Morocco,4,1,-6.157415670176691
Morocco,4,1,208.23665893271465
Morocco,4,1,-178.74353025165092
Morocco,4,1,-2.543280385507764
Morocco,4,0,0.0
Morocco,4,0,-4.461895413171516
Morocco,4,0,66.48224165625558
Morocco,4,0,-14.233446368017136
Morocco,4,0,86.80617526325183
Morocco,4,0,8.923790826343032
Morocco,4,0,43.01267178297341
Morocco,4,0,-20.31054792075674
Morocco,4,0,-19.453864001427807
Morocco,4,0,617.2139925040158
Morocco,4,0,37.613778333035874
Morocco,4,0,22.30947706585758
Morocco,4,0,8.923790826343032
Morocco,4,0,8.923790826343032
Morocco,4,0,15.728181331429592
Morocco,4,0,447.3942530787079
Morocco,4,0,8.923790826343032
Morocco,4,0,-14.099589505621989
Morocco,4,0,41.941816883812244
Morocco,4,0,19.119221845439945
Morocco,4,0,-5.53275031233268
Morocco,4,0,-19.90005354274496
Morocco,4,0,67.50847760128504
Morocco,4,0,71.79189719792969
Morocco,4,0,48.99161163662324
Morocco,4,0,32.661074424415496
Morocco,4,0,-11.957879707299663
Morocco,4,0,-71.34570765661253
Morocco,4,0,21.573264322684278
Morocco,4,0,11.110119578797073
Morocco,4,0,0.0
Morocco,4,0,0.0
Morocco,4,0,95.16553631982868
Morocco,4,0,94.68142066749957
Morocco,4,0,4.506514367303231
Morocco,4,0,-7.139032661074425
Morocco,4,0,-33.91040514010352
Morocco,4,0,0.0
Morocco,4,0,0.0
Morocco,4,0,31.67945743351776
Morocco,4,0,0.0
Morocco,4,0,69.15937890415849
Morocco,4,0,-29.18079600214171
Morocco,4,0,3.5695163305372124
Morocco,4,0,99.00053542744959
Morocco,4,0,30.78707835088346
Morocco,4,0,8.923790826343032
Morocco,4,0,-22.30947706585758
Morocco,4,0,-16.41977512047118
Morocco,4,0,65.50062466535785
Morocco,4,0,0.0
Morocco,4,0,0.26771372479029093
Morocco,4,0,0.0
Morocco,4,0,-1.8739960735320367
Morocco,4,0,-1.7847581652686062
Morocco,4,0,0.0
Morocco,4,0,-35.05265036587543
Morocco,4,0,-23.38033196501874
Morocco,4,0,133.76762448688203
Morocco,4,0,-1.7847581652686062
Morocco,4,0,79.82330894163842
Morocco,4,0,11.221666964126362
Morocco,4,0,88.12243441013743
Morocco,4,0,3.8372300553275034
Morocco,4,0,-3.123326789220061
Morocco,4,0,8.923790826343032
Morocco,4,0,119.44494021060147
Morocco,4,0,-12.493307156880244
Morocco,4,0,0.0
Morocco,4,0,138.49723362484386
Morocco,4,0,12.493307156880244
Morocco,4,0,0.0
Morocco,4,0,46.8052828841692
Morocco,4,0,8.914867035516687
Morocco,4,0,8.923790826343032
Morocco,4,0,-7.139032661074425
Morocco,4,0,11.020881670533644
Morocco,4,0,0.0
Morocco,4,0,146.39478850615743
Morocco,4,0,4.908084954488667
Morocco,4,0,0.0
Morocco,4,0,93.16437622702125
Morocco,4,0,139.38961270747814
Morocco,4,0,0.0
Morocco,4,0,-31.233267892200608
Morocco,4,0,8.923790826343032
Morocco,4,0,8.923790826343032
Morocco,4,0,54.14510083883634
Morocco,4,0,34.4458325896841
Morocco,4,0,94.14599321791898
Morocco,4,0,0.0
Morocco,4,0,8.923790826343032
Morocco,4,0,0.0
Morocco,4,0,0.0
Morocco,4,1,119.08798857754775
Morocco,4,1,0.0
Morocco,4,1,9.369980367660183
Morocco,4,1,0.0
Morocco,4,1,67.28538283062646
Morocco,4,1,0.0
Morocco,4,1,749.5984294128147
Morocco,4,1,0.0
Morocco,4,0,103.60521149384259
Morocco,4,0,0.0
Morocco,4,0,-3.3018026057469214
Morocco,4,0,90.3980010708549
Morocco,4,0,0.0
Morocco,4,0,-14.099589505621989
Morocco,4,0,0.0
Morocco,4,0,3.5159735855791543
Morocco,4,1,95.88613242905588
Morocco,4,1,0.0
Morocco,4,1,76.9900053542745
Morocco,4,1,72.93860431911477
Morocco,4,1,0.0
Morocco,4,1,-3.435659468142067
Morocco,4,1,1.3385686239514547
Morocco,4,1,0.0
Morocco,4,1,56.75530965554168
Morocco,4,1,51.847224701053015
Morocco,4,1,0.0
Morocco,4,1,0.0
Morocco,4,1,50.28556130644298
Morocco,4,1,-80.31411743708728
Morocco,4,1,0.0
Morocco,4,1,-17.49063001963234
Morocco,4,1,136.22166696412637
Morocco,4,1,-74.39764411922185
Morocco,4,1,83.88363376762449
Morocco,4,1,-18.561484918793504
Morocco,4,1,-51.40103515973586
Morocco,4,1,-78.39550240942353
Morocco,4,1,-163.12689630555062
Morocco,4,1,-19.275388184900947
Morocco,4,1,-35.516687488845264
Morocco,4,1,20.123148313403536
Morocco,4,1,125.78975548813138
Morocco,4,1,-30.340888809566305
Morocco,4,1,-14.635016955202572
Morocco,4,1,0.0
Morocco,4,1,55.68445475638052
Morocco,4,1,0.0
Morocco,4,1,206.49651972157776
Morocco,4,1,0.0
Morocco,4,1,84.99910762091737
Morocco,4,1,53.72122077458505
Morocco,4,1,31.67945743351776
Morocco,4,1,-46.98375870069606
Morocco,4,1,0.0
Morocco,4,1,49.080849544886675
Morocco,4,1,-37.03373192932358
Morocco,4,1,-44.351240406924866
Morocco,4,1,12.850258789933966
Morocco,4,1,-6.023558807781546
Morocco,4,0,0.0
Morocco,4,0,48.72389791183295
Morocco,4,0,-18.115295377476354
Morocco,4,0,0.0
Morocco,4,0,-0.35695163305372124
Morocco,4,0,0.0
Morocco,4,0,-1.2493307156880245
Morocco,4,0,0.0
Morocco,4,0,0.0
Morocco,4,0,0.0
Morocco,4,0,0.0
Morocco,4,0,0.0
Morocco,4,0,19.63233981795467
Morocco,4,0,-78.17240763876495
Morocco,4,0,0.0
Morocco,4,0,0.0
Morocco,4,0,0.0
Morocco,4,0,0.0
Morocco,4,0,24.094235231126184
Morocco,4,0,0.0
Morocco,4,0,65.58986257362128
Morocco,4,0,32.125646974834915
Morocco,4,0,83.6159200428342
Morocco,4,0,0.0
Morocco,4,0,0.0
Morocco,4,0,0.0
Morocco,4,0,0.0
Morocco,4,0,0.0
Morocco,4,0,0.0
Morocco,4,0,0.0
Morocco,4,0,69.69480635373907
Morocco,4,0,48.277708370515796
Morocco,4,0,143.76227021238623
Morocco,4,0,0.0
Morocco,4,0,0.0
Morocco,4,0,97.53703373192933
Morocco,4,1,1242.637872568267
Morocco,4,1,818.8470462252366
Morocco,4,1,-86.91772264858112
Morocco,4,1,0.0
Morocco,4,1,1025.932536141353
Morocco,4,1,0.0
Morocco,4,1,0.0
Morocco,4,1,-622.345172229163
Morocco,4,1,0.0
Morocco,4,1,-162.7699446724969
Morocco,4,1,0.0
Morocco,4,1,-348.96484026414424
Morocco,4,1,0.0
Morocco,4,1,-13.430305193646262
Morocco,4,1,9.816169908977335
Morocco,4,1,0.0
Morocco,4,1,103.06978404426201
Morocco,4,1,21.86328752454043
Morocco,4,1,0.0
Morocco,4,1,0.0
Morocco,4,1,23.20185614849188
Morocco,4,1,55.32750312332679
Morocco,4,1,64.25129394966983
Morocco,4,1,0.0
Morocco,4,1,171.78297340710336
Morocco,4,1,24.094235231126184
Morocco,4,1,284.64661788327686
Morocco,4,1,0.0
Morocco,4,1,4.372657504908085
Morocco,4,1,735.2311261824024
Morocco,4,1,124.843833660539
Morocco,4,1,425.6648224165626
Morocco,4,1,0.0
Morocco,4,1,0.0
Morocco,4,1,139.21113689095128
Morocco,4,1,0.0
Morocco,4,1,80.31411743708728
Morocco,4,0,180.88524004997325
Morocco,4,0,235.40960199892916
Morocco,4,0,191.50455113332146
Morocco,4,0,419.4181688381225
Morocco,4,0,0.0
Morocco,4,0,146.5286453685526
Morocco,4,0,-56.48759593075139
Morocco,4,0,12.493307156880244
Morocco,4,0,222.73781902552207
Morocco,4,0,19.63233981795467
Morocco,4,0,0.0
Morocco,4,0,0.0
Morocco,4,0,18.739960735320366
Morocco,4,0,48.63466000356952
Morocco,4,0,338.254060324826
Morocco,4,0,98.07246118150991
Morocco,4,0,6.960556844547565
Morocco,4,0,-52.65036587542389
Morocco,4,0,206.49651972157776
Morocco,4,0,216.22345172229166
Morocco,4,0,0.0
Morocco,4,0,321.70265928966626
Morocco,4,0,40.60324825986079
Morocco,4,0,251.1154738532929
Morocco,4,1,0.0
Morocco,4,1,315.45600571122617
Morocco,4,1,0.0
Morocco,4,1,-284.4904515438158
Morocco,4,1,86.02534356594683
Morocco,4,1,135.6862395145458
Morocco,4,1,-112.79671604497591
Morocco,4,1,0.0
Morocco,4,1,468.6328752454043
Morocco,4,1,499.46457255041946
Morocco,4,1,447.4388720328396
Morocco,4,1,-165.22398714974122
Morocco,4,1,-63.62662859182581
Morocco,4,1,-128.86846332321971
Morocco,4,1,310.72639657326437
Morocco,4,1,971.3546314474389
Morocco,4,1,5.621988220596109
Morocco,4,1,-108.88140281991791
Morocco,4,1,782.7949312868108
Morocco,4,1,0.0
Morocco,4,1,-122.1666964126361
Morocco,4,1,0.0
Morocco,4,1,80.31411743708728
Morocco,4,1,2.76637515616634
Morocco,4,1,369.0879885775478
Morocco,4,1,0.0
Morocco,4,1,0.0
Morocco,4,1,-33.19650187399608
Morocco,4,0,157.8172407638765
Morocco,4,0,185.7040870961985
Morocco,4,0,64.11743708727468
Morocco,4,0,8.923790826343032
Morocco,4,0,102.445118686418
Morocco,4,0,0.0
Morocco,4,0,62.332678922006075
Morocco,4,0,588.97019453864
Morocco,4,0,3316.0360521149387
Morocco,4,0,-53.89969659111191
Morocco,4,0,0.0
Morocco,4,0,385.9539532393361
Morocco,4,0,92.36123505265037
Morocco,4,0,21.327860074959844
Morocco,4,0,8.923790826343032
Morocco,4,0,896.4840264144209
Morocco,4,0,0.0
Morocco,4,0,-7.495984294128147
Morocco,4,0,115.56309120114226
Morocco,4,0,0.0
Morocco,4,0,-135.19543101909693
Morocco,4,0,0.0
Morocco,4,0,706.764233446368
Morocco,4,0,-11.15473853292879
Morocco,4,0,-5.53275031233268
Morocco,4,0,-224.0763876494735
Morocco,4,1,0.0
Morocco,4,1,135.55238265215064
Morocco,4,1,-44.88666785650545
Morocco,4,1,-106.63930037479922
Morocco,4,1,0.0
Morocco,4,1,-3.4802784222737824
Morocco,4,1,588.3009102266643
Morocco,4,1,0.0
Morocco,4,1,-79.15402462966269
Morocco,4,1,229.80992325539893
Morocco,4,1,0.0
Morocco,4,1,86.82848474031769
Morocco,4,1,263.87649473496344
Morocco,4,1,0.0
Morocco,4,1,-16.196680349812603
Morocco,4,1,253.88184900945924
Morocco,4,1,490.451543815813
Morocco,4,1,73.44279850080315
Morocco,4,1,9.369980367660183
Morocco,4,1,295.37747635195433
Morocco,4,1,-115.02766375156168
Morocco,4,1,235.58807781545602
Morocco,4,1,74.15670176691059
Morocco,4,1,0.0
Morocco,4,1,91.37961806175264
Morocco,4,1,92.00428341959665
Morocco,4,1,289.7108691772265
Morocco,4,1,152.64144208459754
Morocco,4,1,86.2484383366054
Morocco,4,1,-0.044618954131715155
Morocco,4,1,12.53792611101196
Morocco,4,1,271.1940032125647
Morocco,4,1,236.83740853114406
Morocco,4,1,7.469212921649118
Morocco,4,1,490.1570587185437
Morocco,4,1,-1.963233981795467
Morocco,4,1,-9.726932000713903
Morocco,4,1,282.43797965375694
Morocco,4,1,210.02141709798323
Morocco,4,1,0.0
Morocco,4,1,-93.69087988577549
Morocco,4,1,6.737462073888989
Morocco,4,1,-10.851329644833125
Morocco,4,1,260.44083526682135
Morocco,4,1,-21.033374977690524
Morocco,4,1,184.57968945207926
Morocco,4,1,28.28841691950741
Morocco,4,1,-32.0654113867571
Morocco,4,1,85.13296448331252
Morocco,4,1,256.96948063537394
Morocco,4,1,-36.85525611279672
Morocco,4,1,-99.09869712653936
Morocco,4,1,231.48313403533822
Morocco,4,1,-0.42834195966446553
Morocco,4,1,261.02088167053364
Morocco,4,1,-148.43354355367663
Morocco,4,1,29.314652864536857
Morocco,4,1,58.540067820810286
Morocco,4,1,7.228270569337855
Morocco,4,1,8.18311618775656
Morocco,4,1,44.52971622345173
Morocco,4,1,-6.915937890415849
Morocco,4,1,364.0906657147957
Morocco,4,1,-24.897376405497056
Morocco,4,1,93.07513831875782
Morocco,4,1,-7.139032661074425
Morocco,4,1,12.627164019275389
Morocco,4,1,50.06246653578441
Morocco,4,1,5.398893449937534
Morocco,4,0,34.41906121720507
Morocco,4,0,-20.890594324469035
Morocco,4,0,0.0
Morocco,4,0,396.43940746028915
Morocco,4,0,8.120649651972158
Morocco,4,0,-10.708548991611638
Morocco,4,0,1.9186150276637517
Morocco,4,0,64.11743708727468
Morocco,4,0,-1497.4121006603607
Morocco,4,0,5.71122612885954
Morocco,4,0,3.792611101195788
Morocco,4,0,8.700696055684455
Morocco,4,0,14.617169373549885
Morocco,4,0,0.0
Morocco,4,0,129.10048188470464
Morocco,4,0,6.2912725325718375
Morocco,4,0,-19.676958772086383
Morocco,4,0,23.157237194360167
Morocco,4,0,12.761020881670534
Morocco,4,0,-42.35231126182403
Morocco,4,0,0.0
Morocco,4,0,13.956808852400501
Morocco,4,0,-33.24112082812779
Morocco,4,0,19.834800500987196
Morocco,4,0,93.81302427271106
Morocco,4,0,-32.9109405675531
Morocco,4,0,-51.142245225771916
Morocco,4,0,0.0
Morocco,4,0,-75.49527039086205
Morocco,4,0,11.841870426557202
Morocco,4,0,0.0
Morocco,4,0,-6.347039689256872
Morocco,4,0,3.5695163305372124
Morocco,4,0,114.76665158453062
Morocco,4,0,0.0
Morocco,4,0,4.774228092093522
Morocco,4,0,-32.33981795466715
Morocco,4,0,6.202034624308407
Morocco,4,0,221.87008494333395
Morocco,4,0,0.0
Morocco,4,0,1966.4019275388187
Morocco,4,0,183.91932893092988
Philippines,5,1,562.2063224919875
Philippines,5,1,2391.2508916659203
Philippines,5,1,337.3237934951925
Philippines,5,1,1036.0659371638055
Philippines,5,1,80.31518892742679
Philippines,5,1,133.85864821237797
Philippines,5,1,0.0
Philippines,5,1,267.71729642475594
Philippines,5,0,160.63037785485358
Philippines,5,1,239.33926300373182
Philippines,5,1,0.0
Philippines,5,0,414.9618094583717
Philippines,5,1,133.85864821237797
Philippines,5,1,329.2922746024498
Philippines,5,0,240.94556678228034
Philippines,5,0,334.6466205309449
Philippines,5,1,3726.6247662326027
Philippines,5,0,1338.5864821237797
Philippines,5,0,216.8510101040523
Philippines,5,1,1552.7603192635845
Philippines,5,0,174.01624267609137
Philippines,5,1,0.0
Philippines,5,1,133.85864821237797
Philippines,5,1,133.85864821237797
Philippines,5,0,368.11128258403943
Philippines,5,0,0.0
Philippines,5,0,401.57594463713394
Philippines,5,1,227.55970196104255
Philippines,5,1,397.5601851907626
Philippines,5,1,133.85864821237797
Philippines,5,0,693.3877977401179
Philippines,5,1,107.08691856990238
Philippines,5,1,4524.4223095783755
Philippines,5,0,401.57594463713394
Philippines,5,1,0.0
Philippines,5,1,1954.3362639007184
Philippines,5,1,40.157594463713394
Philippines,5,1,66.92932410618899
Philippines,5,1,2054.7302500600017
Philippines,5,1,0.0
Philippines,5,1,82.99236189167435
Philippines,5,1,80.31518892742679
Philippines,5,0,267.71729642475594
Philippines,5,1,374.8042149946583
Philippines,5,1,160.63037785485358
Philippines,5,1,428.3476742796095
Philippines,5,1,1289.0587822851999
Philippines,5,1,107.08691856990238
Philippines,5,1,214.17383713980476
Philippines,5,1,2342.5263437166145
Philippines,5,1,40.157594463713394
Philippines,5,0,481.8911335645607
Philippines,5,0,669.2932410618898
Philippines,5,1,96.37822671291214
Philippines,5,0,133.85864821237797
Philippines,5,1,401.57594463713394
Philippines,5,1,4765.367876360656
Philippines,5,1,503.30851727854116
Philippines,5,1,1338.5864821237797
Philippines,5,1,1.6063037785485357
Philippines,5,0,910.2388078441702
Philippines,5,1,350.7096583164303
Philippines,5,1,526.0644874746455
Philippines,5,1,3748.0421499465833
Philippines,5,1,1405.5158062299688
Philippines,5,0,64.25215114194143
Philippines,5,0,460.47374985058025
Philippines,5,0,1311.8147524813041
Philippines,5,0,183.38634805095782
Philippines,5,0,535.4345928495119
Philippines,5,1,214.17383713980476
Philippines,5,1,1544.7288003708418
Philippines,5,0,412.28463649412413
Philippines,5,1,174.01624267609137
Philippines,5,1,803.1518892742679
Philippines,5,1,163.30755081910112
Philippines,5,0,24.094556678228034
Philippines,5,1,0.0
Philippines,5,1,85.66953485592191
Philippines,5,1,631.357700158502
Philippines,5,1,804.6511061342464
Philippines,5,1,76.29942948105544
Philippines,5,1,758.9785353641831
Philippines,5,1,214.17383713980476
Philippines,5,1,14507.600293257525
Philippines,5,1,0.0
Philippines,5,1,326.61510163820225
Philippines,5,1,547.4818711886259
Philippines,5,1,267.71729642475594
Philippines,5,1,267.71729642475594
Philippines,5,1,634.1955035006043
Philippines,5,1,3962.215987086388
Philippines,5,0,117.79561042689262
Philippines,5,0,0.0
Philippines,5,0,401.57594463713394
Philippines,5,0,214.17383713980476
Philippines,5,1,401.57594463713394
Philippines,5,0,348.03248535218273
Philippines,5,1,214.17383713980476
Philippines,5,0,107.08691856990238
Philippines,5,0,267.71729642475594
Philippines,5,1,1204.7278339114018
Philippines,5,1,0.0
Philippines,5,0,369.4498690661632
Philippines,5,0,160.63037785485358
Philippines,5,0,133.85864821237797
Philippines,5,1,160.63037785485358
Philippines,5,0,803.1518892742679
Philippines,5,1,53.54345928495119
Philippines,5,1,160.63037785485358
Philippines,5,0,0.0
Philippines,5,0,0.0
Philippines,5,1,160.63037785485358
Philippines,5,1,803.1518892742679
Philippines,5,1,26.771729642475595
Philippines,5,0,669.2932410618898
Philippines,5,1,294.4890260672315
Philippines,5,1,0.0
Philippines,5,1,112.4412644983975
Philippines,5,1,535.4345928495119
Philippines,5,1,34.80324853521827
Philippines,5,0,0.0
Philippines,5,1,321.26075570970715
Philippines,5,1,0.0
Philippines,5,1,80.31518892742679
Philippines,5,1,66.92932410618899
Philippines,5,1,214.17383713980476
Philippines,5,1,187.40210749732915
Philippines,5,1,1501.8940329428808
Philippines,5,1,88.34670782016946
Philippines,5,1,0.0
Philippines,5,1,401.57594463713394
Philippines,5,1,267.71729642475594
Philippines,5,1,388.1900798158961
Philippines,5,0,160.63037785485358
Philippines,5,1,267.71729642475594
Philippines,5,1,0.0
Philippines,5,1,0.0
Philippines,5,0,446.5524504364929
Philippines,5,1,321.26075570970715
Philippines,5,1,80.31518892742679
Philippines,5,1,267.71729642475594
Philippines,5,1,361.41835017342055
Philippines,5,0,254.33143160351815
Philippines,5,0,21.551242362192852
Philippines,5,0,348.03248535218273
Philippines,5,1,277.35511909604713
Philippines,5,1,80.31518892742679
Philippines,5,0,401.57594463713394
Philippines,5,1,291.811853102984
Philippines,5,1,1231.4995635538774
Philippines,5,1,803.1518892742679
Philippines,5,0,147.24451303361576
Philippines,5,1,133.85864821237797
Philippines,5,1,862.0496944877142
Philippines,5,0,267.71729642475594
Philippines,5,1,0.0
Philippines,5,1,240.94556678228034
Philippines,5,0,267.71729642475594
Philippines,5,1,744.2540840608216
Philippines,5,1,46.85052687433229
Philippines,5,1,0.0
Philippines,5,1,315.906409781212
Philippines,5,1,232.91404788953767
Philippines,5,1,0.0
Philippines,5,1,0.0
Philippines,5,1,267.71729642475594
Philippines,5,1,348.03248535218273
Philippines,5,1,1124.412644983975
Philippines,5,1,133.85864821237797
Philippines,5,0,147.24451303361576
Philippines,5,0,0.0
Philippines,5,1,107.08691856990238
Philippines,5,0,160.63037785485358
Philippines,5,1,508.6628632070363
Philippines,5,1,374.8042149946583
Philippines,5,1,107.08691856990238
Philippines,5,1,133.85864821237797
Philippines,5,1,133.85864821237797
Philippines,5,0,246.29991271077546
Philippines,5,1,321.26075570970715
Philippines,5,1,803.1518892742679
Philippines,5,1,243.6227397465279
Philippines,5,0,291.811853102984
Philippines,5,1,0.0
Philippines,5,1,283.7803342102413
Philippines,5,1,1084.2550505202616
Philippines,5,1,1191.341969090164
Philippines,5,1,965.7901468523071
Philippines,5,1,0.0
Philippines,5,1,99.0553996771597
Philippines,5,0,337.3237934951925
Philippines,5,1,357.4025907270492
Philippines,5,1,803.1518892742679
Philippines,5,1,331.7017302702726
Philippines,5,1,1333.2321361952845
Philippines,5,1,155.27603192635846
Philippines,5,1,187.40210749732915
Philippines,5,1,-16063.037785485356
Philippines,5,0,40.157594463713394
Philippines,5,0,0.0
Philippines,5,1,333.3080340488211
Philippines,5,1,156.61461840848222
Philippines,5,1,246.29991271077546
Philippines,5,1,118.06332772331737
Philippines,5,1,441.73353910084734
Philippines,5,1,188.3391180348158
Philippines,5,1,5689.527983618913
Philippines,5,0,401.57594463713394
Philippines,5,1,149.92168599786334
Philippines,5,0,937.0105374866458
Philippines,5,1,696.0649707043655
Philippines,5,1,321.26075570970715
Philippines,5,1,1151.1843746264506
Philippines,5,1,240.94556678228034
Philippines,5,1,803.1518892742679
Philippines,5,1,5541.748035992448
Philippines,5,0,263.9692542748094
Philippines,5,1,240.94556678228034
Philippines,5,0,53.54345928495119
Philippines,5,1,133.85864821237797
Philippines,5,0,115.11843746264506
Philippines,5,1,1254.2555337499816
Philippines,5,1,1539.3744544423466
Philippines,5,1,882.1284917195709
Philippines,5,1,0.0
Philippines,5,1,2409.4556678228037
Philippines,5,0,401.57594463713394
Philippines,5,1,187.40210749732915
Philippines,5,1,3206.9854938721514
Philippines,5,1,1378.744076587493
Philippines,5,0,133.85864821237797
Philippines,5,1,1231.4995635538774
Philippines,5,1,321.26075570970715
Philippines,5,0,829.9236189167434
Philippines,5,1,147.24451303361576
Philippines,5,0,139.2129941408731
Philippines,5,1,281.10316124599376
Philippines,5,0,160.63037785485358
Philippines,5,1,66.92932410618899
Philippines,5,1,507.0565594284878
Philippines,5,1,100.39398615928349
Philippines,5,0,2677.1729642475593
Philippines,5,1,1124.412644983975
Philippines,5,1,80.31518892742679
Philippines,5,1,522.0487280282741
Philippines,5,1,120.47278339114017
Philippines,5,1,267.71729642475594
Philippines,5,1,275.2133807246491
Philippines,5,1,40.157594463713394
Philippines,5,1,200.78797231856697
Philippines,5,1,66.92932410618899
Philippines,5,1,80.31518892742679
Philippines,5,1,267.71729642475594
Philippines,5,1,13.385864821237798
Philippines,5,1,160.63037785485358
Philippines,5,1,0.0
Philippines,5,1,331.9694475666974
Philippines,5,1,-65.59073762406521
Philippines,5,1,267.71729642475594
Philippines,5,1,4015.759446371339
Philippines,5,1,82.99236189167435
Philippines,5,1,481.8911335645607
Philippines,5,1,107.08691856990238
Philippines,5,1,109.22865694130043
Philippines,5,1,53.54345928495119
Philippines,5,1,1137.7985098052127
Philippines,5,1,1077.5621181096426
Philippines,5,1,80.31518892742679
Philippines,5,1,35.820574261632345
Philippines,5,1,803.1518892742679
Philippines,5,1,1606.3037785485358
Philippines,5,1,642.5215114194143
Philippines,5,1,147.24451303361576
Philippines,5,1,401.57594463713394
Philippines,5,0,494.74156379294897
Philippines,5,1,856.695348559219
Philippines,5,1,661.2617221691472
Philippines,5,1,227.55970196104255
Philippines,5,1,198.1107993543194
Philippines,5,1,342.67813942368764
Philippines,5,1,0.0
Philippines,5,0,412.82007108697366
Philippines,5,1,535.4345928495119
Philippines,5,1,42.834767427960955
Philippines,5,0,93.70105374866458
Philippines,5,1,535.4345928495119
Philippines,5,0,9.370105374866458
Philippines,5,1,174.01624267609137
Philippines,5,1,428.3476742796095
Philippines,5,1,305.19771792422176
Philippines,5,1,0.0
Philippines,5,1,107.08691856990238
Philippines,5,1,161.96896433697734
Philippines,5,1,2141.7383713980475
Philippines,5,1,8.486638296664763
Philippines,5,1,401.57594463713394
Philippines,5,1,3654.341096197919
Philippines,5,0,7014.193166328606
Philippines,5,1,125.82712931963529
Philippines,5,1,1223.4680446611346
Philippines,5,1,0.0
Philippines,5,0,214.17383713980476
Philippines,5,1,294.4890260672315
Philippines,5,1,88.34670782016946
Philippines,5,0,267.71729642475594
Philippines,5,0,321.26075570970715
Philippines,5,1,669.2932410618898
Philippines,5,0,313.22923681696443
Philippines,5,1,0.0
Philippines,5,1,803.1518892742679
Philippines,5,0,113.77985098052127
Philippines,5,0,0.0
Philippines,5,1,93.70105374866458
Philippines,5,1,0.0
Philippines,5,1,100.39398615928349
Philippines,5,0,0.0
Philippines,5,0,696.0649707043655
Philippines,5,0,0.0
Philippines,5,1,160.63037785485358
Philippines,5,0,77.63801596317923
Philippines,5,1,0.0
Philippines,5,1,32.12607557097071
Philippines,5,1,629.1356465981764
Philippines,5,1,-93.70105374866458
Philippines,5,1,0.0
Philippines,5,1,107.08691856990238
Philippines,5,1,26.771729642475595
Philippines,5,1,0.0
Philippines,5,1,0.0
Philippines,5,1,62.431673526253086
Philippines,5,1,80.31518892742679
Philippines,5,1,358.741177209173
Philippines,5,0,40.157594463713394
Philippines,5,0,53.54345928495119
Philippines,5,1,0.0
Philippines,5,1,0.0
Philippines,5,1,42.834767427960955
Philippines,5,1,401.57594463713394
Philippines,5,1,53.54345928495119
Philippines,5,1,966.9948746862185
Philippines,5,1,120.47278339114017
Philippines,5,1,66.92932410618899
Philippines,5,0,321.26075570970715
Philippines,5,1,330.22928513993645
Philippines,5,0,1003.9398615928347
Philippines,5,1,160.63037785485358
Philippines,5,1,1204.7278339114018
Philippines,5,0,562.2063224919875
Philippines,5,0,262.36295049626085
Philippines,5,1,240.94556678228034
Philippines,5,1,401.57594463713394
Philippines,5,1,0.0
Philippines,5,1,40.157594463713394
Philippines,5,1,42.834767427960955
Philippines,5,1,80.31518892742679
Philippines,5,1,110.08535228985964
Philippines,5,1,649.5892480450278
Philippines,5,1,1132.4441638767175
Philippines,5,1,557.3874111563418
Philippines,5,1,2305.0459222171485
Philippines,5,1,467.835975502261
Philippines,5,1,460.47374985058025
Philippines,5,1,123.14995635538773
Philippines,5,1,112.03968855376036
Philippines,5,1,762.9942948105545
Philippines,5,1,53.54345928495119
Philippines,5,1,0.0
Philippines,5,1,117.79561042689262
Philippines,5,1,214.17383713980476
Philippines,5,1,484.56830652880825
Philippines,5,1,133.85864821237797
Philippines,5,1,0.0
Philippines,5,1,0.0
Philippines,5,1,8.031518892742678
Philippines,5,1,313.22923681696443
Philippines,5,1,26.771729642475595
Philippines,5,1,74.96084299893167
Philippines,5,1,171.33906971184382
Philippines,5,1,2141.7383713980475
Philippines,5,0,107.08691856990238
Philippines,5,1,40.157594463713394
Philippines,5,1,0.0
Philippines,5,1,479.21396060031316
Philippines,5,1,0.0
Philippines,5,1,224.882528996795
Philippines,5,1,315.906409781212
Philippines,5,1,0.0
Philippines,5,1,481.8911335645607
Philippines,5,1,803.1518892742679
Philippines,5,1,2141.7383713980475
Philippines,5,1,40.157594463713394
Philippines,5,1,348.03248535218273
Philippines,5,0,0.0
Philippines,5,1,0.0
Philippines,5,0,481.8911335645607
Philippines,5,1,803.1518892742679
Philippines,5,1,16.063037785485356
Philippines,5,1,1111.0267801627372
Philippines,5,0,337.3237934951925
Philippines,5,0,107.08691856990238
Philippines,5,1,854.0181755949715
Philippines,5,0,535.4345928495119
Philippines,5,1,326.61510163820225
Philippines,5,1,669.2932410618898
Philippines,5,0,401.57594463713394
Philippines,5,1,471.1824417075705
Philippines,5,1,0.0
Philippines,5,1,0.0
Philippines,5,0,139.2129941408731
Philippines,5,1,883.4670782016947
Philippines,5,1,0.0
Philippines,5,1,174.01624267609137
Philippines,5,1,200.78797231856697
Philippines,5,1,492.5998254215509
Philippines,5,1,77.63801596317923
Philippines,5,1,2275.5970196104254
Philippines,5,1,2845.567143698731
Philippines,5,1,2061.4231824706208
Philippines,5,1,1558.1146651920797
Philippines,5,1,80.31518892742679
Philippines,5,1,803.1518892742679
Philippines,5,1,120.47278339114017
Philippines,5,1,696.0649707043655
Philippines,5,1,401.57594463713394
Philippines,5,1,80.31518892742679
Philippines,5,1,0.0
Philippines,5,1,749.6084299893166
Philippines,5,1,1485.8309951573956
Philippines,5,1,72.2836700346841
Philippines,5,1,93.70105374866458
Philippines,5,1,754.9627759178118
Philippines,5,1,918.2703267369129
Philippines,5,1,107.08691856990238
Philippines,5,1,803.1518892742679
Philippines,5,1,32.12607557097071
Philippines,5,1,133.85864821237797
Philippines,5,1,147.24451303361576
Philippines,5,1,401.57594463713394
Philippines,5,1,736.2225651680789
Philippines,5,1,2353.235035573605
Philippines,5,1,149.92168599786334
Philippines,5,1,133.85864821237797
Philippines,5,1,481.8911335645607
Philippines,5,1,21.417383713980477
Philippines,5,0,214.17383713980476
Philippines,5,1,270.3944693890035
Philippines,5,1,267.71729642475594
Philippines,5,1,0.0
Philippines,5,1,107.08691856990238
Philippines,5,0,803.1518892742679
Philippines,5,1,803.1518892742679
Philippines,5,1,321.26075570970715
Philippines,5,1,0.0
Philippines,5,0,649.2144438300331
Philippines,5,1,803.1518892742679
Philippines,5,1,42.29933283511144
Philippines,5,1,0.0
Philippines,5,1,267.71729642475594
Philippines,5,1,222.20535603254743
Philippines,5,1,112.4412644983975
Philippines,5,1,0.0
Philippines,5,0,669.2932410618898
Philippines,5,1,2516.5425863927057
Philippines,5,1,160.63037785485358
Philippines,5,1,0.0
Philippines,5,1,696.0649707043655
Philippines,5,1,0.0
Philippines,5,1,133.85864821237797
Philippines,5,1,1151.1843746264506
Philippines,5,0,535.4345928495119
Philippines,5,1,0.0
Philippines,5,1,80.31518892742679
Philippines,5,1,48.18911335645607
Philippines,5,1,160.63037785485358
Philippines,5,0,133.85864821237797
Philippines,5,0,1070.8691856990238
Philippines,5,1,0.0
Philippines,5,1,40.157594463713394
Philippines,5,1,401.57594463713394
Philippines,5,1,0.0
Philippines,5,0,26.771729642475595
Philippines,5,1,214.17383713980476
Philippines,5,1,200.78797231856697
Philippines,5,1,0.0
Philippines,5,1,80.31518892742679
Philippines,5,0,292.7756353701131
Philippines,5,1,1472.4451303361577
Philippines,5,1,214.17383713980476
Philippines,5,1,348.03248535218273
Philippines,5,1,736.2225651680789
Philippines,5,1,187.40210749732915
Philippines,5,1,910.2388078441702
Philippines,5,1,133.85864821237797
Philippines,5,0,80.31518892742679
Philippines,5,0,80.31518892742679
Philippines,5,1,53.54345928495119
Philippines,5,0,360.5081113655764
Philippines,5,0,374.8042149946583
Philippines,5,1,669.2932410618898
Philippines,5,1,281.10316124599376
Philippines,5,1,0.0
Philippines,5,1,0.0
Philippines,5,1,401.57594463713394
Philippines,5,1,441.73353910084734
Philippines,5,1,329.2922746024498
Philippines,5,1,200.78797231856697
Philippines,5,1,607.3702303988438
Philippines,5,1,479.21396060031316
Philippines,5,1,353.3868312806778
Philippines,5,1,2168.5101010405233
Philippines,5,1,91.02388078441702
Philippines,5,1,698.2067090757635
Philippines,5,1,224.882528996795
Philippines,5,1,0.0
Philippines,5,1,1070.8691856990238
Philippines,5,0,310.5520638527169
Philippines,5,1,138.24921187374397
Philippines,5,1,2101.580776934334
Philippines,5,0,240.94556678228034
Philippines,5,1,160.63037785485358
Philippines,5,1,120.47278339114017
Philippines,5,1,200.78797231856697
Philippines,5,1,107.08691856990238
Philippines,5,1,96.37822671291214
Philippines,5,1,374.8042149946583
Philippines,5,1,294.4890260672315
Philippines,5,1,910.2388078441702
Philippines,5,1,0.0
Philippines,5,1,0.0
Philippines,5,1,200.78797231856697
Philippines,5,1,696.0649707043655
Philippines,5,1,0.0
Philippines,5,1,1058.8219073599098
Philippines,5,1,1044.0974560565483
Philippines,5,0,152.59885896211088
Philippines,5,1,977.1681319503592
Philippines,5,0,390.8672527801437
Philippines,5,0,642.5215114194143
Philippines,5,1,401.57594463713394
Philippines,5,1,397.5601851907626
Philippines,5,1,74.96084299893167
Philippines,5,1,-25.433143160351815
Philippines,5,1,133.85864821237797
Philippines,5,1,1003.9398615928347
Philippines,5,1,722.8367003468411
Philippines,5,1,163.30755081910112
Philippines,5,1,749.6084299893166
Philippines,5,1,155.27603192635846
Philippines,5,1,0.0
Philippines,5,1,776.3801596317923
Philippines,5,1,0.0
Philippines,5,1,53.54345928495119
Philippines,5,1,240.94556678228034
Philippines,5,1,74.96084299893167
Philippines,5,0,1627.7211622625161
Philippines,5,1,104.40974560565482
Philippines,5,1,0.0
Philippines,5,0,398.89877167288637
Philippines,5,1,562.2063224919875
Philippines,5,1,174.01624267609137
Philippines,5,1,427.00908779748573
Philippines,5,1,29.448902606723156
Philippines,5,0,0.0
Philippines,5,1,342.67813942368764
Philippines,5,0,42.834767427960955
Philippines,5,1,591.6552250987106
Philippines,5,0,0.0
Philippines,5,0,401.57594463713394
Philippines,5,1,762.9942948105545
Philippines,5,1,206.14231824706206
Philippines,5,1,417.6389824226193
Philippines,5,0,120.47278339114017
Philippines,5,1,125.82712931963529
Philippines,5,1,50.86628632070363
Philippines,5,1,117.79561042689262
Philippines,5,1,428.3476742796095
Philippines,5,1,80.31518892742679
Philippines,5,1,522.0487280282741
Philippines,5,1,1820.4776156883404
Philippines,5,1,1847.2493453308161
Philippines,5,1,2730.716423532511
Philippines,5,1,2350.557862609357
Philippines,5,0,100.39398615928349
Philippines,5,1,321.26075570970715
Philippines,5,1,6157.4978177693865
Philippines,5,0,961.1050941648739
Philippines,5,1,588.978052134463
Philippines,5,1,93.70105374866458
Philippines,5,1,40.157594463713394
Philippines,5,1,0.0
Philippines,5,1,602.3639169557009
Philippines,5,1,401.57594463713394
Philippines,5,1,200.78797231856697
Philippines,5,1,385.51290685164855
Philippines,5,1,497.95417135004607
Philippines,5,1,240.94556678228034
Philippines,5,0,99.0553996771597
Philippines,5,1,0.0
Philippines,5,1,401.57594463713394
Philippines,5,1,0.0
Philippines,5,1,669.2932410618898
Philippines,5,0,1124.412644983975
Philippines,5,1,321.26075570970715
Philippines,5,0,40.157594463713394
Philippines,5,1,248.97708567502303
Philippines,5,1,0.0
Philippines,5,0,267.71729642475594
Philippines,5,1,1807.0917508671027
Philippines,5,0,80.31518892742679
Philippines,5,1,74.96084299893167
Philippines,5,1,0.0
Philippines,5,0,0.0
Philippines,5,1,803.1518892742679
Philippines,5,1,1606.3037785485358
Philippines,5,1,1204.7278339114018
Philippines,5,0,0.0
Philippines,5,0,107.08691856990238
Philippines,5,1,48.18911335645607
Philippines,5,1,0.0
Philippines,5,1,147.05711092611844
Philippines,5,1,64.25215114194143
Philippines,5,1,602.3639169557009
Philippines,5,1,428.3476742796095
Philippines,5,0,134.87597393879204
Philippines,5,1,500.63134431429364
Philippines,5,1,910.2388078441702
Philippines,5,1,562.2063224919875
Philippines,5,1,128.50430228388285
Philippines,5,1,963.7822671291214
Philippines,5,1,3275.521121756889
Philippines,5,1,803.1518892742679
Philippines,5,0,66.92932410618899
Philippines,5,1,133.85864821237797
Philippines,5,1,726.8524597932123
Philippines,5,1,629.1356465981764
Philippines,5,1,535.4345928495119
Philippines,5,1,428.3476742796095
Philippines,5,1,128.50430228388285
Philippines,5,1,214.17383713980476
Philippines,5,1,0.0
Philippines,5,1,0.0
Philippines,5,1,187.40210749732915
Philippines,5,1,374.8042149946583
Philippines,5,1,251.65425863927058
Philippines,5,1,0.0
Philippines,5,1,803.1518892742679
Philippines,5,1,803.1518892742679
Philippines,5,1,878.648166866049
Philippines,5,0,133.85864821237797
Philippines,5,0,0.0
Philippines,5,0,340.00096645944006
Philippines,5,1,0.0
Philippines,5,1,107.08691856990238
Philippines,5,1,107.08691856990238
Philippines,5,1,401.57594463713394
Philippines,5,1,160.63037785485358
Philippines,5,1,42.834767427960955
Philippines,5,1,856.695348559219
Philippines,5,1,187.40210749732915
Philippines,5,1,147.24451303361576
Philippines,5,1,294.4890260672315
Philippines,5,1,321.26075570970715
Philippines,5,1,279.76457476387
Philippines,5,0,441.73353910084734
Philippines,5,1,93.70105374866458
Philippines,5,1,348.03248535218273
Philippines,5,1,227.55970196104255
Philippines,5,1,267.71729642475594
Philippines,5,1,235.59122085378525
Philippines,5,0,80.8506235202763
Philippines,5,1,803.1518892742679
Philippines,5,1,401.57594463713394
Philippines,5,0,247.63849919289925
Philippines,5,1,0.0
Philippines,5,1,1338.5864821237797
Philippines,5,0,583.623706205968
Philippines,5,1,307.87489088846934
Philippines,5,1,267.71729642475594
Philippines,5,0,10.708691856990239
Philippines,5,1,133.85864821237797
Philippines,5,1,13.385864821237798
Philippines,5,1,420.31615538686685
Philippines,5,1,292.3472876958335
Philippines,5,1,675.1830215832344
Philippines,5,1,562.2063224919875
Philippines,5,1,428.3476742796095
Philippines,5,0,1137.7985098052127
Philippines,5,0,53.54345928495119
Philippines,5,1,949.0578158257598
Philippines,5,1,554.1748035992448
Philippines,5,1,160.63037785485358
Philippines,5,1,321.26075570970715
Philippines,5,1,53.54345928495119
Philippines,5,1,1365.3582117662554
Philippines,5,1,160.63037785485358
Philippines,5,1,147.24451303361576
Philippines,5,1,768.3486407390495
Philippines,5,1,990.553996771597
Philippines,5,1,467.1666822611991
Philippines,5,1,361.41835017342055
Philippines,5,1,414.9618094583717
Philippines,5,1,0.0
Philippines,5,1,147.24451303361576
Philippines,5,1,0.0
Philippines,5,1,669.2932410618898
Philippines,5,1,709.4508355256032
Philippines,5,1,388.1900798158961
Philippines,5,1,76.29942948105544
Philippines,5,1,141.89016710512064
Philippines,5,0,187.40210749732915
Philippines,5,0,398.89877167288637
Philippines,5,1,958.4279212006263
Philippines,5,0,737.5611516502026
Philippines,5,1,797.7975433457727
Philippines,5,0,3188.513000418843
Philippines,5,1,1115.0425396091084
Philippines,5,1,315.906409781212
Philippines,5,1,77.63801596317923
Philippines,5,0,436.3791931723522
Philippines,5,1,302.52054495997425
Philippines,5,1,476.5367876360656
Philippines,5,1,669.2932410618898
Philippines,5,1,26.771729642475595
Philippines,5,1,160.63037785485358
Philippines,5,1,1092.2865694130044
Philippines,5,1,401.57594463713394
Philippines,5,1,315.1568013512227
Philippines,5,0,385.51290685164855
Philippines,5,1,331.9694475666974
Philippines,5,1,321.26075570970715
Philippines,5,1,0.0
Philippines,5,1,192.75645342582428
Philippines,5,1,125.55941202321054
Philippines,5,1,160.63037785485358
Philippines,5,1,65.32302032764045
Philippines,5,1,80.31518892742679
Philippines,5,1,259.0967994798788
Philippines,5,1,133.85864821237797
Philippines,5,1,120.47278339114017
Philippines,5,1,0.0
Philippines,5,1,160.63037785485358
Philippines,5,1,0.0
Philippines,5,1,32.12607557097071
Philippines,5,1,165.9847237833487
Philippines,5,0,149.92168599786334
Philippines,5,1,0.0
Philippines,5,0,0.0
Philippines,5,1,0.0
Philippines,5,1,0.0
Philippines,5,1,3501.742237235808
Philippines,5,1,66.92932410618899
Philippines,5,1,133.85864821237797
Philippines,5,1,80.31518892742679
Philippines,5,1,155.27603192635846
Philippines,5,1,80.31518892742679
Philippines,5,1,115.11843746264506
Philippines,5,1,267.71729642475594
Philippines,5,1,26.771729642475595
Philippines,5,1,401.57594463713394
Philippines,5,0,0.0
Philippines,5,1,18.740210749732917
Philippines,5,1,741.576911096574
Philippines,5,1,66.92932410618899
Philippines,5,1,5348.18843067735
Philippines,5,1,40.157594463713394
Philippines,5,1,0.0
Philippines,5,0,107.08691856990238
Philippines,5,1,401.57594463713394
Philippines,5,1,107.08691856990238
Philippines,5,1,0.0
Philippines,5,1,192.75645342582428
Philippines,5,1,120.47278339114017
Philippines,5,0,1167.247412411936
Philippines,5,0,187.40210749732915
Philippines,5,1,-2.6771729642475597
Philippines,5,0,72.55138733110886
Philippines,5,0,40.157594463713394
Philippines,5,0,476.5367876360656
Philippines,5,1,415.76496134764596
Philippines,5,1,0.0
Philippines,5,0,26.771729642475595
Philippines,5,1,93.70105374866458
Philippines,5,1,94.07585796365925
Philippines,5,1,329.2922746024498
Philippines,5,0,-267.71729642475594
Philippines,5,0,5.354345928495119
Philippines,5,0,516.694382099779
Philippines,5,0,594.3323980629582
Philippines,5,1,0.0
Philippines,5,1,-48.64423276037815
Philippines,5,1,9.209474997011604
Philippines,5,1,116.18930664834409
Philippines,5,1,0.0
Philippines,5,1,60.6647393698497
Philippines,5,1,401.57594463713394
Philippines,5,1,80.31518892742679
Philippines,5,1,696.0649707043655
Philippines,5,1,216.8510101040523
Philippines,5,1,24.094556678228034
Philippines,5,0,156.61461840848222
Philippines,5,0,803.1518892742679
Philippines,5,0,0.0
Philippines,5,1,160.63037785485358
Philippines,5,0,165.9847237833487
Philippines,5,1,0.0
Philippines,5,1,240.94556678228034
Philippines,5,1,40.157594463713394
Philippines,5,1,40.157594463713394
Philippines,5,1,53.54345928495119
Philippines,5,1,93.70105374866458
Philippines,5,1,53.54345928495119
Philippines,5,1,26.771729642475595
Philippines,5,1,53.54345928495119
Philippines,5,1,24.094556678228034
Philippines,5,1,182.04776156883403
Philippines,5,1,53.54345928495119
Philippines,5,1,107.08691856990238
Philippines,5,1,107.08691856990238
Philippines,5,1,717.2146371219212
Philippines,5,1,321.26075570970715
Philippines,5,1,103.60659371638054
Philippines,5,1,190.07928046157673
Philippines,5,1,66.92932410618899
Philippines,5,1,133.85864821237797
Philippines,5,1,0.0
Philippines,5,1,0.0
Philippines,5,0,200.78797231856697
Philippines,5,1,240.94556678228034
Philippines,5,0,0.0
Philippines,5,1,0.0
Philippines,5,1,49.52769983857985
Philippines,5,1,13.385864821237798
Philippines,5,0,669.2932410618898
Philippines,5,1,524.4581836960969
Philippines,5,0,642.5215114194143
Philippines,5,1,655.9073762406521
Philippines,5,1,0.0
Philippines,5,1,24.094556678228034
Philippines,5,1,500.63134431429364
Philippines,5,0,567.5606684204826
Philippines,5,1,123.14995635538773
Philippines,5,0,428.3476742796095
Philippines,5,1,2385.3611111445753
Philippines,5,1,588.978052134463
Philippines,5,1,13964.13418151527
Philippines,5,1,6.237813006696814
Philippines,5,1,0.0
Philippines,5,1,107.08691856990238
Philippines,5,1,267.71729642475594
Philippines,5,0,638.2112629469757
Philippines,5,1,267.71729642475594
Philippines,5,1,0.0
Philippines,5,1,653.2302032764045
Philippines,5,1,0.0
Philippines,5,1,61.574978177693865
Philippines,5,1,361.41835017342055
Philippines,5,0,66.92932410618899
Philippines,5,1,160.63037785485358
Philippines,5,1,401.57594463713394
Philippines,5,1,94.37034698972647
Philippines,5,1,803.1518892742679
Philippines,5,1,0.0
Philippines,5,1,16.063037785485356
Philippines,5,1,77.63801596317923
Philippines,5,1,0.0
Philippines,5,1,281.10316124599376
Philippines,5,1,591.5213664504982
Philippines,5,1,214.17383713980476
Philippines,5,1,0.0
Philippines,5,1,40.157594463713394
Philippines,5,1,133.85864821237797
Philippines,5,1,705.1673587828071
Philippines,5,0,460.47374985058025
Philippines,5,1,535.4345928495119
Philippines,5,1,40.157594463713394
Philippines,5,1,321.26075570970715
Philippines,5,1,21.417383713980477
Philippines,5,0,481.8911335645607
Philippines,5,1,-214.17383713980476
Philippines,5,1,0.0
Philippines,5,1,133.85864821237797
Philippines,5,1,401.57594463713394
Philippines,5,1,67.4647586990385
Philippines,5,1,26.771729642475595
Philippines,5,1,0.0
Philippines,5,1,401.57594463713394
Philippines,5,1,0.0
Philippines,5,1,41.54972440512212
Philippines,5,1,208.81949121130964
Philippines,5,1,160.63037785485358
Philippines,5,1,0.0
Philippines,5,1,107.08691856990238
Philippines,5,1,-267.71729642475594
Philippines,5,1,437.717779654476
Philippines,5,1,102.05383339711696
Philippines,5,1,105.02549538743176
Philippines,5,1,88.34670782016946
Philippines,5,1,26.771729642475595
Philippines,5,1,0.0
Philippines,5,1,44.17335391008473
Philippines,5,1,851.6087199271486
Philippines,5,1,186.0635210152054
Philippines,5,1,138.89173338516338
Philippines,5,1,191.15014964727575
Philippines,5,1,0.0
Philippines,5,1,141.89016710512064
Philippines,5,1,0.0
Philippines,5,0,200.78797231856697
Philippines,5,0,187.40210749732915
Philippines,5,1,0.0
Philippines,5,1,0.0
Philippines,5,1,29.448902606723156
Philippines,5,1,0.0
Philippines,5,1,107.08691856990238
Philippines,5,1,107.08691856990238
Philippines,5,1,714.8051814540984
Philippines,5,1,473.859614671818
Philippines,5,1,69.01751901830208
Philippines,5,0,722.8367003468411
Philippines,5,1,562.2063224919875
Philippines,5,1,669.2932410618898
Philippines,5,1,776.3801596317923
Philippines,5,1,133.85864821237797
Philippines,5,1,530.0802469210167
Philippines,5,1,0.0
Philippines,5,0,642.5215114194143
Philippines,5,1,1606.3037785485358
Philippines,5,1,1022.6800723425678
Philippines,5,1,157.953204890606
Philippines,5,1,0.0
Philippines,5,1,963.7822671291214
Philippines,5,1,388.1900798158961
Philippines,5,1,0.0
Philippines,5,1,281.10316124599376
Philippines,5,1,1981.107993543194
Philippines,5,1,80.31518892742679
Philippines,5,0,0.0
Philippines,5,1,1285.0430228388286
Philippines,5,1,40.157594463713394
Philippines,5,1,182.04776156883403
Philippines,5,1,53.54345928495119
Philippines,5,1,263.7015369783846
Philippines,5,0,503.30851727854116
Philippines,5,1,26.771729642475595
Philippines,5,1,80.31518892742679
Philippines,5,1,160.63037785485358
Philippines,5,0,1623.705402816145
Philippines,5,1,544.0015463351041
Philippines,5,0,1338.5864821237797
Philippines,5,1,40.157594463713394
Philippines,5,1,321.26075570970715
Philippines,5,1,240.94556678228034
Philippines,5,1,0.0
Philippines,5,1,0.0
Philippines,5,0,53.54345928495119
Philippines,5,0,133.85864821237797
Philippines,5,0,669.2932410618898
Philippines,5,0,34.80324853521827
Philippines,5,1,160.63037785485358
Philippines,5,1,133.85864821237797
Philippines,5,1,401.57594463713394
Philippines,5,1,198.1107993543194
Philippines,5,1,120.47278339114017
Philippines,5,1,13.385864821237798
Philippines,5,0,0.0
Philippines,5,1,1009.2942075213299
Philippines,5,1,240.94556678228034
Philippines,5,1,926.3018456296555
Philippines,5,1,109.76409153414994
Philippines,5,1,401.57594463713394
Philippines,5,0,481.8911335645607
Philippines,5,1,321.26075570970715
Philippines,5,1,495.2769983857985
Philippines,5,1,5397.983847812354
Philippines,5,1,133.85864821237797
Philippines,5,1,937.0105374866458
Philippines,5,1,682.6791058831277
Philippines,5,0,401.57594463713394
Philippines,5,0,0.0
Philippines,5,0,267.71729642475594
Philippines,5,0,112.4412644983975
Philippines,5,1,0.0
Philippines,5,1,920.9474997011605
Philippines,5,1,1338.5864821237797
Philippines,5,0,401.57594463713394
Philippines,5,1,160.63037785485358
Philippines,5,1,133.85864821237797
Philippines,5,1,13.385864821237798
Philippines,5,1,160.63037785485358
Philippines,5,0,26.771729642475595
Philippines,5,0,80.31518892742679
Philippines,5,1,240.94556678228034
Philippines,5,0,13.385864821237798
Philippines,5,0,26.771729642475595
Philippines,5,1,2007.8797231856695
Philippines,5,0,0.0
Philippines,5,1,455.1194039220851
Philippines,5,1,80.31518892742679
Philippines,5,1,0.0
Philippines,5,1,562.2063224919875
Philippines,5,1,53.54345928495119
Philippines,5,1,160.63037785485358
Philippines,5,1,80.31518892742679
Philippines,5,1,226.22111547891876
Philippines,5,1,0.0
Philippines,5,1,1124.412644983975
Philippines,5,1,348.03248535218273
Philippines,5,1,0.0
Philippines,5,1,401.57594463713394
Philippines,5,1,133.85864821237797
Philippines,5,1,107.08691856990238
Philippines,5,1,267.71729642475594
Philippines,5,1,0.0
Philippines,5,1,267.71729642475594
Philippines,5,1,401.57594463713394
Philippines,5,1,791.1046109351538
Philippines,5,1,0.0
Philippines,5,0,240.94556678228034
Philippines,5,1,0.0
Philippines,5,1,80.31518892742679
Philippines,5,1,133.85864821237797
Philippines,5,1,481.8911335645607
Philippines,5,1,149.92168599786334
Philippines,5,1,133.85864821237797
Philippines,5,0,401.57594463713394
Philippines,5,1,53.54345928495119
Philippines,5,0,6.692932410618899
Philippines,5,1,42.16547418689906
Philippines,5,1,321.26075570970715
Philippines,5,1,468.5052687433229
Philippines,5,1,66.92932410618899
Philippines,5,1,160.63037785485358
Philippines,5,0,61.574978177693865
Philippines,5,1,263.7015369783846
Philippines,5,1,267.71729642475594
Philippines,5,1,535.4345928495119
Philippines,5,1,442.4028323419092
Philippines,5,1,0.0
Philippines,5,0,240.94556678228034
Philippines,5,1,461.81233633270404
Philippines,5,0,752.2856029535642
Philippines,5,1,594.3323980629582
Philippines,5,1,299.84337199572667
Philippines,5,1,829.9236189167434
Philippines,5,1,361.41835017342055
Philippines,5,1,-34.80324853521827
Philippines,5,1,337.3237934951925
Philippines,5,0,342.9458567201124
Philippines,5,1,160.63037785485358
Philippines,5,1,120.47278339114017
Philippines,5,1,133.85864821237797
Philippines,5,1,0.0
Philippines,5,1,89.95301159871799
Philippines,5,0,1124.412644983975
Philippines,5,1,682.6791058831277
Philippines,5,1,393.5444257443912
Philippines,5,1,133.85864821237797
Philippines,5,1,1240.601951632319
Philippines,5,1,709.4508355256032
Philippines,5,1,588.978052134463
Philippines,5,0,32.12607557097071
Philippines,5,1,206.81161148812396
Philippines,5,1,140.55158062299688
Philippines,5,1,147.24451303361576
Philippines,5,0,428.3476742796095
Philippines,5,1,286.45750717448885
Philippines,5,1,401.57594463713394
Philippines,5,1,588.978052134463
Philippines,5,1,93.70105374866458
Philippines,5,1,704.0964895971082
Philippines,5,0,281.10316124599376
Philippines,5,1,120.47278339114017
Philippines,5,0,340.00096645944006
Philippines,5,1,195.43362639007185
Philippines,5,1,96.37822671291214
Philippines,5,1,227.55970196104255
Philippines,5,1,1421.578844015454
Philippines,5,0,803.1518892742679
Philippines,5,1,1483.153822193148
Philippines,5,0,254.33143160351815
Philippines,5,1,267.71729642475594
Philippines,5,0,1373.389730658998
Philippines,5,0,669.2932410618898
Philippines,5,1,481.8911335645607
Philippines,5,1,240.94556678228034
Philippines,5,1,0.0
Philippines,5,1,1282.365849874581
Philippines,5,0,669.7215887361695
Philippines,5,1,267.71729642475594
Philippines,5,1,495.2769983857985
Philippines,5,1,1124.412644983975
Philippines,5,1,642.5215114194143
Philippines,5,1,198.51237529895653
Philippines,5,0,240.94556678228034
Philippines,5,1,4979.541713500461
Philippines,5,1,0.0
Philippines,5,1,281.10316124599376
Philippines,5,0,658.5845492048996
Philippines,5,1,481.8911335645607
Philippines,5,1,21.417383713980477
Philippines,5,1,77.63801596317923
Philippines,5,1,12.047278339114017
Philippines,5,1,321.26075570970715
Philippines,5,1,0.0
Philippines,5,1,167.32331026547246
Philippines,5,1,722.8367003468411
Philippines,5,1,105.74833208777859
Philippines,5,1,206.14231824706206
Philippines,5,1,659.9231356870234
Philippines,5,0,281.10316124599376
Philippines,5,1,540.788938778007
Philippines,5,1,26.771729642475595
Ethiopia,6,0,5.4642336002463
Ethiopia,6,0,0.0
Ethiopia,6,0,0.0
Ethiopia,6,0,0.2659496823981022
Ethiopia,6,0,-3.900595341838832
Ethiopia,6,0,0.0
Ethiopia,6,0,0.35459957653080293
Ethiopia,6,0,1.2942884543374307
Ethiopia,6,0,0.0
Ethiopia,6,0,9.574188566331678
Ethiopia,6,0,0.8864989413270072
Ethiopia,6,0,1.8616477767867152
Ethiopia,6,0,0.0
Ethiopia,6,0,2.092137501531737
Ethiopia,6,0,-2.659496823981022
Ethiopia,6,0,0.0
Ethiopia,6,0,0.9928788142862481
Ethiopia,6,0,0.0
Ethiopia,6,0,0.0
Ethiopia,6,0,-0.35459957653080293
Ethiopia,6,0,6.648742059952554
Ethiopia,6,0,0.7978490471943066
Ethiopia,6,0,22.339773321440585
Ethiopia,6,0,-5.055229912660476
Ethiopia,6,0,8.51038983673927
Ethiopia,6,0,-9.928788142862482
Ethiopia,6,0,21.205054676542016
Ethiopia,6,0,5.230343753829343
Ethiopia,6,0,7.091991530616058
Ethiopia,6,0,17.729978826540147
Ethiopia,6,0,9.396888778066277
Ethiopia,6,0,8.687689625004671
Ethiopia,6,0,8.569489405443727
Ethiopia,6,0,3.7587555112265107
Ethiopia,6,0,10.93939693597527
Ethiopia,6,0,0.0
Ethiopia,6,0,7.091991530616058
Ethiopia,6,0,1.7729978826540145
Ethiopia,6,0,-6.560092165819854
Ethiopia,6,0,0.35459957653080293
Ethiopia,6,0,4.131085066583854
Ethiopia,6,0,0.0
Ethiopia,6,0,38.37273865212386
Ethiopia,6,0,6.205492589289051
Ethiopia,6,0,-0.17729978826540146
Ethiopia,6,0,3.900595341838832
Ethiopia,6,0,109.9258687245489
Ethiopia,6,0,28.456616016596932
Ethiopia,6,0,-27.304167392871825
Ethiopia,6,0,19.18636932606193
Ethiopia,6,0,2.8367966122464234
Ethiopia,6,0,1.4183983061232117
Ethiopia,6,0,11.879085813781897
Ethiopia,6,0,4.609794494900438
Ethiopia,6,0,22.16247353317518
Ethiopia,6,0,-4.3438448125023355
Ethiopia,6,0,17.2689993770501
Ethiopia,6,0,-0.35459957653080293
Ethiopia,6,0,3.1913961887772264
Ethiopia,6,0,16.488880308682337
Ethiopia,6,0,-1.7729978826540145
Ethiopia,6,0,0.0
Ethiopia,6,0,0.0
Ethiopia,6,0,-6.382792377554453
Ethiopia,6,0,8.59903973087197
Ethiopia,6,1,0.0
Ethiopia,6,1,-17.619469461442105
Ethiopia,6,1,10.90393697832219
Ethiopia,6,1,-14.786802341334482
Ethiopia,6,1,91.48159164459128
Ethiopia,6,1,-11.475910597018812
Ethiopia,6,1,0.5850893012758248
Ethiopia,6,1,0.0
Ethiopia,6,1,-2.46446705688908
Ethiopia,6,1,6.8083118693914155
Ethiopia,6,1,27.126867604606424
Ethiopia,6,1,0.8864989413270072
Ethiopia,6,1,21.275974591848176
Ethiopia,6,1,-42.33093045350027
Ethiopia,6,1,-14.077603188272876
Ethiopia,6,1,24.2014210982273
Ethiopia,6,1,0.0
Ethiopia,6,1,-7.411131149493781
Ethiopia,6,1,-0.07091991530616058
Ethiopia,6,1,4.432494706635037
Ethiopia,6,1,0.0
Ethiopia,6,1,-4.787094283165839
Ethiopia,6,1,2.5885769086748613
Ethiopia,6,1,24.29007099236
Ethiopia,6,1,-16.174807325599648
Ethiopia,6,1,4.500882386195707
Ethiopia,6,1,7.26929131888146
Ethiopia,6,1,12.825817336986665
Ethiopia,6,1,-24.32553095001308
Ethiopia,6,1,6.325716433142331
Ethiopia,6,1,-2.050767505846809
Ethiopia,6,1,15.817814028782939
Ethiopia,6,1,9.348070735779725
Ethiopia,6,1,16.562423360504337
Ethiopia,6,1,-23.9354714158292
Ethiopia,6,1,46.82365774201307
Ethiopia,6,1,13.606908177875564
Ethiopia,6,1,73.756711918407
Ethiopia,6,1,36.27796502825194
Ethiopia,6,1,41.133550877573136
Ethiopia,6,1,-19.41432681506146
Ethiopia,6,1,0.0
Ethiopia,6,1,-1.843917797960175
Ethiopia,6,1,-5.496293436227445
Ethiopia,6,1,10.431137182230444
Ethiopia,6,1,-0.13789863292639226
Ethiopia,6,1,42.72924897196175
Ethiopia,6,1,7.656921962838526
Ethiopia,6,1,14.53858263776292
Ethiopia,6,1,-43.97034748981956
Ethiopia,6,1,1.3474783908170511
Ethiopia,6,1,20.034876073990365
Ethiopia,6,1,4.432494706635037
Ethiopia,6,1,10.624871613344885
Ethiopia,6,1,5.318993647962044
Ethiopia,6,1,-12.410985178578102
Ethiopia,6,1,11.701786025516496
Ethiopia,6,1,3.7055655747468905
Ethiopia,6,1,-4.060165151277693
Ethiopia,6,1,12.0563856020473
Ethiopia,6,1,25.850309129095532
Ethiopia,6,1,10.997444652908523
Ethiopia,6,1,24.29007099236
Ethiopia,6,1,0.0
Ethiopia,6,1,14.53858263776292
Ethiopia,6,1,-0.21275974591848174
Ethiopia,6,1,10.460687507658687
Ethiopia,6,1,10.637987295924088
Ethiopia,6,1,0.0
Ethiopia,6,1,2.4821970357156204
Ethiopia,6,1,-0.9928788142862481
Ethiopia,6,1,2.9786364428587446
Ethiopia,6,1,-6.205492589289051
Ethiopia,6,1,-1.7729978826540145
Ethiopia,6,0,0.8566250524423963
Ethiopia,6,0,1.3474783908170511
Ethiopia,6,0,-0.35459957653080293
Ethiopia,6,0,3.4573458711753284
Ethiopia,6,0,-17.712248847713607
Ethiopia,6,0,7.216101382401839
Ethiopia,6,0,4.450224685461577
Ethiopia,6,0,0.0
Ethiopia,6,0,30.49556358164905
Ethiopia,6,0,13.829383484701314
Ethiopia,6,0,-18.08457840307095
Ethiopia,6,0,36.0805069120092
Ethiopia,6,0,-13.297484119905109
Ethiopia,6,0,0.0
Ethiopia,6,0,-0.35459957653080293
Ethiopia,6,0,-1.0637987295924087
Ethiopia,6,0,0.0
Ethiopia,6,0,0.0
Ethiopia,6,0,-2.3403572051032993
Ethiopia,6,0,-4.432494706635037
Ethiopia,6,0,5.850893012758248
Ethiopia,6,0,28.01336654593343
Ethiopia,6,0,4.166545024236934
Ethiopia,6,0,8.864989413270074
Ethiopia,6,0,0.35459957653080293
Ethiopia,6,0,21.453274380113577
Ethiopia,6,0,4.964394071431241
Ethiopia,6,0,10.637987295924088
Ethiopia,6,0,5.531753393880526
Ethiopia,6,0,0.8864989413270072
Ethiopia,6,0,11.914545771434979
Ethiopia,6,0,9.219588989800876
Ethiopia,6,0,5.496293436227445
Ethiopia,6,0,0.0
Ethiopia,6,0,0.0
Ethiopia,6,0,0.23048972474502188
Ethiopia,6,0,6.11684269515635
Ethiopia,6,0,0.35459957653080293
Ethiopia,6,0,0.5318993647962044
Ethiopia,6,0,5.318993647962044
Ethiopia,6,0,5.318993647962044
Ethiopia,6,0,2.0744075227051972
Ethiopia,6,0,3.5814557229611093
Ethiopia,6,0,4.964394071431241
Ethiopia,6,0,13.208834225772408
Ethiopia,6,0,1.7729978826540145
Ethiopia,6,0,-8.244440154341168
Ethiopia,6,0,6.382792377554453
Ethiopia,6,0,57.267831609724674
Ethiopia,6,0,-1.20563856020473
Ethiopia,6,0,-0.1950297670919416
Ethiopia,6,0,7.091991530616058
Ethiopia,6,0,29.786364428587444
Ethiopia,6,0,12.410985178578102
Ethiopia,6,0,0.0
Ethiopia,6,0,0.2659496823981022
Ethiopia,6,0,30.850163158179853
Ethiopia,6,0,14.183983061232116
Ethiopia,6,0,35.459957653080295
Ethiopia,6,0,4.645254452553518
Ethiopia,6,0,0.14183983061232117
Ethiopia,6,0,1.8793777556132554
Ethiopia,6,0,1.0637987295924087
Ethiopia,6,0,0.8864989413270072
Ethiopia,6,0,29.43176485205664
Ethiopia,6,0,10.99258687245489
Ethiopia,6,0,5.496293436227445
Ethiopia,6,0,7.978490471943066
Ethiopia,6,0,0.0
Ethiopia,6,0,22.853942707410248
Ethiopia,6,0,16.04563083801883
Ethiopia,6,0,9.840138248729781
Ethiopia,6,0,5.850893012758248
Ethiopia,6,0,0.0
Ethiopia,6,0,6.02819280102365
Ethiopia,6,0,13.86265749525786
Ethiopia,6,0,10.850747041842569
Ethiopia,6,0,-14.893182214293722
Ethiopia,6,0,3.7232955535734304
Ethiopia,6,0,4.521144600767737
Ethiopia,6,0,16.69411260509414
Ethiopia,6,0,-38.314484244153256
Ethiopia,6,0,-0.2659496823981022
Ethiopia,6,0,-0.17729978826540146
Ethiopia,6,0,1.7729978826540145
Ethiopia,6,0,-2.304897247450219
Ethiopia,6,0,-14.183983061232116
Ethiopia,6,0,28.27931622833153
Ethiopia,6,0,0.0
Ethiopia,6,0,25.992148959707855
Ethiopia,6,0,-12.410985178578102
Ethiopia,6,0,-0.17729978826540146
Ethiopia,6,0,9.75148835459708
Ethiopia,6,0,13.474783908170512
Ethiopia,6,0,-1.950297670919416
Ethiopia,6,0,-13.652083696435913
Ethiopia,6,0,6.932421721177197
Ethiopia,6,0,2.2339773321440584
Ethiopia,6,0,7.145181467095679
Ethiopia,6,0,4.432494706635037
Ethiopia,6,0,0.5318993647962044
Ethiopia,6,0,19.006537302051036
Ethiopia,6,0,13.355288352632067
Ethiopia,6,0,-15.956980943886132
Ethiopia,6,0,20.840739539103943
Ethiopia,6,0,28.811215593127738
Ethiopia,6,0,-4.787094283165839
Ethiopia,6,0,-1.1524486237251095
Ethiopia,6,0,-3.5814557229611093
Ethiopia,6,0,13.918033378834014
Ethiopia,6,0,10.194737825260583
Ethiopia,6,0,0.0
Ethiopia,6,0,-1.7729978826540145
Ethiopia,6,0,8.687689625004671
Ethiopia,6,0,2.659496823981022
Ethiopia,6,0,9.574188566331678
Ethiopia,6,0,8.864989413270074
Ethiopia,6,0,52.430218141284286
Ethiopia,6,0,7.978490471943066
Ethiopia,6,0,51.40358051233295
Ethiopia,6,0,18.43917797960175
Ethiopia,6,0,-9.75148835459708
Ethiopia,6,0,-5.318993647962044
Ethiopia,6,0,-9.75148835459708
Ethiopia,6,0,15.247781790824526
Ethiopia,6,0,28.36796612246423
Ethiopia,6,0,27.304167392871825
Ethiopia,6,0,0.28367966122464233
Ethiopia,6,0,33.68695977042628
Ethiopia,6,0,-2.5353869721952407
Ethiopia,6,0,8.51038983673927
Ethiopia,6,0,-5.762243118625547
Ethiopia,6,0,40.42435172451153
Ethiopia,6,0,-12.730124797455824
Ethiopia,6,0,-5.197554547381335
Ethiopia,6,0,0.10637987295924087
Ethiopia,6,0,2.2339773321440584
Ethiopia,6,0,10.407497571179066
Ethiopia,6,0,-4.787094283165839
Ethiopia,6,0,16.620032805866256
Ethiopia,6,0,10.106087931127883
Ethiopia,6,0,70.41717344560647
Ethiopia,6,0,74.46688067968569
Ethiopia,6,0,-0.2659496823981022
Ethiopia,6,0,5.673593224492847
Ethiopia,6,0,38.11945447706131
Ethiopia,6,0,2.3758171627563796
Ethiopia,6,0,9.574188566331678
Ethiopia,6,0,-11.879085813781897
Ethiopia,6,0,22.18020351200172
Ethiopia,6,0,16.311580520416936
Ethiopia,6,0,36.5237563826727
Ethiopia,6,0,-6.02819280102365
Ethiopia,6,0,17.729978826540147
Ethiopia,6,0,15.85060107092689
Ethiopia,6,0,0.0
Ethiopia,6,0,11.169886660720293
Ethiopia,6,0,16.896669821692758
Ethiopia,6,0,-0.7091991530616059
Ethiopia,6,0,-11.258536554852993
Ethiopia,6,0,6.294142483421751
Ethiopia,6,0,12.295861517232726
Ethiopia,6,0,1.9680276497459561
Ethiopia,6,0,9.66283846046438
Ethiopia,6,0,-3.7232955535734304
Ethiopia,6,0,3.7055655747468905
Ethiopia,6,0,3.900595341838832
Ethiopia,6,0,-11.169886660720293
Ethiopia,6,0,9.716028396944
Ethiopia,6,0,8.882719392096613
Ethiopia,6,0,2.4821970357156204
Ethiopia,6,0,-5.017584007910862
Ethiopia,6,0,6.294142483421751
Ethiopia,6,0,13.120184331639708
Ethiopia,6,0,9.928788142862482
Ethiopia,6,0,0.8864989413270072
Ethiopia,6,0,-5.602673309186686
Ethiopia,6,0,10.052897994648262
Ethiopia,6,0,7.003341636483357
Ethiopia,6,0,3.120476273471066
Ethiopia,6,0,1.0637987295924087
Ethiopia,6,0,1.8616477767867152
Ethiopia,6,0,5.407643542094744
Ethiopia,6,0,0.0
Ethiopia,6,0,1.4183983061232117
Ethiopia,6,0,11.276266533679532
Ethiopia,6,0,11.879085813781897
Ethiopia,6,0,10.637987295924088
Ethiopia,6,0,5.762243118625547
Ethiopia,6,0,2.2339773321440584
Ethiopia,6,0,-0.4432494706635036
Ethiopia,6,0,1.5070482002559125
Ethiopia,6,0,9.60964852398476
Ethiopia,6,0,-11.879085813781897
Ethiopia,6,0,-39.89245235971533
Ethiopia,6,0,8.740879561484292
Ethiopia,6,0,-0.4432494706635036
Ethiopia,6,0,5.673593224492847
Ethiopia,6,0,21.630574168378978
Ethiopia,6,0,10.637987295924088
Ethiopia,6,0,17.02077967347854
Ethiopia,6,0,5.850893012758248
Ethiopia,6,0,0.8864989413270072
Ethiopia,6,0,24.29007099236
Ethiopia,6,0,1.0637987295924087
Ethiopia,6,0,10.106087931127883
Ethiopia,6,0,-1.0815287084189489
Ethiopia,6,0,8.864989413270074
Ethiopia,6,0,18.616477767867153
Ethiopia,6,0,11.258536554852993
Ethiopia,6,0,-1.7729978826540145
Ethiopia,6,0,26.57310876884488
Ethiopia,6,0,19.50297670919416
Ethiopia,6,0,13.155644289292788
Ethiopia,6,0,22.658912940318306
Ethiopia,6,0,4.87574417729854
Ethiopia,6,0,-7.411131149493781
Ethiopia,6,0,15.247781790824526
Ethiopia,6,0,7.588430937759182
Ethiopia,6,0,-0.8864989413270072
Ethiopia,6,0,9.308238883933576
Ethiopia,6,0,2.659496823981022
Ethiopia,6,0,12.588284966843503
Ethiopia,6,0,7.765730726024584
Ethiopia,6,0,2.6949567816341022
Ethiopia,6,0,1.2386701687070072
Ethiopia,6,0,7.641620874238803
Ethiopia,6,0,-15.956980943886132
Ethiopia,6,0,21.275974591848176
Ethiopia,6,0,4.3261148336757955
Ethiopia,6,0,2.8367966122464234
Ethiopia,6,0,3.5991857017876496
Ethiopia,6,0,1.950297670919416
Ethiopia,6,0,12.588284966843503
Ethiopia,6,0,-2.6949567816341022
Ethiopia,6,0,0.0
Ethiopia,6,0,1.2410985178578102
Ethiopia,6,0,3.1382062522976057
Ethiopia,6,0,0.0
Ethiopia,6,0,-3.421885913522248
Ethiopia,6,0,0.0
Ethiopia,6,0,6.223222568115591
Ethiopia,6,0,31.913961887772263
Ethiopia,6,0,-0.8864989413270072
Ethiopia,6,0,3.014096400511825
Ethiopia,6,0,-0.5318993647962044
Ethiopia,6,0,3.5105358076549487
Ethiopia,6,0,17.233539419397022
Ethiopia,6,0,0.2659496823981022
Ethiopia,6,0,2.304897247450219
Ethiopia,6,0,-8.244440154341168
Ethiopia,6,0,3.0495563581649052
Ethiopia,6,0,0.5318993647962044
Ethiopia,6,0,-2.8367966122464234
Ethiopia,6,0,1.7729978826540145
Ethiopia,6,0,0.5318993647962044
Ethiopia,6,0,19.148377132663356
Ethiopia,6,0,0.0
Ethiopia,6,0,32.21537152782344
Ethiopia,6,0,-1.9692096302985251
Ethiopia,6,0,3.1913961887772264
Ethiopia,6,0,15.283241748477606
Ethiopia,6,0,0.0
Ethiopia,6,0,1.5247781790824526
Ethiopia,6,0,4.645254452553518
Ethiopia,6,0,0.024481941704052865
Ethiopia,6,0,-16.648450118121197
Ethiopia,6,0,-8.226710175514627
Ethiopia,6,0,0.5318993647962044
Ethiopia,6,0,-33.9174494951713
Ethiopia,6,0,-10.106087931127883
Ethiopia,6,0,0.07091991530616058
Ethiopia,6,0,3.280046082909927
Ethiopia,6,0,9.308238883933576
Ethiopia,6,0,0.8333090048473869
Ethiopia,6,0,4.255194918369635
Ethiopia,6,0,0.975148835459708
Ethiopia,6,0,2.4821970357156204
Ethiopia,6,0,4.432494706635037
Ethiopia,6,0,1.0637987295924087
Ethiopia,6,0,0.0
Ethiopia,6,0,-1.0637987295924087
Ethiopia,6,0,-0.21275974591848174
Ethiopia,6,0,1.329748411990511
Ethiopia,6,0,2.8367966122464234
Ethiopia,6,0,0.0
Ethiopia,6,0,1.7729978826540145
Ethiopia,6,0,-0.12410985178578102
Ethiopia,6,0,3.63464565944073
Ethiopia,6,0,-12.0563856020473
Ethiopia,6,0,0.0
Ethiopia,6,0,1.4183983061232117
Ethiopia,6,0,-0.4432494706635036
Ethiopia,6,0,3.545995765308029
Ethiopia,6,0,4.255194918369635
Ethiopia,6,0,14.183983061232116
Ethiopia,6,0,11.790435919649196
Ethiopia,6,0,4.006975214798073
Ethiopia,6,0,-2.1275974591848175
Ethiopia,6,0,3.776485490053051
Ethiopia,6,0,-19.041997259704118
Ethiopia,6,0,7.26929131888146
Ethiopia,6,0,-0.8864989413270072
Ethiopia,6,0,-1.1524486237251095
Ethiopia,6,0,7.233831361228379
Ethiopia,6,0,0.0
Ethiopia,6,0,0.0
Ethiopia,6,0,5.230343753829343
Ethiopia,6,0,12.410985178578102
Ethiopia,6,0,5.318993647962044
Ethiopia,6,0,3.545995765308029
Ethiopia,6,0,2.4821970357156204
Ethiopia,6,0,15.956980943886132
Ethiopia,6,0,-1.7729978826540145
Ethiopia,6,0,-3.545995765308029
Ethiopia,6,0,2.659496823981022
Ethiopia,6,0,-8.51038983673927
Ethiopia,6,0,0.0
Ethiopia,6,0,0.0
Ethiopia,6,0,12.09184555970038
Ethiopia,6,0,0.0
Ethiopia,6,0,1.1524486237251095
Ethiopia,6,0,16.754829991080438
Ethiopia,6,0,10.99258687245489
Ethiopia,6,0,0.0
Ethiopia,6,0,0.0
Ethiopia,6,0,0.0
Ethiopia,6,0,7.446591107146861
Ethiopia,6,0,-0.17729978826540146
Ethiopia,6,0,7.889840577810365
Ethiopia,6,0,0.0
Ethiopia,6,0,0.0
Ethiopia,6,0,-8.102600323728847
Ethiopia,6,0,29.07716527552584
Ethiopia,6,0,-8.864989413270074
Ethiopia,6,0,32.00261178190496
Ethiopia,6,0,19.50297670919416
Ethiopia,6,0,4.556604558420817
Ethiopia,6,0,30.14096400511825
Ethiopia,6,0,-37.94215468879591
Ethiopia,6,0,-4.255194918369635
Ethiopia,6,0,-7.623890895412263
Ethiopia,6,0,11.347186448985694
Ethiopia,6,0,10.815287084189489
Ethiopia,6,0,48.42154178349821
Ethiopia,6,0,36.6124062768054
Ethiopia,6,0,0.0
Ethiopia,6,0,168.0801992756006
Ethiopia,6,0,12.2336853903127
Ethiopia,6,0,2.659496823981022
Ethiopia,6,0,0.0
Ethiopia,6,0,29.07716527552584
Ethiopia,6,1,33.36782015154856
Ethiopia,6,1,4.432494706635037
Ethiopia,6,1,6.205492589289051
Ethiopia,6,1,11.861355834955358
Ethiopia,6,1,7.091991530616058
Ethiopia,6,1,-1.950297670919416
Ethiopia,6,1,22.605723003838687
Ethiopia,6,1,27.94244663062727
Ethiopia,6,1,7.570700958932642
Ethiopia,6,1,5.673593224492847
Ethiopia,6,1,21.417814422460495
Ethiopia,6,1,8.333090048473869
Ethiopia,6,1,37.84252744449131
Ethiopia,6,1,1.7729978826540145
Ethiopia,6,1,23.9354714158292
Ethiopia,6,1,59.92732843370569
Ethiopia,6,1,0.9396888778066277
Ethiopia,6,1,-10.637987295924088
Ethiopia,6,1,2.4821970357156204
Ethiopia,6,1,0.0
Ethiopia,6,1,-4.5034146219411975
Ethiopia,6,1,-0.8864989413270072
Ethiopia,6,1,-8.244440154341168
Ethiopia,6,1,1.7729978826540145
Ethiopia,6,1,2.659496823981022
Ethiopia,6,1,-7.091991530616058
Ethiopia,6,1,17.90727861480555
Ethiopia,6,1,0.0
Ethiopia,6,1,5.850893012758248
Ethiopia,6,1,3.3332360193895476
Ethiopia,6,1,6.772851911738336
Ethiopia,6,1,25.708469298483212
Ethiopia,6,1,-2.659496823981022
Ethiopia,6,1,2.5885769086748613
Ethiopia,6,1,3.014096400511825
Ethiopia,6,1,0.49643940714312407
Ethiopia,6,1,-17.729978826540147
Ethiopia,6,1,0.0
Ethiopia,6,1,0.6205492589289051
Ethiopia,6,1,58.50893012758248
Ethiopia,6,1,11.382646406638774
Ethiopia,6,1,20.478125544653867
Ethiopia,6,1,11.772705940822657
Ethiopia,6,1,14.71588242602832
Ethiopia,6,1,10.726637190056788
Ethiopia,6,1,-6.06365275867673
Ethiopia,6,1,-1.7375379250009342
Ethiopia,6,1,5.992732843370569
Ethiopia,6,1,-32.09126167603766
Ethiopia,6,1,24.4673707806254
Ethiopia,6,1,17.729978826540147
Ethiopia,6,1,15.868331049753431
Ethiopia,6,1,13.102454352813167
Ethiopia,6,1,17.854088678325926
Ethiopia,6,1,14.53858263776292
Ethiopia,6,1,7.801190683677664
Ethiopia,6,1,5.053043965563941
Ethiopia,6,1,97.83402316484852
Ethiopia,6,1,25.92122904440169
Ethiopia,6,1,-6.826041848217956
Ethiopia,6,1,26.696976218576392
Ethiopia,6,1,2.1275974591848175
Ethiopia,6,1,17.02077967347854
Ethiopia,6,1,6.02819280102365
Ethiopia,6,1,11.524486237251095
Ethiopia,6,1,1.9325676920928758
Ethiopia,6,1,-6.914691742350657
Ethiopia,6,1,13.829383484701314
Ethiopia,6,1,10.283387719393284
Ethiopia,6,1,11.701786025516496
Ethiopia,6,1,-7.446591107146861
Ethiopia,6,1,12.0563856020473
Ethiopia,6,1,13.652083696435913
Ethiopia,6,1,18.971077344397955
Ethiopia,6,1,6.02819280102365
Ethiopia,6,1,5.549483372707066
Ethiopia,6,1,0.0
Ethiopia,6,1,12.375525220925022
Ethiopia,6,1,15.070482002559125
Ethiopia,6,1,15.425081579089927
Ethiopia,6,1,-2.2517073109705987
Ethiopia,6,1,28.438886037770395
Ethiopia,6,1,6.294142483421751
Ethiopia,6,1,0.0
Ethiopia,6,1,-0.7091991530616059
Ethiopia,6,1,2.304897247450219
Ethiopia,6,1,-10.460687507658687
Ethiopia,6,1,13.33294407755819
Ethiopia,6,1,8.864989413270074
Ethiopia,6,1,-17.729978826540147
Ethiopia,6,1,0.602819280102365
Ethiopia,6,1,26.683618133942918
Ethiopia,6,1,-0.17729978826540146
Ethiopia,6,1,3.741025532399971
Ethiopia,6,1,3.0495563581649052
Ethiopia,6,1,-5.3721835844416646
Ethiopia,6,1,7.978490471943066
Ethiopia,6,1,1.099258687245489
Ethiopia,6,1,5.673593224492847
Ethiopia,6,1,9.219588989800876
Ethiopia,6,1,9.008286902664093
Ethiopia,6,1,3.900595341838832
Ethiopia,6,1,1.6488880308682337
Ethiopia,6,1,1.5956980943886132
Ethiopia,6,1,0.0
Ethiopia,6,1,-15.956980943886132
Ethiopia,6,1,18.675255937419298
Ethiopia,6,1,11.914545771434979
Ethiopia,6,1,10.815287084189489
Ethiopia,6,1,-5.549483372707066
Ethiopia,6,1,-7.091991530616058
Ethiopia,6,1,8.155790260208468
Ethiopia,6,1,5.939542906890948
Ethiopia,6,1,14.893182214293722
Ethiopia,6,1,15.956980943886132
Ethiopia,6,1,8.155790260208468
Ethiopia,6,1,3.1913961887772264
Ethiopia,6,1,7.801190683677664
Ethiopia,6,1,6.914691742350657
Ethiopia,6,1,29.16581516965854
Ethiopia,6,1,3.8651353841857516
Ethiopia,6,1,0.0
Ethiopia,6,1,-2.1275974591848175
Ethiopia,6,1,14.183983061232116
Ethiopia,6,1,2.925446506379124
Ethiopia,6,1,0.0
Ethiopia,6,1,0.21275974591848174
Ethiopia,6,1,-4.184275003063474
Ethiopia,6,1,28.36796612246423
Ethiopia,6,1,34.928058288284085
Ethiopia,6,1,2.6417668451544816
Ethiopia,6,1,12.16276547500654
Ethiopia,6,1,6.595552123472935
Ethiopia,6,1,33.59830987629358
Ethiopia,6,1,-1.0637987295924087
Ethiopia,6,1,16.666180096947738
Ethiopia,6,1,4.432494706635037
Ethiopia,6,1,19.50297670919416
Ethiopia,6,1,17.003049694652
Ethiopia,6,1,8.864989413270074
Ethiopia,6,1,-177.21113837126876
Ethiopia,6,1,3.9183253206653723
Ethiopia,6,1,3.014096400511825
Ethiopia,6,1,11.843625856128817
Ethiopia,6,1,6.826041848217956
Ethiopia,6,1,5.673593224492847
Ethiopia,6,1,3.9715152571449925
Ethiopia,6,1,6.506902229340233
Ethiopia,6,1,22.517073109705986
Ethiopia,6,1,2.2517073109705987
Ethiopia,6,1,-0.8864989413270072
Ethiopia,6,1,4.964394071431241
Ethiopia,6,1,16.666180096947738
Ethiopia,6,1,8.42173994260657
Ethiopia,6,1,6.914691742350657
Ethiopia,6,1,22.676642919144847
Ethiopia,6,1,0.8864989413270072
Ethiopia,6,1,0.35459957653080293
Ethiopia,6,1,-0.17729978826540146
Ethiopia,6,1,8.864989413270074
Ethiopia,6,1,-2.304897247450219
Ethiopia,6,1,0.0
Ethiopia,6,1,18.527827873734452
Ethiopia,6,1,8.244440154341168
Ethiopia,6,1,0.17729978826540146
Ethiopia,6,1,11.524486237251095
Ethiopia,6,1,-0.08864989413270073
Ethiopia,6,1,0.8864989413270072
Ethiopia,6,1,14.183983061232116
Ethiopia,6,1,19.680276497459563
Ethiopia,6,1,17.729978826540147
Ethiopia,6,1,-13.474783908170512
Ethiopia,6,1,3.4750758500018684
Ethiopia,6,1,-3.63464565944073
Ethiopia,6,1,57.30329156737775
Ethiopia,6,1,7.446591107146861
Ethiopia,6,0,0.0
Ethiopia,6,0,0.0
Ethiopia,6,0,1.0460687507658686
Ethiopia,6,0,5.318993647962044
Ethiopia,6,0,0.0
Ethiopia,6,0,-19.50297670919416
Ethiopia,6,0,1.5956980943886132
Ethiopia,6,0,1.1347186448985693
Ethiopia,6,0,6.13457267398289
Ethiopia,6,0,7.091991530616058
Ethiopia,6,0,21.89652385077708
Ethiopia,6,0,-13.102454352813167
Ethiopia,6,0,10.159277867607504
Ethiopia,6,0,-0.21275974591848174
Ethiopia,6,0,0.0
Ethiopia,6,0,-0.7446591107146862
Ethiopia,6,0,12.801044712761986
Ethiopia,6,0,6.11684269515635
Ethiopia,6,0,0.0
Ethiopia,6,0,-7.748000747198044
Ethiopia,6,0,-7.446591107146861
Ethiopia,6,0,3.8119454477061314
Ethiopia,6,0,3.900595341838832
Ethiopia,6,0,3.68783559592035
Ethiopia,6,0,6.489172250513693
Ethiopia,6,0,1.6666180096947738
Ethiopia,6,0,6.560092165819854
Ethiopia,6,0,-0.35459957653080293
Ethiopia,6,0,20.212175862255766
Ethiopia,6,0,4.609794494900438
Ethiopia,6,0,6.382792377554453
Ethiopia,6,0,2.198517374490978
Ethiopia,6,0,-13.441752299668233
Ethiopia,6,0,2.304897247450219
Ethiopia,6,0,3.5991857017876496
Ethiopia,6,0,0.0
Ethiopia,6,0,5.514023415053986
Ethiopia,6,0,-5.318993647962044
Ethiopia,6,0,1.5720552368811516
Ethiopia,6,0,-23.492221945165692
Ethiopia,6,0,0.0
Ethiopia,6,0,0.0
Ethiopia,6,0,0.0
Ethiopia,6,0,0.0
Ethiopia,6,0,22.80075277093063
Ethiopia,6,0,-4.255194918369635
Ethiopia,6,0,0.1943012082390993
Ethiopia,6,0,1.3474783908170511
Ethiopia,6,0,2.8367966122464234
Ethiopia,6,0,25.76165923496283
Ethiopia,6,0,12.2336853903127
Ethiopia,6,0,23.492221945165692
Ethiopia,6,0,53.189936479620435
Ethiopia,6,0,-5.722168323649116
Ethiopia,6,0,3.5666410616979665
Ethiopia,6,0,-11.347186448985694
Ethiopia,6,0,-0.09982230220764624
Ethiopia,6,0,-1.0637987295924087
Ethiopia,6,0,7.091991530616058
Ethiopia,6,0,42.02004981890015
Ethiopia,6,0,3.4573458711753284
Ethiopia,6,0,15.247781790824526
Ethiopia,6,0,24.821970357156204
Ethiopia,6,0,5.283533690308963
Ethiopia,6,0,-13.40386399286435
Ethiopia,6,0,5.197555629533363
Ethiopia,6,0,82.26710175514627
Ethiopia,6,0,1.8084578403070948
Ethiopia,6,0,21.541924274246277
Ethiopia,6,0,0.0
Ethiopia,6,0,-1.0283387719393284
Ethiopia,6,0,-7.3402112341876204
Ethiopia,6,0,-36.1691568061419
Ethiopia,6,0,-8.45719990025965
Ethiopia,6,0,14.71588242602832
Ethiopia,6,0,-10.265657740566745
Ethiopia,6,0,-6.2443526686140665
Ethiopia,6,0,9.616740948376187
Ethiopia,6,0,22.907132643889867
Ethiopia,6,0,19.293617084947613
Ethiopia,6,0,14.095333167099415
Ethiopia,6,0,0.0
Ethiopia,6,0,2.7481467181137225
Ethiopia,6,0,-0.8864989413270072
Ethiopia,6,0,6.489172250513693
Ethiopia,6,0,10.99258687245489
Ethiopia,6,0,31.55936231124146
Ethiopia,6,0,2.0037305505293195
Ethiopia,6,0,0.0
Ethiopia,6,0,2.3935471415829195
Ethiopia,6,0,30.54875351812867
Ethiopia,6,0,40.725761364562715
Ethiopia,6,0,3.262316104083387
Ethiopia,6,0,12.0563856020473
Ethiopia,6,0,48.58014198472
Ethiopia,6,0,7.216101382401839
Ethiopia,6,0,1.7729978826540145
Ethiopia,6,0,18.049118445417868
Ethiopia,6,0,0.0
Ethiopia,6,0,19.50297670919416
Ethiopia,6,0,12.960614522200846
Ethiopia,6,0,3.1382062522976057
Ethiopia,6,0,20.034876073990365
Ethiopia,6,0,-8.794069497963912
Ethiopia,6,0,2.659496823981022
Ethiopia,6,0,19.768926391592263
Ethiopia,6,0,1.5956980943886132
Ethiopia,6,0,13.297484119905109
Ethiopia,6,0,41.665450242369346
Ethiopia,6,1,5.318993647962044
Ethiopia,6,1,14.183983061232116
Ethiopia,6,1,8.864989413270074
Ethiopia,6,1,14.183983061232116
Ethiopia,6,1,8.864989413270074
Ethiopia,6,1,-8.244440154341168
Ethiopia,6,1,0.0
Ethiopia,6,1,4.255194918369635
Ethiopia,6,1,1.1701786025516496
Ethiopia,6,1,4.255194918369635
Ethiopia,6,1,0.0
Ethiopia,6,1,3.900595341838832
Ethiopia,6,1,8.155790260208468
Ethiopia,6,1,1.7729978826540145
Ethiopia,6,1,-3.68783559592035
Ethiopia,6,1,-5.850893012758248
Ethiopia,6,1,0.0
Ethiopia,6,1,0.0
Ethiopia,6,1,-16.84347988521314
Ethiopia,6,1,13.829383484701314
Ethiopia,6,1,0.0
Ethiopia,6,1,1.0637987295924087
Ethiopia,6,1,-13.297484119905109
Ethiopia,6,1,7.978490471943066
Ethiopia,6,1,0.0
Ethiopia,6,1,4.787094283165839
Ethiopia,6,1,2.2339773321440584
Ethiopia,6,1,8.51038983673927
Ethiopia,6,1,10.637987295924088
Ethiopia,6,1,8.51038983673927
Ethiopia,6,1,-4.609794494900438
Ethiopia,6,1,0.12410985178578102
Ethiopia,6,1,-1.4183983061232117
Ethiopia,6,1,-2.659496823981022
Ethiopia,6,1,2.1275974591848175
Ethiopia,6,1,-7.978490471943066
Ethiopia,6,1,-14.361282849497519
Ethiopia,6,1,-19.148377132663356
Ethiopia,6,1,0.8864989413270072
Ethiopia,6,1,2.659496823981022
Ethiopia,6,1,1.4183983061232117
Ethiopia,6,1,6.914691742350657
Ethiopia,6,1,18.616477767867153
Ethiopia,6,1,-1.0637987295924087
Ethiopia,6,1,-1.0637987295924087
Ethiopia,6,1,-1.0637987295924087
Ethiopia,6,1,0.0
Ethiopia,6,1,0.7091991530616059
Ethiopia,6,1,1.950297670919416
Ethiopia,6,1,0.0
Ethiopia,6,1,2.4821970357156204
Ethiopia,6,1,17.339919292356264
Ethiopia,6,1,39.36103779902766
Ethiopia,6,1,315.114913684098
Ethiopia,6,1,71.09721509442599
Ethiopia,6,1,56.02673309186686
Ethiopia,6,1,2.1630574168378978
Ethiopia,6,1,12.410985178578102
Ethiopia,6,1,3.5991857017876496
Ethiopia,6,1,15.425081579089927
Ethiopia,6,1,16.311580520416936
Ethiopia,6,1,0.5318993647962044
Ethiopia,6,1,6.365062398727912
Ethiopia,6,1,-96.2490080752802
Ethiopia,6,1,38.11945447706131
Ethiopia,6,1,7.3224812553610805
Ethiopia,6,1,1.329748411990511
Ethiopia,6,1,9.964248100515562
Ethiopia,6,1,1.684347988521314
Ethiopia,6,1,6.11684269515635
Ethiopia,6,1,0.6205492589289051
Ethiopia,6,1,-6.826041848217956
Ethiopia,6,1,0.8864989413270072
Ethiopia,6,1,-1.1347186448985693
Ethiopia,6,1,-2.659496823981022
Ethiopia,6,1,154.81817511334856
Ethiopia,6,1,22.00290372373632
Ethiopia,6,1,19.50297670919416
Ethiopia,6,1,-34.16566919874286
Ethiopia,6,1,11.169886660720293
Ethiopia,6,1,24.041851288788436
Ethiopia,6,1,33.243710299762775
Ethiopia,6,1,14.698152447201782
Ethiopia,6,1,0.0
Ethiopia,6,1,4.964394071431241
Ethiopia,6,1,26.240368663279416
Ethiopia,6,1,79.60760493116526
Ethiopia,6,1,682.2141252876118
Ethiopia,6,1,67.55121932911796
Ethiopia,6,1,-98.43951752476407
Ethiopia,6,0,39.644232656143764
Ethiopia,6,0,5.833163033931708
Ethiopia,6,0,10.86847702066911
Ethiopia,6,0,20.070336031643446
Ethiopia,6,0,18.31506812781597
Ethiopia,6,0,0.0
Ethiopia,6,0,25.40705965843203
Ethiopia,6,0,-2.8899865487260437
Ethiopia,6,0,0.2659496823981022
Ethiopia,6,0,51.700618258191064
Ethiopia,6,0,11.577676173730715
Ethiopia,6,0,9.678624894248655
Ethiopia,6,0,5.850893012758248
Ethiopia,6,0,4.609794494900438
Ethiopia,6,0,38.56270394772482
Ethiopia,6,0,-3.545995765308029
Ethiopia,6,0,35.9032071237438
Ethiopia,6,0,10.637987295924088
Ethiopia,6,0,12.375525220925022
Ethiopia,6,0,24.875160293635826
Ethiopia,6,0,24.396450865319242
Ethiopia,6,0,0.9928788142862481
Ethiopia,6,0,23.332652135726832
Ethiopia,6,0,9.219588989800876
Ethiopia,6,0,5.318993647962044
Ethiopia,6,0,-5.584943330360146
Ethiopia,6,0,0.0
Ethiopia,6,0,18.793777556132554
Ethiopia,6,0,0.0
Ethiopia,6,0,0.0
Ethiopia,6,0,-24.821970357156204
Ethiopia,6,0,15.070482002559125
Ethiopia,6,0,0.0
Ethiopia,6,0,-13.084724373986628
Ethiopia,6,0,3.368695977042628
Ethiopia,6,0,35.9032071237438
Ethiopia,6,0,-10.744367168883329
Ethiopia,6,0,26.683618133942918
Ethiopia,6,0,-4.521144600767737
Ethiopia,6,0,39.89245235971533
Ethiopia,6,0,9.574188566331678
Ethiopia,6,0,1.7729978826540145
Ethiopia,6,0,0.0
Ethiopia,6,0,0.0
Ethiopia,6,0,0.0
Ethiopia,6,0,-15.425081579089927
Ethiopia,6,0,40.06975214798073
Ethiopia,6,0,35.61952746251915
Ethiopia,6,0,4.556604558420817
Ethiopia,6,0,-14.183983061232116
Ethiopia,6,0,0.35459957653080293
Ethiopia,6,0,0.0
Ethiopia,6,0,14.113063145925956
Ethiopia,6,0,19.50297670919416
Ethiopia,6,0,1.7729978826540145
Ethiopia,6,1,-5.177153817349723
Ethiopia,6,1,4.219734960716555
Ethiopia,6,1,53.367236267885836
Ethiopia,6,1,20.212175862255766
Ethiopia,6,1,22.109283596695562
Ethiopia,6,1,6.205492589289051
Ethiopia,6,1,14.183983061232116
Ethiopia,6,1,11.701786025516496
Ethiopia,6,1,3.067286336991445
Ethiopia,6,1,-0.8333090048473869
Ethiopia,6,1,-21.394011406452893
Ethiopia,6,1,11.471296300771474
Ethiopia,6,1,4.432494706635037
Ethiopia,6,1,55.61384447850056
Ethiopia,6,1,4.166545024236934
Ethiopia,6,1,-15.956980943886132
Ethiopia,6,1,-8.51038983673927
Ethiopia,6,1,9.396888778066277
Ethiopia,6,1,2.4821970357156204
Ethiopia,6,1,10.513877444138306
Ethiopia,6,1,4.3261148336757955
Ethiopia,6,1,1.7729978826540145
Ethiopia,6,1,0.35459957653080293
Ethiopia,6,1,55.317533938805255
Ethiopia,6,1,-2.659496823981022
Ethiopia,6,1,1.0637987295924087
Ethiopia,6,1,-2.553116951021781
Ethiopia,6,1,4.609794494900438
Ethiopia,6,1,3.386425955869168
Ethiopia,6,1,4.521144600767737
Ethiopia,6,1,25.885769086748613
Ethiopia,6,1,-7.606160916585723
Ethiopia,6,1,13.297484119905109
Ethiopia,6,1,55.317533938805255
Ethiopia,6,1,56.228411601018756
Ethiopia,6,1,-0.017729978826540146
Ethiopia,6,1,26.151718769146715
Ethiopia,6,1,2.570846929848321
Ethiopia,6,1,6.6310120811260145
Ethiopia,6,1,-16.258390583937313
Ethiopia,6,1,2.056677543878657
Ethiopia,6,1,8.333090048473869
Ethiopia,6,1,1.5956980943886132
Ethiopia,6,1,-10.460687507658687
Ethiopia,6,1,15.602381367355328
Ethiopia,6,1,20.247635819908847
Ethiopia,6,1,32.09126167603766
Ethiopia,6,1,24.60921061123772
Ethiopia,6,1,4.237464939543095
Ethiopia,6,1,6.932421721177197
Ethiopia,6,0,0.0
Ethiopia,6,0,0.0
Ethiopia,6,0,-1.1701786025516496
Ethiopia,6,0,4.538874579594277
Ethiopia,6,0,18.616477767867153
Ethiopia,6,0,18.864697471438713
Ethiopia,6,0,5.886352970411329
Ethiopia,6,0,11.985465686741138
Ethiopia,6,0,4.964394071431241
Ethiopia,6,0,11.879085813781897
Ethiopia,6,0,2.8545265910729634
Ethiopia,6,0,23.368112093379914
Ethiopia,6,0,0.0
Ethiopia,6,0,40.15840204211343
Ethiopia,6,0,5.496293436227445
Ethiopia,6,0,0.0
Ethiopia,6,0,2.304897247450219
Ethiopia,6,0,30.31826379338365
Ethiopia,6,0,1.1701786025516496
Ethiopia,6,0,26.063068875014014
Ethiopia,6,0,34.289779050528644
Ethiopia,6,0,26.47085838802444
Ethiopia,6,0,7.091991530616058
Ethiopia,6,0,-5.939542906890948
Ethiopia,6,0,23.40357205103299
Ethiopia,6,0,-16.488880308682337
Ethiopia,6,0,13.170842032373839
Ethiopia,6,0,2.1275974591848175
Ethiopia,6,0,32.67635097731349
Ethiopia,6,0,7.428861128320321
Ethiopia,6,0,0.0
Ethiopia,6,0,28.36796612246423
Ethiopia,6,0,14.325822891844437
Ethiopia,6,0,-75.35241001279562
Ethiopia,6,0,0.975148835459708
Ethiopia,6,0,0.23048972474502188
Ethiopia,6,0,12.357795242098481
Ethiopia,6,0,25.31840976429933
Ethiopia,6,0,5.531753393880526
Ethiopia,6,0,2.1275974591848175
Ethiopia,6,0,23.11989238980835
Ethiopia,6,0,16.666180096947738
Ethiopia,6,0,3.1913961887772264
Ethiopia,6,0,4.575791113877028
Ethiopia,6,0,17.428569186488964
Ethiopia,6,0,107.31009084249855
Ethiopia,6,0,-10.194737825260583
Ethiopia,6,0,-9.999708058168642
Ethiopia,6,0,0.0
Ethiopia,6,0,0.0
Ethiopia,6,0,5.531753393880526
Ethiopia,6,0,47.019903847984466
Ethiopia,6,0,13.652083696435913
Ethiopia,6,0,132.76208145313262
Ethiopia,6,0,0.0
Ethiopia,6,0,1.1701786025516496
Ethiopia,6,0,70.54588893642335
Ethiopia,6,0,0.0
Ethiopia,6,0,267.7226802807562
Ethiopia,6,0,3.336393739007214
Ethiopia,6,0,8.881992185933806
Ethiopia,6,0,53.63269681756729
Ethiopia,6,0,109.55596318973426
Ethiopia,6,0,14.183983061232116
Ethiopia,6,0,0.0
Ethiopia,6,0,1.7729978826540145
Ethiopia,6,0,-428.55059101013904
Ethiopia,6,0,0.0
Ethiopia,6,0,-0.5318993647962044
Ethiopia,6,0,0.0
Ethiopia,6,0,0.0
Ethiopia,6,0,0.0
Ethiopia,6,0,0.0
Ethiopia,6,0,0.0
Ethiopia,6,0,-14.349381341493716
Ethiopia,6,0,62.941424834217514
Ethiopia,6,0,20.389475650521167
Ethiopia,6,0,-8.267756201936177
Ethiopia,6,0,42.55194918369635
Ethiopia,6,0,92.72778926280496
Ethiopia,6,0,117.01786025516496
Ethiopia,6,0,3.545995765308029
Ethiopia,6,0,11.524486237251095
Ethiopia,6,0,0.0
Ethiopia,6,0,-28.36796612246423
Ethiopia,6,0,3.368695977042628
Ethiopia,6,0,5.354453605615124
Ethiopia,6,0,31.913961887772263
Ethiopia,6,0,5.3721835844416646
Ethiopia,6,0,19.50297670919416
Ethiopia,6,0,4.467954664288117
Ethiopia,6,0,0.0
Ethiopia,6,0,2.44673707806254
Ethiopia,6,0,58.31025567246028
Ethiopia,6,0,12.359981189195015
Ethiopia,6,0,102.91548011405929
Ethiopia,6,0,26.247658039339935
Ethiopia,6,0,-44.06939037202905
Ethiopia,6,0,1.8992936815363295
Ethiopia,6,0,279.51044977780845
Ethiopia,6,0,-76.39434927142268
Ethiopia,6,0,-1.3960540310493346
Ethiopia,6,0,-223.2795448985172
Ethiopia,6,0,65.35367156284406
Ethiopia,6,0,7.978490471943066
Ethiopia,6,0,7.12026275234722
Ethiopia,6,0,-3.6701056170938102
Ethiopia,6,0,43.438448125023356
Ethiopia,6,0,15.735235007527244
Ethiopia,6,0,-8.65805813817433
Ethiopia,6,0,7.091991530616058
Ethiopia,6,0,5.7148827351206934
Ethiopia,6,0,8.205335508657827
Ethiopia,6,1,-29.573604682668964
Ethiopia,6,1,19.183837090316437
Ethiopia,6,1,-1.7375379250009342
Ethiopia,6,1,1.3120184331639708
Ethiopia,6,1,23.10216241098181
Ethiopia,6,1,-2.180787395664438
Ethiopia,6,1,-40.38889176685845
Ethiopia,6,1,200.2778408245975
Ethiopia,6,1,32.37494133726231
Ethiopia,6,1,5.407643542094744
Ethiopia,6,1,25.265219827819706
Ethiopia,6,1,29.09489525435238
Ethiopia,6,1,3.2977760617364673
Ethiopia,6,1,-18.616477767867153
Ethiopia,6,1,-0.49643940714312407
Ethiopia,6,1,42.55194918369635
Ethiopia,6,1,46.27524473726978
Ethiopia,6,1,0.14183983061232117
Ethiopia,6,1,0.0
Ethiopia,6,1,4.964394071431241
Ethiopia,6,1,14.183983061232116
Ethiopia,6,1,16.506610287508877
Ethiopia,6,1,-7.930579273055966
Ethiopia,6,1,-0.670192983212812
Ethiopia,6,1,17.623598953580906
Ethiopia,6,1,8.45719990025965
Ethiopia,6,1,5.584943330360146
Ethiopia,6,1,20.283095777561925
Ethiopia,6,1,20.69088529057235
Ethiopia,6,1,9.343698841586656
Ethiopia,6,1,51.31055872400718
Ethiopia,6,1,0.5496293436227445
Ethiopia,6,1,34.82167841532485
Ethiopia,6,1,-4.671921924979204
Ethiopia,6,1,10.815287084189489
Ethiopia,6,1,-10.017438036995182
Ethiopia,6,1,259.65553991468045
Ethiopia,6,1,26.524048324504058
Ethiopia,6,1,40.77895130104233
Ethiopia,6,1,-18.40371802194867
Ethiopia,6,1,7.393401170667241
Ethiopia,6,1,3.014096400511825
Ethiopia,6,1,81.55790260208467
Ethiopia,6,1,10.354307634699445
Ethiopia,6,1,-14.485392701283299
Ethiopia,6,1,-10.779827126536409
Ethiopia,6,1,-5.318993647962044
Ethiopia,6,1,-18.616477767867153
Ethiopia,6,1,-6.311872462248292
Ethiopia,6,1,2.0212175862255766
Ethiopia,6,1,35.7259073354784
Ethiopia,6,1,27.587847054096468
Ethiopia,6,1,4.077895130104234
Ethiopia,6,1,45.566045584208176
Ethiopia,6,1,-4.361574791328876
Ethiopia,6,1,7.659350853065343
Ethiopia,6,1,8.067140366075765
Ethiopia,6,1,14.006683272966715
Ethiopia,6,1,9.871128918507274
Ethiopia,6,1,28.36796612246423
Ethiopia,6,1,-13.173374268119328
Ethiopia,6,1,-3.6169156806141896
Ethiopia,6,1,-2.659496823981022
Ethiopia,6,1,-204.08978627230363
Ethiopia,6,1,-16.13428073215153
Ethiopia,6,1,1.577968115562073
Ethiopia,6,1,3.528265786481489
Ethiopia,6,1,10.850747041842569
Ethiopia,6,1,-0.3368695977042628
Ethiopia,6,1,9.113209116841634
Ethiopia,6,1,3.545995765308029
Ethiopia,6,1,2.4999270145421604
Ethiopia,6,1,-3.6169156806141896
Ethiopia,6,1,-4.397034748981956
Ethiopia,6,1,-8.864989413270074
Ethiopia,6,1,-24.821970357156204
Ethiopia,6,1,21.258244613021635
Ethiopia,6,1,9.75148835459708
Ethiopia,6,1,44.715006600534245
Ethiopia,6,1,29.467224809709723
Ethiopia,6,1,1.0283387719393284
Ethiopia,6,1,20.67315531174581
Ethiopia,6,1,25.034730103074686
Ethiopia,6,1,18.971077344397955
Ethiopia,6,1,-14.999562087252963
Ethiopia,6,1,-12.712394818629285
Ethiopia,6,1,52.463007347732294
Ethiopia,6,1,5.354453605615124
Ethiopia,6,1,7.482051064799942
Ethiopia,6,1,54.11189537860052
Ethiopia,6,1,-2.4821970357156204
Ethiopia,6,1,11.790435919649196
Ethiopia,6,1,0.17729978826540146
Ethiopia,6,1,-2.038947565052117
Ethiopia,6,1,10.017438036995182
Ethiopia,6,1,11.329456470159153
Ethiopia,6,1,-6.11684269515635
Ethiopia,6,1,0.0
Ethiopia,6,1,22.410693236746745
Ethiopia,6,1,9.804678291076701
Ethiopia,6,1,3.1913961887772264
Ethiopia,6,1,30.37145372986327
Ethiopia,6,1,12.889694606894686
Ethiopia,6,1,11.808165898475737
Ethiopia,6,1,8.581309752045431
Ethiopia,6,1,-9.911058164035941
Ethiopia,6,1,-16.3914866261635
Ethiopia,6,1,-0.128967361701408
Ethiopia,6,1,35.867747166090716
Ethiopia,6,1,1.453858263776292
Ethiopia,6,1,0.0
Ethiopia,6,1,-3.65237563826727
Ethiopia,6,1,18.19095827603019
Ethiopia,6,1,-10.265706437408003
Ethiopia,6,1,-0.07091991530616058
Ethiopia,6,1,0.0
Ethiopia,6,1,0.0
Ethiopia,6,1,1.5247781790824526
Ethiopia,6,1,19.39659683623492
Ethiopia,6,1,24.892890272462363
Ethiopia,6,1,13.297484119905109
Ethiopia,6,1,3.439615892348788
Ethiopia,6,1,-4.397034748981956
Ethiopia,6,1,53.45588616201854
Ethiopia,6,1,39.98110225384803
Ethiopia,6,1,4.92893411377816
Ethiopia,6,1,15.602381367355328
Ethiopia,6,1,20.070336031643446
Ethiopia,6,1,-16.098820774498453
Ethiopia,6,1,33.616039855120114
Ethiopia,6,1,-467.4331617829044
Ethiopia,6,1,4.255194918369635
Ethiopia,6,1,18.26187819133635
Ethiopia,6,1,-22.233393448481344
Ethiopia,6,1,17.10942956761124
Ethiopia,6,1,25.708469298483212
Ethiopia,6,1,0.0
Ethiopia,6,1,28.633915804862337
Ethiopia,6,1,3.6701056170938102
Ethiopia,6,1,25.92122904440169
Ethiopia,6,1,12.198225432659621
Ethiopia,6,1,53.367236267885836
Ethiopia,6,1,-11.524486237251095
Ethiopia,6,1,7.1629114459222185
Ethiopia,6,1,0.8864989413270072
Ethiopia,6,1,-0.10637987295924087
Ethiopia,6,1,25.353869721952407
Ethiopia,6,1,16.488880308682337
Ethiopia,6,1,-15.283241748477606
Ethiopia,6,1,27.552387096443386
Ethiopia,6,1,26.063068875014014
Ethiopia,6,1,9.184129032147796
Ethiopia,6,1,6.737391954085256
Ethiopia,6,1,5.531753393880526
Ethiopia,6,1,1.7907278614805546
Ethiopia,6,1,13.40386399286435
Ethiopia,6,1,9.66283846046438
Ethiopia,6,1,39.183253206653724
Ethiopia,6,1,37.26841549338739
Ethiopia,6,1,56.96642196967349
Ethiopia,6,1,2.9963664216852846
Ethiopia,6,1,2.4999270145421604
Ethiopia,6,1,22.87167268623679
Ethiopia,6,1,1.7729978826540145
Ethiopia,6,1,-9.75148835459708
Ethiopia,6,1,37.055655747468904
Ethiopia,6,1,15.956980943886132
Ethiopia,6,1,0.0
Ethiopia,6,1,24.928350230115445
Ethiopia,6,1,8.333090048473869
Ethiopia,6,1,27.83606675766803
Ethiopia,6,1,13.634353717609372
Ethiopia,6,1,14.71588242602832
Ethiopia,6,1,-17.641328932407443
Ethiopia,6,1,7.943030514289985
Ethiopia,6,1,-27.55235246757849
Ethiopia,6,1,0.0
Ethiopia,6,1,-11.418106364291853
Ethiopia,6,1,3.65237563826727
Ethiopia,6,1,35.459957653080295
Ethiopia,6,1,0.3723295553573431
Ethiopia,6,1,-1.001428085845353
Ethiopia,6,1,47.71137302221953
Ethiopia,6,1,7.801190683677664
Ethiopia,6,1,4.787094283165839
Ethiopia,6,1,24.821970357156204
Ethiopia,6,1,58.26071042401092
Ethiopia,6,1,-0.03545995765308029
Ethiopia,6,1,23.40357205103299
Ethiopia,6,1,6.737391954085256
Ethiopia,6,1,11.630866110210336
Ethiopia,6,1,-8.102600323728847
Ethiopia,6,1,0.0
Ethiopia,6,1,14.183983061232116
Ethiopia,6,1,-3.368695977042628
Ethiopia,6,1,1.7552679038274743
Ethiopia,6,1,-16.081090795671912
Ethiopia,6,1,15.655571303834948
Ethiopia,6,1,-9.574188566331678
Ethiopia,6,1,3.7232955535734304
Ethiopia,6,1,20.74407522705197
Ethiopia,6,1,31.91391427308303
Ethiopia,6,1,34.82167841532485
Ethiopia,6,1,-6.02819280102365
Ethiopia,6,1,-70.26167252779283
Ethiopia,6,1,-95.11521575251759
Ethiopia,6,1,40.24705193624613
Ethiopia,6,1,2.659496823981022
Ethiopia,6,1,0.0
Ethiopia,6,1,8.51038983673927
Ethiopia,6,1,10.496147465311767
Ethiopia,6,1,3.1913961887772264
Ethiopia,6,1,-32.26856146430306
Ethiopia,6,1,1.039753311530536
Ethiopia,6,1,7.446591107146861
Ethiopia,6,1,7.889840577810365
Ethiopia,6,1,131.9110424694587
Ethiopia,6,1,-9.396888778066277
Ethiopia,6,1,-27.83606675766803
Ethiopia,6,1,-8.51038983673927
Ethiopia,6,1,50.9212263959861
Ethiopia,6,1,14.53858263776292
Ethiopia,6,1,5.407643542094744
Ethiopia,6,1,20.389475650521167
Ethiopia,6,1,33.91040684977316
Ethiopia,6,1,-13.19110424694587
Ethiopia,6,1,22.446153194399823
Ethiopia,6,1,0.0
Ethiopia,6,1,0.0
Ethiopia,6,1,8.864989413270074
Ethiopia,6,1,0.0
Ethiopia,6,1,0.0
Ethiopia,6,1,0.053189936479620434
Ethiopia,6,1,0.8864989413270072
Ethiopia,6,1,21.275974591848176
Ethiopia,6,1,0.0
Ethiopia,6,1,14.53858263776292
Ethiopia,6,1,-2.659496823981022
Ethiopia,6,1,1.2809779843931897
Ethiopia,6,1,13.501355069065704
Ethiopia,6,1,23.350382114553373
Ethiopia,6,1,-18.211651187109357
Ethiopia,6,1,0.0
Ethiopia,6,1,6.382792377554453
Ethiopia,6,1,-44.29847329913769
Ethiopia,6,1,1.684347988521314
Ethiopia,6,1,10.827950427220994
Ethiopia,6,1,-4.8988178228392805
Ethiopia,6,1,14.113063145925956
Ethiopia,6,1,0.3900595341838832
Ethiopia,6,1,2.6949567816341022
Ethiopia,6,1,-11.701786025516496
Ethiopia,6,1,-3.6701056170938102
Ethiopia,6,1,62.105583593624644
Ethiopia,6,1,7.091991530616058
Ethiopia,6,1,6.360448102480576
Ethiopia,6,1,45.19371602885083
Ethiopia,6,1,8.56357977321889
Ethiopia,6,1,3.7232955535734304
Ethiopia,6,1,2.786764395384469
Ethiopia,6,1,-4.022519246528079
Ethiopia,6,1,-0.07598438679714006
Ethiopia,6,1,-6.382792377554453
Ethiopia,6,1,26.392339601177753
Ethiopia,6,1,18.08457840307095
Ethiopia,6,1,19.9905273195794
Ethiopia,6,1,0.8864989413270072
Ethiopia,6,1,0.0
Ethiopia,6,1,0.0
Ethiopia,6,1,0.0
Ethiopia,6,1,0.0
Ethiopia,6,1,17.90727861480555
Ethiopia,6,1,-21.275974591848176
Ethiopia,6,1,1.684347988521314
Ethiopia,6,1,5.719982917628596
Ethiopia,6,1,2.1275974591848175
Ethiopia,6,1,0.0
Ethiopia,6,1,-8.51038983673927
Ethiopia,6,1,-1.7729978826540145
Ethiopia,6,1,49.18296126482237
Ethiopia,6,1,1.0016226026723838
Ethiopia,6,1,9.219588989800876
Ethiopia,6,1,28.66714220072965
Ethiopia,6,1,-11.063555484602311
Ethiopia,6,1,0.0
Ethiopia,6,1,-0.5318993647962044
Ethiopia,6,1,0.0
Ethiopia,6,1,0.0
Ethiopia,6,1,-5.318993647962044
Ethiopia,6,1,38.76210560900983
Ethiopia,6,1,68.88096774110846
Ethiopia,6,1,-6.806342352700479
Ethiopia,6,1,30.22961389925095
Ethiopia,6,1,-2.4821970357156204
Ethiopia,6,1,-34.48480881762058
Ethiopia,6,1,-23.669521733431093
Ethiopia,6,1,38.03080458292861
Ethiopia,6,1,-14.272632955364818
Ethiopia,6,1,4.87574417729854
Ethiopia,6,1,0.35459957653080293
Ethiopia,6,1,0.0
Ethiopia,6,1,0.0
Ethiopia,6,1,-2.8367966122464234
Ethiopia,6,1,-7.659350853065343
Ethiopia,6,1,13.208834225772408
Ethiopia,6,1,40.77895130104233
Ethiopia,6,1,2.659496823981022
Ethiopia,6,1,4.432494706635037
Ethiopia,6,1,1.684347988521314
Ethiopia,6,1,-7.535241001279562
Ethiopia,6,1,-6.648742059952554
Ethiopia,6,1,11.08123676658759
Ethiopia,6,1,14.893182214293722
Ethiopia,6,1,7.091991530616058
Ethiopia,6,1,10.387404172323402
Ethiopia,6,1,7.978490471943066
Ethiopia,6,1,5.584943330360146
Ethiopia,6,1,10.017438036995182
Ethiopia,6,1,14.095333167099415
Ethiopia,6,1,-24.77193814029425
Ethiopia,6,1,10.815287084189489
Ethiopia,6,1,15.070482002559125
Ethiopia,6,1,-4.787094283165839
Ethiopia,6,1,30.14096400511825
Ethiopia,6,1,0.0
Ethiopia,6,1,-4.432494706635037
Ethiopia,6,1,-2.304897247450219
Ethiopia,6,1,-23.22627226276759
Ethiopia,6,1,25.63754938317705
Ethiopia,6,1,4.521144600767737
Ethiopia,6,1,-87.59814624809198
Ethiopia,6,1,11.205346618373373
Ethiopia,6,1,0.0
Ethiopia,6,1,0.0
Ethiopia,6,1,4.609794494900438
Ethiopia,6,1,27.83606675766803
Ethiopia,6,1,210.04958706515848
Ethiopia,6,1,1.1524486237251095
Ethiopia,6,1,30.824832143508733
Ethiopia,6,1,16.84347988521314
Ethiopia,6,1,16.311580520416936
Ethiopia,6,1,35.105358076549486
Ethiopia,6,1,77.19632781075579
Ethiopia,6,1,35.459957653080295
Ethiopia,6,1,-10.372037613525984
Ethiopia,6,1,8.864989413270074
Ethiopia,6,1,7.26929131888146
Ethiopia,6,1,57.51605131329623
Ethiopia,6,1,99.64248100515562
Ethiopia,6,1,11.523027496317368
Ethiopia,6,1,45.761075351300114
Ethiopia,6,1,9.574188566331678
Ethiopia,6,1,27.88925669414765
Ethiopia,6,1,24.928350230115445
Ethiopia,6,1,2.056677543878657
Ethiopia,6,1,-21.169594718888934
Ethiopia,6,1,1.8084578403070948
Ethiopia,6,1,-4.077895130104234
Ethiopia,6,1,-0.23048972474502188
Ethiopia,6,1,2.819066633419883
Ethiopia,6,1,7.801190683677664
Ethiopia,6,1,46.45254452553518
Ethiopia,6,0,49.64394071431241
Ethiopia,6,0,266.72980146646995
Ethiopia,6,0,38.65135384185752
Ethiopia,6,0,23.22627226276759
Ethiopia,6,0,-6.560092165819854
Ethiopia,6,0,98.80917200030824
Ethiopia,6,0,30.850163158179853
Ethiopia,6,0,22.783022792104088
Ethiopia,6,0,64.71442271687154
Ethiopia,6,0,0.0
Ethiopia,6,0,17.99592850893825
Ethiopia,6,0,0.0
Ethiopia,6,0,0.0
Ethiopia,6,0,18.971077344397955
Ethiopia,6,0,58.50893012758248
Ethiopia,6,0,140.95333167099415
Ethiopia,6,0,23.261732220420672
Ethiopia,6,0,32.80046082909927
Ethiopia,6,0,147.6907236250794
Ethiopia,6,0,0.35459957653080293
Ethiopia,6,0,0.0
Ethiopia,6,0,112.40806576026452
Ethiopia,6,0,43.15476846379872
Ethiopia,6,0,82.26710175514627
Ethiopia,6,0,7.003341636483357
Ethiopia,6,0,12.2336853903127
Ethiopia,6,0,8.244440154341168
Ethiopia,6,0,27.83606675766803
Ethiopia,6,0,25.176569933687006
Ethiopia,6,1,29.626794619148583
Ethiopia,6,1,19.857576285724964
Ethiopia,6,1,116.13136131383796
Ethiopia,6,1,16.84347988521314
Ethiopia,6,1,77.12540789544964
Ethiopia,6,1,8.864989413270074
Ethiopia,6,1,-21.275974591848176
Ethiopia,6,1,37.94215468879591
Ethiopia,6,1,12.0563856020473
Ethiopia,6,1,48.4028421964546
Ethiopia,6,1,-14.183983061232116
Ethiopia,6,1,17.552679038274743
Ethiopia,6,1,16.666180096947738
Ethiopia,6,1,376.9038898945904
Ethiopia,6,1,1.20563856020473
Ethiopia,6,1,473.3904346686219
Ethiopia,6,1,33.243710299762775
Ethiopia,6,1,7.718371424671758
Ethiopia,6,1,-14.721518273790078
Ethiopia,6,1,-6.725735012439778
Ethiopia,6,1,-12.566231790665155
Ethiopia,6,1,124.10985178578102
Ethiopia,6,1,35.9918570178765
Ethiopia,6,1,24.821970357156204
Ethiopia,6,1,40.88533117400158
Ethiopia,6,1,8.864989413270074
Ethiopia,6,1,111.96481628960102
Ethiopia,6,1,60.1932781161038
Ethiopia,6,1,-73.5794121301416
Ethiopia,6,1,17.729978826540147
Ethiopia,6,1,189.00157429091794
Ethiopia,6,1,116.18091521950353
Ethiopia,6,1,-2.3935471415829195
Ethiopia,6,1,0.0
Ethiopia,6,1,-22.667414326650174
Ethiopia,6,1,9.042289201535475
Ethiopia,6,1,25.265219827819706
Ethiopia,6,1,7.091991530616058
Ethiopia,6,1,0.07091991530616058
Ethiopia,6,1,0.0
Ethiopia,6,1,22.517073109705986
Ethiopia,6,1,-0.42551949183696347
Ethiopia,6,1,5.318993647962044
Ethiopia,6,1,0.0
Ethiopia,6,1,35.03443816124333
Ethiopia,6,1,30.28280383573057
Ethiopia,6,1,2.8367966122464234
Ethiopia,6,1,22.16247353317518
Ethiopia,6,1,37.232955535734305
Ethiopia,6,1,21.80787395664438
Ethiopia,6,1,10.637987295924088
Ethiopia,6,1,2.0406476258880843
Ethiopia,6,1,5.815433055105168
Ethiopia,6,1,39.183253206653724
Ethiopia,6,1,0.2659496823981022
Ethiopia,6,1,6.205492589289051
Ethiopia,6,1,16.098820774498453
Ethiopia,6,1,19.680276497459563
Ethiopia,6,1,45.9738350972186
Ethiopia,6,1,4.113355087757314
Ethiopia,6,1,15.531461452049168
Ethiopia,6,1,14.183983061232116
Ethiopia,6,1,-3.900595341838832
Ethiopia,6,1,19.946226179857664
Ethiopia,6,1,29.35493638667767
Ethiopia,6,1,39.00595341838832
Ethiopia,6,1,61.59394644340047
Ethiopia,6,1,8.652229667351591
Ethiopia,6,1,-11.944095014711193
Ethiopia,6,1,25.7675699493397
Ethiopia,6,1,88.64989413270072
Ethiopia,6,1,7.091991530616058
Ethiopia,6,1,78.54380620157285
Ethiopia,6,0,-16.666180096947738
Ethiopia,6,0,31.59482226889454
Ethiopia,6,0,0.0
Ethiopia,6,0,44.59089674874846
Ethiopia,6,0,41.48815045410394
Ethiopia,6,0,-3.7232955535734304
Ethiopia,6,0,-16.93212977934584
Ethiopia,6,0,54.87428446814175
Ethiopia,6,0,-3.545995765308029
Ethiopia,6,0,6.914691742350657
Ethiopia,6,0,37.76485490053051
Ethiopia,6,0,45.672425457167414
Ethiopia,6,0,5.957272885717489
Ethiopia,6,0,31.204762734710656
Ethiopia,6,0,12.676934860976203
Ethiopia,6,0,10.106087931127883
Ethiopia,6,0,9.396888778066277
Ethiopia,6,0,15.956980943886132
Ethiopia,6,0,29.1559654218998
Ethiopia,6,0,16.93212977934584
Ethiopia,6,0,11.435836343118394
Ethiopia,6,0,59.395429068909486
Ethiopia,6,0,17.800898741846307
Ethiopia,6,0,26.77226802807562
Ethiopia,6,0,17.552679038274743
Ethiopia,6,0,-5.762243118625547
Ethiopia,6,0,20.212175862255766
Ethiopia,6,0,35.56633752603953
Ethiopia,6,0,11.701786025516496
Ethiopia,6,0,8.155790260208468
Ethiopia,6,0,14.006683272966715
Ethiopia,6,0,96.273785028113
Ethiopia,6,0,8.864989413270074
Ethiopia,6,0,24.928350230115445
Ethiopia,6,0,8.864989413270074
Ethiopia,6,0,87.76339519137372
Ethiopia,6,0,-33.68695977042628
Ethiopia,6,0,25.24748984899317
Ethiopia,6,0,20.123525968123065
Ethiopia,6,0,12.0563856020473
Ethiopia,6,0,-3.1382062522976057
Ethiopia,6,0,0.0
Ethiopia,6,0,3.1913961887772264
Ethiopia,6,0,14.006683272966715
Ethiopia,6,0,1.7729978826540145
Ethiopia,6,0,12.765584755108906
Ethiopia,6,0,-0.726929131888146
Ethiopia,6,0,10.460687507658687
Ethiopia,6,0,-0.17729978826540146
Ethiopia,6,0,-4.102182950220375
Ethiopia,6,0,84.2173994260657
Ethiopia,6,0,-2.092137501531737
Ethiopia,6,0,9.154579788871581
Ethiopia,6,0,10.637987295924088
Ethiopia,6,0,-6.02819280102365
Ethiopia,6,0,-0.5318993647962044
Ethiopia,6,0,-29.786364428587444
Ethiopia,6,0,-1.684347988521314
Ethiopia,6,0,-52.83533690308963
Ethiopia,6,0,1.7729978826540145
Ethiopia,6,0,42.55194918369635
Ethiopia,6,0,51.28888971179877
Ethiopia,6,0,48.08764161095875
Ethiopia,6,0,-7.091991530616058
Ethiopia,6,0,24.857430314809285
Ethiopia,6,0,7.978490471943066
Ethiopia,6,0,5.673593224492847
Ethiopia,6,0,-0.08864989413270073
Ethiopia,6,0,-16.311580520416936
Ethiopia,6,0,0.8864989413270072
Ethiopia,6,0,-7.091991530616058
Ethiopia,6,0,-10.106087931127883
Ethiopia,6,0,0.0
Ethiopia,6,0,13.297484119905109
Ethiopia,6,0,12.588284966843503
Ethiopia,6,0,-10.017438036995182
Ethiopia,6,0,10.708907211230247
Ethiopia,6,0,3.2744600141414577
Ethiopia,6,0,-0.12410985178578102
Ethiopia,6,0,7.535241001279562
Ethiopia,6,0,-0.6205492589289051
Ethiopia,6,0,-72.3383136122838
Ethiopia,6,0,-9.201859010974335
Ethiopia,6,0,9.840138248729781
Ethiopia,6,0,0.0
Ethiopia,6,0,-1.1366885673965164
Ethiopia,6,0,24.821970357156204
Ethiopia,6,0,4.609794494900438
Ethiopia,6,0,-5.850893012758248
Ethiopia,6,1,17.729978826540147
Ethiopia,6,1,-22.16247353317518
Ethiopia,6,1,8.155790260208468
Ethiopia,6,1,-2.4821970357156204
Ethiopia,6,1,0.0
Ethiopia,6,1,35.105358076549486
Ethiopia,6,1,-121.52127487710617
Ethiopia,6,1,6.04592277985019
Ethiopia,6,1,10.318847677046366
Ethiopia,6,1,-4.858014198472
Ethiopia,6,1,29.5913346614955
Ethiopia,6,1,62.888234897737895
Ethiopia,6,1,-4.432494706635037
Ethiopia,6,1,0.0
Ethiopia,6,1,14.183983061232116
Ethiopia,6,1,12.410985178578102
Ethiopia,6,1,7.091991530616058
Ethiopia,6,1,0.5141693859696642
Ethiopia,6,1,-12.410985178578102
Ethiopia,6,1,18.43917797960175
Ethiopia,6,1,17.19807946174394
Ethiopia,6,1,0.0
Ethiopia,6,1,5.318993647962044
Ethiopia,6,1,9.75148835459708
Ethiopia,6,1,0.0
Ethiopia,6,1,-1.0637987295924087
Ethiopia,6,1,4.556604558420817
Ethiopia,6,1,12.588284966843503
Ethiopia,6,1,10.620257317097547
Ethiopia,6,1,-11.524486237251095
Ethiopia,6,1,0.0
Ethiopia,6,1,-4.698444389033138
Ethiopia,6,1,-0.5318993647962044
Ethiopia,6,1,-4.060165151277693
Ethiopia,6,1,4.077895130104234
Ethiopia,6,1,-0.7091991530616059
Ethiopia,6,1,57.01961190615311
Ethiopia,6,1,8.155790260208468
Ethiopia,6,1,29.875014322720144
Ethiopia,6,1,10.99258687245489
Ethiopia,6,1,9.75148835459708
Ethiopia,6,1,11.347186448985694
Ethiopia,6,1,9.396888778066277
Ethiopia,6,1,7.978490471943066
Ethiopia,6,1,21.98517374490978
Ethiopia,6,1,16.666180096947738
Ethiopia,6,1,32.44586125256847
Ethiopia,6,1,35.24719790716181
Ethiopia,6,1,0.08160670765854688
Ethiopia,6,1,2.8367966122464234
Ethiopia,6,1,0.0
Ethiopia,6,1,-8.652229667351591
Ethiopia,6,1,20.74407522705197
Ethiopia,6,1,-143.311418854924
Ethiopia,6,1,2.712686760460642
Ethiopia,6,1,18.922501704165672
Ethiopia,6,1,5.673593224492847
Ethiopia,6,1,9.574188566331678
Ethiopia,6,1,7.091991530616058
Ethiopia,6,1,3.664195714330966
Ethiopia,6,1,0.0
Ethiopia,6,1,3.1913961887772264
Ethiopia,6,1,28.36796612246423
Ethiopia,6,1,27.99816880285238
Ethiopia,6,1,26.417668451544817
Ethiopia,6,1,3.900595341838832
Ethiopia,6,1,23.40357205103299
Ethiopia,6,1,8.067140366075765
Ethiopia,6,1,-18.616477767867153
Ethiopia,6,1,11.524486237251095
Ethiopia,6,1,33.98836941047746
Ethiopia,6,1,-1.684347988521314
Ethiopia,6,1,-0.975148835459708
Ethiopia,6,1,-1.0637987295924087
Ethiopia,6,1,-199.72821148097475
Ethiopia,6,1,-1.684347988521314
Ethiopia,6,1,0.0
Ethiopia,6,1,-7.623890895412263
Ethiopia,6,1,3.4573458711753284
Ethiopia,6,1,1.4183983061232117
Ethiopia,6,1,-1.843917797960175
Ethiopia,6,1,30.743783285220612
Ethiopia,6,0,-16.84347988521314
Ethiopia,6,0,-13.297484119905109
Ethiopia,6,0,0.0
Ethiopia,6,0,6.02819280102365
Ethiopia,6,0,3.19625396923086
Ethiopia,6,0,13.013804458680466
Ethiopia,6,0,15.956980943886132
Ethiopia,6,0,18.08457840307095
Ethiopia,6,0,438.60421621095014
Ethiopia,6,0,-52.12613775002803
Ethiopia,6,0,-99.60702104750254
Ethiopia,6,0,-6.382792377554453
Ethiopia,6,0,-0.31913961887772263
Ethiopia,6,0,0.0
Ethiopia,6,0,33.68695977042628
Ethiopia,6,0,62.941424834217514
Ethiopia,6,0,22.357503300267123
Ethiopia,6,0,7.091991530616058
Ethiopia,6,0,1.7020779673478539
Ethiopia,6,0,29.396304894403563
Ethiopia,6,0,24.29007099236
Ethiopia,6,0,29.07716527552584
Ethiopia,6,0,13.652083696435913
Ethiopia,6,0,-16.93212977934584
Ethiopia,6,0,-1.5956980943886132
Ethiopia,6,0,56.57636243548961
Ethiopia,6,0,27.481467181137226
Ethiopia,6,0,3.545995765308029
Ethiopia,6,1,-2.4821970357156204
Ethiopia,6,1,23.99119358805431
Ethiopia,6,1,-30.938813052312554
Ethiopia,6,1,82.44440154341167
Ethiopia,6,1,0.0
Ethiopia,6,1,4.07546678095343
Ethiopia,6,1,-15.425081579089927
Ethiopia,6,1,0.0
Ethiopia,6,1,16.13428073215153
Ethiopia,6,1,-6.170032631635971
Ethiopia,6,1,0.0
Ethiopia,6,1,-3.0850163158179855
Ethiopia,6,1,9.893328185209402
Ethiopia,6,1,27.83606675766803
Ethiopia,6,1,2.1275974591848175
Ethiopia,6,1,-4.255194918369635
Ethiopia,6,1,5.318993647962044
Ethiopia,6,1,3.545995765308029
Ethiopia,6,1,-7.801190683677664
Ethiopia,6,1,48.9347415612508
Ethiopia,6,1,0.0
Ethiopia,6,1,3.7232955535734304
Ethiopia,6,1,0.0
Ethiopia,6,1,0.7091991530616059
Ethiopia,6,1,-17.10942956761124
Ethiopia,6,1,-1.2410985178578102
Ethiopia,6,1,0.5318993647962044
Ethiopia,6,1,0.0
Ethiopia,6,1,0.0
Ethiopia,6,1,7.091991530616058
Ethiopia,6,1,19.20156706914298
Ethiopia,6,1,19.591626603326862
Ethiopia,6,1,-2.0744075227051972
Ethiopia,6,1,8.805886598109531
Ethiopia,6,0,8.864989413270074
Ethiopia,6,0,7.091991530616058
Ethiopia,6,0,10.850747041842569
Ethiopia,6,0,7.801190683677664
Ethiopia,6,0,2.7304167392871825
Ethiopia,6,0,29.34311495792394
Ethiopia,6,0,0.0
Ethiopia,6,0,9.75148835459708
Ethiopia,6,0,3.545995765308029
Ethiopia,6,0,13.545703823476671
Ethiopia,6,0,4.787094283165839
Ethiopia,6,0,-16.84347988521314
Ethiopia,6,0,17.02077967347854
Ethiopia,6,0,13.297484119905109
Ethiopia,6,0,4.432494706635037
Ethiopia,6,0,-20.123525968123065
Ethiopia,6,0,4.432494706635037
Ethiopia,6,0,17.02077967347854
Ethiopia,6,0,1.1524486237251095
Ethiopia,6,0,4.379304770155416
Ethiopia,6,0,-28.36796612246423
Ethiopia,6,0,3.545995765308029
Ethiopia,6,0,13.297484119905109
Ethiopia,6,0,2.659496823981022
Ethiopia,6,0,3.900595341838832
Ethiopia,6,0,0.12410985178578102
Ethiopia,6,0,19.963956158684205
Ethiopia,6,0,18.705127661999853
Ethiopia,6,0,5.670436045951194
Ethiopia,6,0,59.57272885717489
Ethiopia,6,0,0.0
Ethiopia,6,0,6.02819280102365
Ethiopia,6,0,3.1913961887772264
Ethiopia,6,0,-0.17729978826540146
Ethiopia,6,0,6.8083118693914155
Ethiopia,6,0,-14.62723253189562
Ethiopia,6,0,-1.329748411990511
Ethiopia,6,1,-6.205492589289051
Ethiopia,6,1,376.7620500639781
Ethiopia,6,1,4.787094283165839
Ethiopia,6,1,14.183983061232116
Ethiopia,6,1,42.551940526480124
Ethiopia,6,1,-6.737391954085256
Ethiopia,6,1,19.857576285724964
Ethiopia,6,1,1.7138983139495567
Ethiopia,6,1,0.0
Ethiopia,6,1,70.5906467443009
Ethiopia,6,1,-52.30343753829343
Ethiopia,6,1,-97.5148835459708
Ethiopia,6,1,6.205492589289051
Ethiopia,6,1,25.328540871585343
Ethiopia,6,1,-29.25446506379124
Ethiopia,6,1,65.60092165819854
Ethiopia,6,1,56.29268277426496
Ethiopia,6,1,34.750758500018684
Ethiopia,6,1,15.956980943886132
Ethiopia,6,1,32.00261178190496
Ethiopia,6,1,13.474783908170512
Ethiopia,6,1,81.55790260208467
Ethiopia,6,1,-1.453858263776292
Ethiopia,6,1,134.7478390817051
Ethiopia,6,1,-16.524340266335415
Ethiopia,6,1,0.0
Ethiopia,6,1,-7.091991530616058
Ethiopia,6,1,12.588284966843503
Ethiopia,6,1,-12.765584755108906
Ethiopia,6,1,50.53043965563941
Ethiopia,6,1,48.7574417729854
Ethiopia,6,1,9.219588989800876
Ethiopia,6,1,19.32567692092876
Ethiopia,6,1,-24.1127712040946
Ethiopia,6,1,24.568684017789607
Ethiopia,6,1,3.545995765308029
Ethiopia,6,1,65.60092165819854
Ethiopia,6,1,60.8138273750327
Ethiopia,6,1,0.0
Ethiopia,6,1,-49.289341137781605
Ethiopia,6,1,0.0
Ethiopia,6,1,-9.574188566331678
Ethiopia,6,1,31.913961887772263
Ethiopia,6,0,8.864989413270074
Ethiopia,6,0,0.0
Ethiopia,6,0,42.853358823747534
Ethiopia,6,0,0.0
Ethiopia,6,0,12.765584755108906
Ethiopia,6,0,0.0
Ethiopia,6,0,0.0
Ethiopia,6,0,2.1275974591848175
Ethiopia,6,0,1.950297670919416
Ethiopia,6,0,0.0
Ethiopia,6,0,0.0
Ethiopia,6,0,10.637987295924088
Ethiopia,6,0,-3.2977760617364673
Ethiopia,6,0,62.67547515181941
Ethiopia,6,0,2.275266301695891
Ethiopia,6,0,4.432494706635037
Ethiopia,6,0,0.0
Ethiopia,6,0,0.0
Ethiopia,6,0,-9.64510848163784
Ethiopia,6,0,-8.155790260208468
Ethiopia,6,0,-2.7481467181137225
Ethiopia,6,0,-1.7729978826540145
Ethiopia,6,0,0.0
Ethiopia,6,0,0.0
Ethiopia,6,0,-18.740587619652935
Ethiopia,6,0,0.0
Ethiopia,6,0,10.637987295924088
Ethiopia,6,0,7.446591107146861
Ethiopia,6,0,-30.22961389925095
Ethiopia,6,0,0.0
Ethiopia,6,0,1.7729978826540145
Ethiopia,6,0,0.0
Ethiopia,6,0,3.545995765308029
Ethiopia,6,0,10.785736758761246
Ethiopia,6,0,0.0
Ethiopia,6,0,0.0
Ethiopia,6,0,0.0
Ethiopia,6,0,0.0
Ethiopia,6,0,0.3368695977042628
Ethiopia,6,0,1.4183983061232117
Ethiopia,6,0,179.5286924688383
Ethiopia,6,0,1.4183983061232117
Ethiopia,6,0,3.545995765308029
Ethiopia,6,0,0.0
Ethiopia,6,0,0.0
Ethiopia,6,0,0.0
Ethiopia,6,0,-18.971077344397955
Ethiopia,6,0,-52.65803711482423
Ethiopia,6,0,0.0
Ethiopia,6,0,-37.232955535734305
Ethiopia,6,0,0.0
Ethiopia,6,0,0.0
Ethiopia,6,0,0.0
Ethiopia,6,0,38.47405405359212
Ethiopia,6,0,0.7091991530616059
Ethiopia,6,0,-47.8709428316584
Ethiopia,6,0,-0.9928788142862481
Ethiopia,6,0,-0.602819280102365
Ethiopia,6,0,0.0
Ethiopia,6,0,5.709053182145927
Ethiopia,6,0,0.0
Ethiopia,6,0,-16.577530202815037
Ethiopia,6,0,1.9857576285724963
Ethiopia,6,0,0.35459957653080293
Ethiopia,6,0,-1.2410985178578102
Ethiopia,6,0,11.701786025516496
Ethiopia,6,0,-0.975148835459708
Ethiopia,6,0,1.22336853903127
Ethiopia,6,0,0.0
Ethiopia,6,0,0.8864989413270072
Ethiopia,6,0,3.7232955535734304
Ethiopia,6,0,0.0
Ethiopia,6,0,0.0
Ethiopia,6,0,-6.205492589289051
Ethiopia,6,0,79.07570556636905
Ethiopia,6,0,0.0
Ethiopia,6,0,0.0
Ethiopia,6,0,0.0
Ethiopia,6,1,-0.5318993647962044
Ethiopia,6,1,-2.092137501531737
Ethiopia,6,1,-3.545995765308029
Ethiopia,6,1,-1.0637987295924087
Ethiopia,6,1,6.205492589289051
Ethiopia,6,1,27.392817287004526
Ethiopia,6,1,28.722565698995037
Ethiopia,6,1,-1.0637987295924087
Ethiopia,6,1,-9.574188566331678
Ethiopia,6,1,16.333924795490812
Ethiopia,6,1,0.8864989413270072
Ethiopia,6,1,-20.921375015317373
Ethiopia,6,1,49.64394071431241
Ethiopia,6,1,-1.5070482002559125
Ethiopia,6,1,7.091991530616058
Ethiopia,6,1,-3.900595341838832
Ethiopia,6,1,14.183983061232116
Ethiopia,6,1,-5.318993647962044
Ethiopia,6,1,-22.16247353317518
Ethiopia,6,1,0.0
Ethiopia,6,1,-4.077895130104234
Ethiopia,6,1,-4.113355087757314
Ethiopia,6,1,-27.304167392871825
Ethiopia,6,1,11657.461078450146
Ethiopia,6,1,4.432494706635037
Ethiopia,6,1,40.60165151277693
Ethiopia,6,1,0.0
Ethiopia,6,1,2.4821970357156204
Ethiopia,6,1,-19.50297670919416
Ethiopia,6,1,0.0
Ethiopia,6,1,8.155790260208468
Ethiopia,6,1,0.0
Ethiopia,6,1,-2.304897247450219
Ethiopia,6,1,69.14691742350657
Ethiopia,6,1,18.08457840307095
Ethiopia,6,1,0.0
Ethiopia,6,1,-20.070336031643446
Ethiopia,6,1,2.659496823981022
Ethiopia,6,1,46.09794494900438
Ethiopia,6,1,0.0
Ethiopia,6,1,96.6283846046438
Ethiopia,6,1,2.1275974591848175
Ethiopia,6,1,8.51038983673927
Ethiopia,6,1,0.8864989413270072
Ethiopia,6,1,8.864989413270074
Ethiopia,6,1,-13.297484119905109
Ethiopia,6,1,16.311580520416936
Ethiopia,6,1,0.0
Ethiopia,6,1,21.275974591848176
Ethiopia,6,1,14.71588242602832
Ethiopia,6,1,32.44586125256847
Ethiopia,6,1,-0.8864989413270072
Ethiopia,6,1,0.0
Ethiopia,6,1,0.0
Ethiopia,6,1,-24.821970357156204
Ethiopia,6,1,-10.637987295924088
Ethiopia,6,1,20.389475650521167
Ethiopia,6,1,16.87893984286622
Ethiopia,6,1,0.4432494706635036
Ethiopia,6,1,0.0
Ethiopia,6,1,17.02077967347854
Ethiopia,6,1,0.0
Ethiopia,6,1,0.0
Ethiopia,6,1,-13.740733590568613
Ethiopia,6,1,0.0
Ethiopia,6,1,-21.275974591848176
Ethiopia,6,1,-1.7729978826540145
Ethiopia,6,1,-10.637987295924088
Ethiopia,6,1,-13.297484119905109
Ethiopia,6,1,0.0
Ethiopia,6,1,0.0
Ethiopia,6,1,11.524486237251095
Ethiopia,6,1,0.0
Ethiopia,6,1,3.1913961887772264
Ethiopia,6,1,0.0
Ethiopia,6,1,0.0
Ethiopia,6,1,0.0
Ethiopia,6,1,0.0
Ethiopia,6,1,0.0
Ethiopia,6,1,20.389475650521167
Ethiopia,6,1,-7.091991530616058
Ethiopia,6,1,0.0
Ethiopia,6,1,-27.038217710473724
Ethiopia,6,1,0.0
Ethiopia,6,1,-0.5318993647962044
Ethiopia,6,1,-16.311580520416936
Ethiopia,6,1,9.25898798083583
Ethiopia,6,1,0.0
Ethiopia,6,1,30.14096400511825
Ethiopia,6,1,-23.04897247450219
Ethiopia,6,1,10.106087931127883
Ethiopia,6,1,0.0
Ethiopia,6,1,0.0
Ethiopia,6,1,-37.055655747468904
Ethiopia,6,1,144.05607796563868
Ethiopia,6,0,-23.04897247450219
Ethiopia,6,0,0.0
Ethiopia,6,0,1374.427958633392
Ethiopia,6,0,-1.0637987295924087
Ethiopia,6,0,0.0
Ethiopia,6,0,-1.7729978826540145
Ethiopia,6,0,13.413995100150364
Ethiopia,6,0,-2.304897247450219
Ethiopia,6,0,-1.5956980943886132
Ethiopia,6,0,-36.1691568061419
Ethiopia,6,0,-6.205492589289051
Ethiopia,6,0,-43.70439780742146
Ethiopia,6,0,0.0
Ethiopia,6,0,-0.17729978826540146
Ethiopia,6,0,-1.8616477767867152
Ethiopia,6,0,5.3899135632682045
Ethiopia,6,0,0.0
Ethiopia,6,0,12.588284966843503
Ethiopia,6,0,-17.552679038274743
Ethiopia,6,0,0.0
Ethiopia,6,0,0.0
Ethiopia,6,0,-1.0637987295924087
Ethiopia,6,0,-1.7729978826540145
Ethiopia,6,0,67.37391954085255
Ethiopia,6,0,-9.130939095668175
Ethiopia,6,0,28.36796612246423
Ethiopia,6,0,0.0
Ethiopia,6,0,17.729978826540147
Ethiopia,6,0,-8.51038983673927
Ethiopia,6,0,-63.030074728350215
Ethiopia,6,0,34.04155934695708
Ethiopia,6,0,-8.864989413270074
Ethiopia,6,0,1.950297670919416
Ethiopia,6,0,-0.5318993647962044
Ethiopia,6,0,3.545995765308029
Ethiopia,6,0,0.0
Ethiopia,6,0,-16.01270311611124
Ethiopia,6,0,0.0
Ethiopia,6,0,17.729978826540147
Ethiopia,6,0,-11.258536554852993
Ethiopia,6,0,-2.2162473533175184
Ethiopia,6,0,0.0
Ethiopia,6,0,0.0
Ethiopia,6,0,-1.5956980943886132
Ethiopia,6,0,12.588284966843503
Ethiopia,6,0,31.913961887772263
Ethiopia,6,0,4.255194918369635
Ethiopia,6,0,1.950297670919416
Ethiopia,6,0,6.11684269515635
Ethiopia,6,0,-5.939542906890948
Ethiopia,6,0,23.9354714158292
Ethiopia,6,0,0.0
Ethiopia,6,0,-14.183983061232116
Ethiopia,6,0,-9.75148835459708
Ethiopia,6,0,2.056677543878657
Ethiopia,6,0,85.1038983673927
Ethiopia,6,0,0.0
Ethiopia,6,0,-132.9748411990511
Ethiopia,6,0,42.19734960716555
Ethiopia,6,0,-0.2659496823981022
Ethiopia,6,0,-35.68453666344845
Ethiopia,6,0,-19.692095761909236
Ethiopia,6,0,-0.14183983061232117
Ethiopia,6,0,0.0
Ethiopia,6,0,5.850893012758248
Ethiopia,6,0,-1.7729978826540145
Ethiopia,6,0,-11.879085813781897
Ethiopia,6,0,-24.21915107705384
Ethiopia,6,0,-4.787094283165839
Ethiopia,6,0,0.0
Ethiopia,6,0,-31.913961887772263
Ethiopia,6,0,14.095333167099415
Ethiopia,6,0,3.900595341838832
Ethiopia,6,0,12.410985178578102
Ethiopia,6,0,26.594968239810218
Ethiopia,6,0,-2.2517073109705987
Ethiopia,6,0,10.764283094806402
Ethiopia,6,0,0.2659496823981022
Ethiopia,6,0,11.524486237251095
Ethiopia,6,0,-26.594968239810218
Ethiopia,6,0,2.491912596622888
Ethiopia,6,0,0.8864989413270072
Ethiopia,6,0,0.0
Ethiopia,6,0,41.665450242369346
Ethiopia,6,0,37.232955535734305
Ethiopia,6,0,-7.091991530616058
Ethiopia,6,0,-9.219588989800876
Ethiopia,6,0,1.0637987295924087
Ethiopia,6,0,-6.205492589289051
Ethiopia,6,0,7.091991530616058
Ethiopia,6,0,-21.275974591848176
Ethiopia,6,0,36.3464565944073
Ethiopia,6,0,48.7574417729854
Ethiopia,6,0,11.879085813781897
Ethiopia,6,0,-3.0436456437880395
Ethiopia,6,0,-1.5956980943886132
Ethiopia,6,0,27.063548725144845
Ethiopia,6,0,58.33163033931708
Ethiopia,6,0,29.43176485205664
Ethiopia,6,0,-14.183983061232116
Ethiopia,6,0,-5.318993647962044
Ethiopia,6,0,0.0
Ethiopia,6,0,0.0
Ethiopia,6,0,49.289341137781605
Ethiopia,6,0,51.77153817349723
Ethiopia,6,0,-90.74203163423246
Ethiopia,6,0,-21.80787395664438
Ethiopia,6,0,-21.453274380113577
Ethiopia,6,0,28.36796612246423
Ethiopia,6,0,10.637987295924088
Ethiopia,6,0,-8.244440154341168
Ethiopia,6,0,24.821970357156204
Ethiopia,6,0,16.87893984286622
Ethiopia,6,0,17.552679038274743
Ethiopia,6,0,-2.2871672686236786
Ethiopia,6,0,0.0
Ethiopia,6,0,-18.26187819133635
Ethiopia,6,0,-1.2410985178578102
Ethiopia,6,0,-0.8864989413270072
Ethiopia,6,0,7.091991530616058
Ethiopia,6,0,0.0
Ethiopia,6,0,1.1524486237251095
Ethiopia,6,0,11.311726491332614
Ethiopia,6,0,-3.280046082909927
Ethiopia,6,0,-1.2410985178578102
Ethiopia,6,0,-6.382792377554453
Ethiopia,6,0,-6.205492589289051
Ethiopia,6,0,-9.113209116841634
Ethiopia,6,0,-21.719224062511678
Ethiopia,6,0,-3.368695977042628
Ethiopia,6,0,-11.701786025516496
Ethiopia,6,0,1.7729978826540145
Ethiopia,6,0,0.0
Ethiopia,6,0,-3.1787317635936936
Ethiopia,6,0,-11.529550708742073
Ethiopia,6,0,-5.407643542094744
Ethiopia,6,0,-2.2795683970831537
Ethiopia,6,1,0.0
Ethiopia,6,1,28.36796612246423
Ethiopia,6,1,21.683764104858597
Ethiopia,6,1,-1.329748411990511
Ethiopia,6,1,0.0
Ethiopia,6,1,1.7729978826540145
Ethiopia,6,1,15.425081579089927
Ethiopia,6,1,-7.446591107146861
Ethiopia,6,1,31.913961887772263
Ethiopia,6,1,26.594968239810218
Ethiopia,6,1,16.612990160468115
Ethiopia,6,1,5.407643542094744
Ethiopia,6,1,0.0
Ethiopia,6,1,0.0
Ethiopia,6,1,8.51038983673927
Ethiopia,6,1,-1.5956980943886132
Ethiopia,6,1,-6.205492589289051
Ethiopia,6,1,143.11638908783206
Ethiopia,6,1,34.30750902935518
Ethiopia,6,1,-5.850893012758248
Ethiopia,6,1,0.0
Ethiopia,6,1,-8.864989413270074
Ethiopia,6,1,-8.864989413270074
Ethiopia,6,1,15.141401917865284
Ethiopia,6,1,75.1160160665859
Ethiopia,6,1,10.567067380617926
Ethiopia,6,1,-11.390905390916371
Ethiopia,6,1,-1.0637987295924087
Ethiopia,6,1,-1.1144553481745114
Ethiopia,6,1,35.459957653080295
Ethiopia,6,1,8.42173994260657
Ethiopia,6,1,-3.545995765308029
Ethiopia,6,1,1.2410985178578102
Ethiopia,6,1,-85.1038983673927
Ethiopia,6,1,1.329748411990511
Ethiopia,6,1,-19.148377132663356
Ethiopia,6,1,0.0
Ethiopia,6,1,3.4573458711753284
Ethiopia,6,1,0.0
Ethiopia,6,1,-30.14096400511825
Ethiopia,6,1,-2.3340423069439806
Ethiopia,6,1,0.0
Ethiopia,6,1,-7.801190683677664
Ethiopia,6,1,4.255194918369635
Ethiopia,6,1,-16.896669821692758
Ethiopia,6,1,0.0
Ethiopia,6,1,1.004698619811937
Ethiopia,6,1,-7.091991530616058
Ethiopia,6,1,-5.673593224492847
Ethiopia,6,1,33.332360193895475
Ethiopia,6,1,-7.446591107146861
Ethiopia,6,1,0.8864989413270072
Ethiopia,6,1,-7.091991530616058
Ethiopia,6,1,-1.7729978826540145
Ethiopia,6,1,0.47279871393971856
Ethiopia,6,1,21.275974591848176
Ethiopia,6,1,6.524632208166774
Ethiopia,6,1,8.864989413270074
Ethiopia,6,1,184.39177979601752
Ethiopia,6,1,8.59903973087197
Ethiopia,6,1,0.8155790260208468
Ethiopia,6,1,-31.470712417108757
Ethiopia,6,1,-92.19588989800876
Ethiopia,6,1,-4.077895130104234
Ethiopia,6,1,26.594968239810218
Ethiopia,6,1,54.60833478574365
Ethiopia,6,1,14.183983061232116
Ethiopia,6,1,-5.070773944390481
Ethiopia,6,1,0.35459957653080293
Ethiopia,6,1,-39.679692613796846
Ethiopia,6,1,-29.25446506379124
Ethiopia,6,1,-3.1913961887772264
Ethiopia,6,1,-19.29021696327568
Ethiopia,6,1,-17.818628720672848
Ethiopia,6,1,-5.177153817349723
Ethiopia,6,1,-0.21275974591848174
Ethiopia,6,1,24.556020674758102
Ethiopia,6,1,30.938813052312554
Ethiopia,6,1,42.55194918369635
Ethiopia,6,1,73.756711918407
Ethiopia,6,1,26.594968239810218
Ethiopia,6,1,191.4837713266336
Ethiopia,6,1,-20.74407522705197
Ethiopia,6,1,-1.7729978826540145
Ethiopia,6,1,-1.7729978826540145
Ethiopia,6,1,107.39048175235367
Ethiopia,6,1,7.26929131888146
Ethiopia,6,1,0.0
Ethiopia,6,1,-1.7729978826540145
Ethiopia,6,1,3.1913961887772264
Ethiopia,6,1,-8.333090048473869
Ethiopia,6,1,19.857576285724964
Ethiopia,6,1,7.889840577810365
Ethiopia,6,1,0.0
Ethiopia,6,1,21.275974591848176
Ethiopia,6,1,-211.51864740062393
Ethiopia,6,1,-46.29224750993351
Ethiopia,6,1,35.459957653080295
Ethiopia,6,1,34.43161888114096
Ethiopia,6,1,-5.318993647962044
Ethiopia,6,1,70.91991530616059
Ethiopia,6,1,63.82792377554453
Ethiopia,6,1,12.765584755108906
Ethiopia,6,1,0.0
Ethiopia,6,1,22.587993025012146
Ethiopia,6,1,-10.637987295924088
Ethiopia,6,1,-12.942884543374307
Ethiopia,6,1,0.0
Ethiopia,6,1,0.0
Ethiopia,6,1,276.4103699057609
Ethiopia,6,1,1870.5127661999854
Ethiopia,6,1,24.821970357156204
Ethiopia,6,1,189.44482376158146
Ethiopia,6,1,332.04451555630646
Ethiopia,6,1,-7.091991530616058
Ethiopia,6,1,191.31376091442868
Ethiopia,6,1,21.216876105295746
Ethiopia,6,0,-2.612216519726239
Ethiopia,6,1,0.0
Ethiopia,6,1,42.55194918369635
Ethiopia,6,1,28.01336654593343
Ethiopia,6,1,96.0964852398476
Ethiopia,6,1,-28.36796612246423
Ethiopia,6,1,135.4570382347667
Ethiopia,6,1,0.0
Ethiopia,6,1,-56.768483377930316
Ethiopia,6,1,0.0
Ethiopia,6,1,23.9354714158292
Ethiopia,6,1,0.0
Ethiopia,6,1,36.6124062768054
Ethiopia,6,1,0.0
Ethiopia,6,1,585.0893012758248
Ethiopia,6,1,56.02673309186686
Ethiopia,6,1,0.0
Ethiopia,6,1,-4.305852078027752
Ethiopia,6,1,0.0
Ethiopia,6,1,-0.2659496823981022
Ethiopia,6,1,852.1027824035194
Ethiopia,6,1,0.0
Ethiopia,6,1,-163.595484240703
Ethiopia,6,1,574.1853642975026
Ethiopia,6,1,23.04897247450219
Ethiopia,6,1,-0.6560092165819854
Ethiopia,6,1,-14.875452235467183
Ethiopia,6,1,-84.9265985791273
Ethiopia,6,1,-31.913961887772263
Ethiopia,6,1,10.637987295924088
Ethiopia,6,1,0.0
Ethiopia,6,1,-5.318993647962044
Ethiopia,6,1,23.04897247450219
Ethiopia,6,1,-1.1524486237251095
Ethiopia,6,1,74.41272113498898
Ethiopia,6,1,12.410985178578102
Ethiopia,6,1,21.275974591848176
Ethiopia,6,1,13.789983411514333
Ethiopia,6,1,-10.106087931127883
Ethiopia,6,1,-0.5440431395852717
Ethiopia,6,1,9.520998629852059
Ethiopia,6,1,-13.066994395160087
Ethiopia,6,1,19.41432681506146
Ethiopia,6,1,19.968328052877272
Ethiopia,6,1,46.984443890331384
Ethiopia,6,1,-1.1701786025516496
Ethiopia,6,1,56.25722281661188
Ethiopia,6,1,-12.410985178578102
Ethiopia,6,1,51.239638808701024
Ethiopia,6,1,0.0
Ethiopia,6,1,109.24200058615843
Ethiopia,6,1,29.07716527552584
Ethiopia,6,1,22.16247353317518
Ethiopia,6,1,12.854234649241606
Ethiopia,6,1,7.978490471943066
Ethiopia,6,1,78.89840577810365
Ethiopia,6,1,46.09794494900438
Ethiopia,6,1,-0.5318993647962044
Ethiopia,6,1,-4.87574417729854
Ethiopia,6,1,-1.0637987295924087
Ethiopia,6,1,64.71442271687154
Ethiopia,6,0,69.50151700003737
Ethiopia,6,0,0.0
Ethiopia,6,0,0.0
Ethiopia,6,0,48.9347415612508
Ethiopia,6,0,36.3464565944073
Ethiopia,6,0,14.183983061232116
Ethiopia,6,0,10.99258687245489
Ethiopia,6,0,-0.35459957653080293
Ethiopia,6,0,35.459957653080295
Ethiopia,6,0,53.189936479620435
Ethiopia,6,0,0.0
Ethiopia,6,0,-1.2410985178578102
Ethiopia,6,0,-21.275974591848176
Ethiopia,6,0,10.637987295924088
Ethiopia,6,0,17.19807946174394
Ethiopia,6,0,55.84943330360146
Ethiopia,6,0,49.112041349516204
Ethiopia,6,0,9.75148835459708
Ethiopia,6,0,38.47405405359212
Ethiopia,6,0,34.21885913522248
Ethiopia,6,0,42.55194918369635
Ethiopia,6,0,-1.7729978826540145
Ethiopia,6,0,-9.219588989800876
Ethiopia,6,0,5.496293436227445
Ethiopia,6,0,152.47781790824524
Ethiopia,6,0,11.524486237251095
Ethiopia,6,0,115.06756258424555
Ethiopia,6,0,37.232955535734305
Ethiopia,6,0,0.0
Ethiopia,6,0,180.5924911984307
Ethiopia,6,0,-50.70773944390481
Ethiopia,6,0,-17.729978826540147
Ethiopia,6,0,12.410985178578102
Ethiopia,6,0,28.36796612246423
Ethiopia,6,0,21.275974591848176
Ethiopia,6,0,-0.4432494706635036
Ethiopia,6,0,-86.2859027273062
Ethiopia,6,0,12.410985178578102
Ethiopia,6,0,-9.75148835459708
Ethiopia,6,0,1485.240326299268
Ethiopia,6,0,27.83606675766803
Ethiopia,6,0,34.57345871175328
Ethiopia,6,0,33.68695977042628
Ethiopia,6,0,25.708469298483212
Ethiopia,6,0,64.71442271687154
Ethiopia,6,0,23.04897247450219
Ethiopia,6,0,-2.801336654593343
Ethiopia,6,0,8.918179349749693
Ethiopia,6,0,3.6169156806141896
Ethiopia,6,0,5.673593224492847
Ethiopia,6,0,43.438448125023356
Ethiopia,6,0,15.956980943886132
Ethiopia,6,0,149.81832108426423
Ethiopia,6,0,2.1843333373221445
Ethiopia,6,0,-11.879085813781897
Ethiopia,6,0,105.49337401791387
Ethiopia,6,0,270.5594768930026
Ethiopia,6,0,79.78490471943066
Ethiopia,6,0,0.0
Ethiopia,6,0,60.2819280102365
Ethiopia,6,0,-59.77795682497858
Ethiopia,6,0,17.729978826540147
Ethiopia,6,0,21.275974591848176
Ethiopia,6,0,2.659496823981022
Ethiopia,6,0,0.0
Ethiopia,6,0,18.08457840307095
Ethiopia,6,0,50.53043965563941
Ethiopia,6,0,58.50893012758248
Ethiopia,6,0,0.0
Ethiopia,6,0,68.79231784697576
Ethiopia,6,0,1.5956980943886132
Ethiopia,6,0,-16.84347988521314
Ethiopia,6,0,9.75148835459708
Ethiopia,6,0,1.0637987295924087
Ethiopia,6,0,-48.4028421964546
Ethiopia,6,0,2.44673707806254
Ethiopia,6,0,12.765584755108906
Ethiopia,6,0,-25.708469298483212
Ethiopia,6,0,42.55194918369635
Ethiopia,6,0,37.232955535734305
Ethiopia,6,0,26.594968239810218
Ethiopia,6,0,78.72110598983825
Ethiopia,6,0,21.098674803582774
Ethiopia,6,0,10.99258687245489
Ethiopia,6,0,116.84056046689956
Ethiopia,6,0,12.588284966843503
Ethiopia,6,0,89.53639307402774
Ethiopia,6,0,23.04897247450219
Ethiopia,6,0,-19.680276497459563
Ethiopia,6,0,36.5237563826727
Ethiopia,6,0,8.687689625004671
Ethiopia,6,0,24.821970357156204
Ethiopia,6,0,6.205492589289051
Ethiopia,6,0,30.22961389925095
Ethiopia,6,0,-36.3464565944073
Ethiopia,6,0,10.637987295924088
Ethiopia,6,0,10.637987295924088
Ethiopia,6,0,-20.67315531174581
Ethiopia,6,0,11.825895877302278
Ethiopia,6,0,93.55356648953756
Ethiopia,6,0,50.53043965563941
Ethiopia,6,0,-90.24559222708935
Ethiopia,6,0,33.155060405630074
Ethiopia,6,0,-34.21885913522248
Ethiopia,6,0,-23.9354714158292
Ethiopia,6,0,0.8864989413270072
Ethiopia,6,0,-170.3850965230508
Ethiopia,6,0,0.0
Ethiopia,6,0,28.36796612246423
Ethiopia,6,0,658.5927376763855
Ethiopia,6,0,0.0
Ethiopia,6,0,33.568758468713305
Ethiopia,6,0,9.485538672198977
Ethiopia,6,0,-58.68622991584788
Ethiopia,6,0,-8.900449370923154
Ethiopia,6,0,13.716689254658768
Ethiopia,6,0,854.3824005795958
Ethiopia,6,0,0.0
Ethiopia,6,0,425.5194918369635
Ethiopia,6,0,25.74646149188178
Ethiopia,6,0,7.836650641330745
Ethiopia,6,0,95.56458587505139
Ethiopia,6,0,-29.25446506379124
Ethiopia,6,0,43.97034748981956
Ethiopia,6,0,5.673593224492847
Ethiopia,6,0,0.0
Ethiopia,6,1,21.275974591848176
Ethiopia,6,1,-35.459957653080295
Ethiopia,6,1,7.3224812553610805
Ethiopia,6,1,21.21404086698242
Ethiopia,6,1,0.35459957653080293
Ethiopia,6,1,19.50297670919416
Ethiopia,6,1,18.08457840307095
Ethiopia,6,1,15.088211981385664
Ethiopia,6,1,-184.65772947841563
Ethiopia,6,1,12.2336853903127
Ethiopia,6,1,-9.484326661927632
Ethiopia,6,1,-234.25523288490305
Ethiopia,6,1,65.26405206049428
Ethiopia,6,1,4.042435172451153
Ethiopia,6,1,0.0
Ethiopia,6,1,1.7729978826540145
Ethiopia,6,1,-6.737391954085256
Ethiopia,6,1,6.914691742350657
Ethiopia,6,1,-8.864989413270074
Ethiopia,6,1,0.0
Ethiopia,6,1,7.091991530616058
Ethiopia,6,1,5.673593224492847
Ethiopia,6,1,11.134426703067211
Ethiopia,6,1,3.545995765308029
Ethiopia,6,1,-0.9042289201535474
Ethiopia,6,1,3.63464565944073
Ethiopia,6,1,20.921375015317373
Ethiopia,6,1,19.23702702679606
Ethiopia,6,1,24.4673707806254
Ethiopia,6,1,19.857576285724964
Ethiopia,6,1,79.78490471943066
Ethiopia,6,1,-3.9715152571449925
Ethiopia,6,1,-0.5318993647962044
Ethiopia,6,1,-16.488880308682337
Ethiopia,6,1,6.205492589289051
Ethiopia,6,1,-27.629215561822356
Ethiopia,6,1,77.65730726024584
Ethiopia,6,1,26.594968239810218
Ethiopia,6,1,-2.2162473533175184
Ethiopia,6,1,3.989245235971533
Ethiopia,6,1,-55.32360264737821
Ethiopia,6,1,4.432494706635037
Ethiopia,6,1,-2.9970947100001197
Ethiopia,6,1,7.091991530616058
Ethiopia,6,1,0.7091991530616059
Ethiopia,6,1,17.375379250009342
Ethiopia,6,1,4.609794494900438
Ethiopia,6,1,22.07382363904248
Ethiopia,6,1,-37.232955535734305
Ethiopia,6,1,-17.19807946174394
Ethiopia,6,1,-15.070482002559125
Ethiopia,6,1,-3.545995765308029
Ethiopia,6,1,-9.75148835459708
Ethiopia,6,1,-0.17729978826540146
Ethiopia,6,1,-8.155790260208468
Ethiopia,6,1,-8.864989413270074
Ethiopia,6,1,-43.438448125023356
Ethiopia,6,1,35.459957653080295
Ethiopia,6,1,102.83387719393285
Ethiopia,6,1,21.275974591848176
Ethiopia,6,1,74.46591107146861
Ethiopia,6,1,5.318993647962044
Ethiopia,6,1,0.0
Ethiopia,6,1,12.2336853903127
Ethiopia,6,1,0.0
Ethiopia,6,1,-22.517073109705986
Ethiopia,6,1,-52.48073732655883
Ethiopia,6,1,5.318993647962044
Ethiopia,6,1,26.594968239810218
Ethiopia,6,1,-1.7375379250009342
Ethiopia,6,1,-11.205346618373373
Ethiopia,6,1,4.450224685461577
Ethiopia,6,1,18.793777556132554
Ethiopia,6,1,13.704545344600698
Ethiopia,6,1,42.81789886609445
Ethiopia,6,1,9.75148835459708
Ethiopia,6,1,46.09794494900438
Ethiopia,6,1,0.8864989413270072
Ethiopia,6,1,-14.804532320161021
Ethiopia,6,1,29.689215312426935
Ethiopia,6,1,-0.31913961887772263
Ethiopia,6,1,0.0
Ethiopia,6,1,7.682991005192735
Ethiopia,6,1,20.389475650521167
Ethiopia,6,1,-8.59903973087197
Ethiopia,6,1,-46.0624849913513
Ethiopia,6,0,-0.4432494706635036
Ethiopia,6,0,2.038947565052117
Ethiopia,6,0,16.9143998005193
Ethiopia,6,0,7.091991530616058
Ethiopia,6,0,6.435982314034073
Ethiopia,6,0,11.524486237251095
Ethiopia,6,0,-0.28367966122464233
Ethiopia,6,0,21.67890740655699
Ethiopia,6,0,-17.694518868887066
Ethiopia,6,0,41.48815045410394
Ethiopia,6,0,5.850893012758248
Ethiopia,6,0,7.801190683677664
Ethiopia,6,0,3.1027462946445254
Ethiopia,6,0,15.400793758973785
Ethiopia,6,0,25.708469298483212
Ethiopia,6,0,2.659496823981022
Ethiopia,6,0,4.077895130104234
Ethiopia,6,0,-78.20693660386858
Ethiopia,6,0,7.091991530616058
Ethiopia,6,0,7.091991530616058
Ethiopia,6,1,11.9677357079146
Ethiopia,6,1,-24.821970357156204
Ethiopia,6,1,-1.5070482002559125
Ethiopia,6,1,63.650623987279126
Ethiopia,6,1,5.318993647962044
Ethiopia,6,1,5.850893012758248
Ethiopia,6,1,1.577968115562073
Ethiopia,6,1,6.914691742350657
Ethiopia,6,1,-3.900595341838832
Ethiopia,6,1,7.091991530616058
Ethiopia,6,1,-11.279909057405737
Ethiopia,6,1,15.956980943886132
Ethiopia,6,1,0.0
Ethiopia,6,1,11.169886660720293
Ethiopia,6,1,12.588284966843503
Ethiopia,6,1,30.672863369914452
Ethiopia,6,1,-50.14038012145553
Ethiopia,6,1,-8.067140366075765
Ethiopia,6,1,1.7729978826540145
Ethiopia,6,1,27.76514684236187
Ethiopia,6,1,14.183983061232116
Ethiopia,6,1,8.864989413270074
Ethiopia,6,1,18.15352880168617
Ethiopia,6,1,17.464029144142042
Ethiopia,6,1,13.52797384465013
Ethiopia,6,0,8.864989413270074
Ethiopia,6,0,0.0
Ethiopia,6,0,0.0
Ethiopia,6,0,2.8367966122464234
Ethiopia,6,0,-7.801190683677664
Ethiopia,6,0,0.5318993647962044
Ethiopia,6,0,83.41955037887139
Ethiopia,6,0,28.297046207158072
Ethiopia,6,0,0.0
Ethiopia,6,0,0.0
Ethiopia,6,0,-10.637987295924088
Ethiopia,6,0,-0.10637987295924087
Ethiopia,6,0,-0.6382792377554453
Ethiopia,6,0,-3.155936231124146
Ethiopia,6,0,0.0
Ethiopia,6,0,0.0
Ethiopia,6,1,-1.8616477767867152
Ethiopia,6,1,-0.8864989413270072
Ethiopia,6,1,8.120330302555386
Ethiopia,6,1,52.906256818395796
Ethiopia,6,1,37.42798530282625
Ethiopia,6,1,17.81012733434098
Ethiopia,6,1,2.3935471415829195
Ethiopia,6,1,0.0
Ethiopia,6,1,30.31826379338365
Ethiopia,6,1,-0.5850893012758248
Ethiopia,6,1,2.629946498552779
Ethiopia,6,1,4.787094283165839
Ethiopia,6,1,5.053043965563941
Ethiopia,6,1,-264.1234945789686
Ethiopia,6,1,6.205492589289051
Ethiopia,6,1,-0.9481895877934766
Ethiopia,6,1,0.35459957653080293
Ethiopia,6,1,5.318993647962044
Ethiopia,6,1,1.7729978826540145
Ethiopia,6,1,6.205492589289051
Ethiopia,6,1,3.014096400511825
Ethiopia,6,1,29.148085190832
Ethiopia,6,1,0.0
Ethiopia,6,1,10.318847677046366
Ethiopia,6,1,52.30343753829343
Ethiopia,6,1,86.09677718167895
Ethiopia,6,1,13.120184331639708
Ethiopia,6,1,6.560092165819854
Ethiopia,6,1,-77.40179818061375
Ethiopia,6,1,-38.03080458292861
Ethiopia,6,1,7.446591107146861
Ethiopia,6,1,0.8864989413270072
Ethiopia,6,1,-12.694664839802744
Ethiopia,6,1,-3.0850163158179855
Ethiopia,6,1,-4.432494706635037
Ethiopia,6,1,3.545995765308029
Ethiopia,6,1,6.772851911738336
Ethiopia,6,1,0.08864989413270073
Ethiopia,6,1,4.432494706635037
Ethiopia,6,1,8.794069497963912
Ethiopia,6,1,5.318993647962044
Ethiopia,6,1,2.1275974591848175
Ethiopia,6,1,34.006099389304
Ethiopia,6,1,1.4183983061232117
Ethiopia,6,1,24.29007099236
Ethiopia,6,1,68.26041848217956
Ethiopia,6,1,1.4183983061232117
Ethiopia,6,1,3.900595341838832
Ethiopia,6,1,46.984443890331384
Ethiopia,6,0,10.90393697832219
Ethiopia,6,0,13.563433802303212
Ethiopia,6,0,15.956980943886132
Ethiopia,6,0,16.666180096947738
Ethiopia,6,0,-0.35459957653080293
Ethiopia,6,0,18.27960817016289
Ethiopia,6,0,-2.41127712040946
Ethiopia,6,0,22.25112342730788
Ethiopia,6,0,-13.297484119905109
Ethiopia,6,0,19.680276497459563
Ethiopia,6,0,11.347186448985694
Ethiopia,6,0,13.918033378834014
Ethiopia,6,0,-7.091991530616058
Ethiopia,6,0,-1.5425081579089928
Ethiopia,6,0,-5.141693859696642
Ethiopia,6,0,0.0
Ethiopia,6,0,210.98674803582773
Ethiopia,6,0,17.28672935587664
Ethiopia,6,0,15.77968115562073
Ethiopia,6,0,17.375379250009342
Ethiopia,6,0,18.40371802194867
Ethiopia,6,0,8.864989413270074
Ethiopia,6,0,5.318993647962044
Ethiopia,6,0,3.84351939742671
Ethiopia,6,0,-4.467954664288117
Ethiopia,6,0,7.446591107146861
Ethiopia,6,0,-6.596280411787769
Ethiopia,6,0,-0.35459957653080293
Ethiopia,6,0,-1.1701786025516496
Ethiopia,6,0,6.010462822197109
Ethiopia,6,0,3.8440052836872765
Ethiopia,6,0,-5.567698155642144
Ethiopia,6,0,4.255194918369635
Ethiopia,6,0,4.509486576970232
Ethiopia,6,0,4.024705193624613
Ethiopia,6,0,28.438886037770395
Ethiopia,6,0,3.6701056170938102
Ethiopia,6,0,11.258536554852993
Ethiopia,6,0,53.20766645844698
Ethiopia,6,0,6.598952245144869
Ethiopia,6,0,23.04897247450219
Ethiopia,6,0,54.07643542094745
Ethiopia,6,0,12.410985178578102
Ethiopia,6,0,8.652229667351591
Ethiopia,6,0,43.18464451698738
Ethiopia,6,0,18.882427450265254
Ethiopia,6,0,-35.42449769542721
Ethiopia,6,0,0.4432494706635036
Ethiopia,6,0,15.97471092271267
Ethiopia,6,0,-27.85970528656738
Ethiopia,6,0,62.40952546942131
Ethiopia,6,0,19.50297670919416
Ethiopia,6,0,7.860290252382122
Ethiopia,6,0,54.60833478574365
Ethiopia,6,0,22.694372897971387
Ethiopia,6,0,13.297484119905109
Ethiopia,6,0,30.49556358164905
Ethiopia,6,0,10.283387719393284
Ethiopia,6,0,78.89840577810365
Ethiopia,6,0,26.77226802807562
Ethiopia,6,0,3.900595341838832
Ethiopia,6,0,29.25446506379124
Ethiopia,6,0,-24.733320463023503
Ethiopia,6,0,18.35052808546905
Ethiopia,6,0,-28.970785402566598
Ethiopia,6,0,-5.496293436227445
Ethiopia,6,0,-20.212175862255766
Ethiopia,6,0,6.205492589289051
Ethiopia,6,0,7.801190683677664
Ethiopia,6,0,6.205492589289051
Ethiopia,6,0,3.366267627891825
Ethiopia,6,0,1.4715882426028322
Ethiopia,6,0,8.067140366075765
Ethiopia,6,0,17.729978826540147
Ethiopia,6,0,42.55194918369635
Ethiopia,6,0,47.8709428316584
Ethiopia,6,0,-18.616477767867153
Ethiopia,6,0,-6.560092165819854
Ethiopia,6,0,334.91930003334335
Ethiopia,6,0,42.90654876022715
Ethiopia,6,0,-5.053043965563941
Ethiopia,6,0,31.55936231124146
Ethiopia,6,0,31.913961887772263
Ethiopia,6,0,30.57357375704258
Ethiopia,6,0,29.875014322720144
Ethiopia,6,0,0.0
Ethiopia,6,0,-2.2162473533175184
Ethiopia,6,0,-10.637987295924088
Ethiopia,6,0,16.382500435723095
Ethiopia,6,0,59.218129280644085
Ethiopia,6,0,4.964394071431241
Ethiopia,6,0,4.698444389033138
Ethiopia,6,0,7.091991530616058
Ethiopia,6,0,17.729978826540147
Ethiopia,6,0,43.438448125023356
Ethiopia,6,0,6.205492589289051
Ethiopia,6,0,-14.183983061232116
Ethiopia,6,0,13.120184331639708
Ethiopia,6,0,2.9431764852056643
Ethiopia,6,1,-35.459957653080295
Ethiopia,6,1,12.0563856020473
Ethiopia,6,1,44.85684643114657
Ethiopia,6,1,10.283387719393284
Ethiopia,6,1,37.76485490053051
Ethiopia,6,1,-11.701786025516496
Ethiopia,6,1,0.0
Ethiopia,6,1,0.0
Ethiopia,6,1,15.070482002559125
Ethiopia,6,1,8.51038983673927
Ethiopia,6,1,14.485392701283299
Ethiopia,6,1,13.829383484701314
Ethiopia,6,1,14.183983061232116
Ethiopia,6,1,51.06233902043562
Ethiopia,6,1,-5.318993647962044
Ethiopia,6,1,0.17729978826540146
Ethiopia,6,1,10.637987295924088
Ethiopia,6,1,69.14691742350657
Ethiopia,6,1,110.65279785643705
Ethiopia,6,1,74.83824062682595
Ethiopia,6,1,6.205492589289051
Ethiopia,6,1,8.42173994260657
Ethiopia,6,1,15.956980943886132
Ethiopia,6,1,7.623890895412263
Ethiopia,6,1,1.4183983061232117
Ethiopia,6,1,7.978490471943066
Ethiopia,6,1,18.793777556132554
Ethiopia,6,1,16.577530202815037
Ethiopia,6,1,3.545995765308029
Ethiopia,6,1,6.772851911738336
Ethiopia,6,1,21.94084879784343
Ethiopia,6,1,24.43191082297232
Ethiopia,6,1,17.729978826540147
Ethiopia,6,1,14.183983061232116
Ethiopia,6,1,1.0637987295924087
Ethiopia,6,1,19.09912622956561
Ethiopia,6,1,35.28265786481489
Ethiopia,6,1,46.09794494900438
Ethiopia,6,1,-1.3730886007113932
Ethiopia,6,1,2.7481467181137225
Ethiopia,6,1,13.297484119905109
Ethiopia,6,1,-0.4077895130104234
Ethiopia,6,1,58.33163033931708
Ethiopia,6,1,3.545995765308029
Ethiopia,6,1,30.49556358164905
Ethiopia,6,1,-5.053043965563941
Ethiopia,6,1,-13.953493336487094
Ethiopia,6,1,28.616185826035796
Ethiopia,6,1,7.836650641330745
Ethiopia,6,1,91.30939095668175
Ethiopia,6,1,3.262316104083387
Ethiopia,6,1,0.0
Ethiopia,6,1,4.964394071431241
Ethiopia,6,1,41.665450242369346
Ethiopia,6,1,3.63464565944073
Ethiopia,6,1,10.99258687245489
Ethiopia,6,1,-4.110197909215661
Ethiopia,6,1,10.637987295924088
Ethiopia,6,1,-0.15956980943886132
Ethiopia,6,1,-163.82500435723094
Ethiopia,6,1,-2.1275974591848175
Ethiopia,6,1,0.0
Ethiopia,6,1,61.487566570441224
Ethiopia,6,1,56.310412753091505
Ethiopia,6,1,16.666180096947738
Ethiopia,6,1,82.08980196688087
Ethiopia,6,1,6.737391954085256
Ethiopia,6,1,17.552679038274743
Ethiopia,6,1,0.0
Ethiopia,6,1,-4.999854029084321
Ethiopia,6,1,-1.2410985178578102
Ethiopia,6,1,-2.659496823981022
Ethiopia,6,1,9.042289201535475
Ethiopia,6,1,1.1524486237251095
Ethiopia,6,1,-19.73346643393918
Ethiopia,6,1,11.524486237251095
Ethiopia,6,1,-23.40357205103299
Ethiopia,6,1,14.893182214293722
Ethiopia,6,1,0.0
Ethiopia,6,1,-0.9574188566331678
Ethiopia,6,1,0.0
Ethiopia,6,1,-5.850893012758248
Ethiopia,6,0,7.091991530616058
Ethiopia,6,0,15.956980943886132
Ethiopia,6,0,80.31680408422686
Ethiopia,6,0,16.94985975817238
Ethiopia,6,0,0.0
Ethiopia,6,0,207.352102376387
Ethiopia,6,0,0.0
Ethiopia,6,0,44.18359203984658
Ethiopia,6,0,11.737731869430142
Ethiopia,6,0,-5.850893012758248
Ethiopia,6,0,11.839684658442888
Ethiopia,6,0,17.375379250009342
Ethiopia,6,0,-289.88515381393137
Ethiopia,6,0,-4.696258441936605
Ethiopia,6,0,12.765584755108906
Ethiopia,6,0,61.345726739828905
Ethiopia,6,0,10.756186433333003
Ethiopia,6,0,6.02819280102365
Ethiopia,6,0,36.70358840668359
Ethiopia,6,0,10.637987295924088
Ethiopia,6,0,10.637987295924088
Ethiopia,6,0,4.521144600767737
Ethiopia,6,0,-13.971547960922031
Ethiopia,6,0,16.13428073215153
Ethiopia,6,0,11.169886660720293
Ethiopia,6,0,26.594968239810218
Ethiopia,6,0,27.215517498739125
Ethiopia,6,0,0.0
Ethiopia,6,0,14.183983061232116
Ethiopia,6,0,3.368695977042628
Ethiopia,6,0,6.737391954085256
Ethiopia,6,0,7.091991530616058
Ethiopia,6,0,0.0
Ethiopia,6,0,-7.26929131888146
Ethiopia,6,0,10.815287084189489
Ethiopia,6,0,8.51038983673927
Ethiopia,6,0,58.61531000054172
Ethiopia,6,0,3.545995765308029
Ethiopia,6,0,-0.49643940714312407
Ethiopia,6,0,20.921375015317373
Ethiopia,6,0,2.322627226276759
Ethiopia,6,0,3.545995765308029
Ethiopia,6,0,7.091991530616058
Ethiopia,6,0,16.612990160468115
Ethiopia,6,0,43.8994275745134
Ethiopia,6,0,11.506756258424554
Ethiopia,6,0,-19.50297670919416
Ethiopia,6,0,10.637987295924088
Ethiopia,6,0,-5.673593224492847
Ethiopia,6,0,-9.485538672198977
Ethiopia,6,0,1.7729978826540145
Ethiopia,6,0,7.966671207493391
Ethiopia,6,0,0.6205492589289051
Ethiopia,6,0,32.658620998486946
Ethiopia,6,1,33.68695977042628
Ethiopia,6,1,0.0
Ethiopia,6,1,26.594968239810218
Ethiopia,6,1,1.7729978826540145
Ethiopia,6,1,35.459957653080295
Ethiopia,6,1,40.42435172451153
Ethiopia,6,1,7.091991530616058
Ethiopia,6,1,17.818628720672848
Ethiopia,6,1,15.655571303834948
Ethiopia,6,1,-1.3829383484701314
Ethiopia,6,1,11.754975961996116
Ethiopia,6,1,16.84347988521314
Ethiopia,6,1,56.73593224492846
Ethiopia,6,1,17.729978826540147
Ethiopia,6,1,15.247781790824526
Ethiopia,6,1,-17.729978826540147
Ethiopia,6,1,-1.3652083696435913
Ethiopia,6,1,3.368695977042628
Ethiopia,6,1,0.0
Ethiopia,6,1,0.8864989413270072
Ethiopia,6,1,31.913961887772263
Ethiopia,6,1,-21.222784655368553
Ethiopia,6,1,35.690447377825315
Ethiopia,6,1,-13.120184331639708
Ethiopia,6,1,-10.637987295924088
Ethiopia,6,1,7.818920662504205
Ethiopia,6,1,-2.9786364428587446
Ethiopia,6,1,0.0
Ethiopia,6,1,16.13428073215153
Ethiopia,6,1,13.297484119905109
Ethiopia,6,1,47.8709428316584
Ethiopia,6,1,8.918179349749693
Ethiopia,6,1,-11.381432232063371
Ethiopia,6,1,-14.343552870670978
Ethiopia,6,1,0.42551949183696347
Ethiopia,6,1,-1.0283387719393284
Ethiopia,6,1,5.318993647962044
Ethiopia,6,1,-1.4183983061232117
Ethiopia,6,1,4.077895130104234
Ethiopia,6,1,26.86091792220832
Ethiopia,6,1,14.6626924895487
Ethiopia,6,1,-1.7729978826540145
Ethiopia,6,1,23.22627226276759
Ethiopia,6,1,11.169886660720293
Ethiopia,6,1,29.07716527552584
Ethiopia,6,1,103.98632581765796
Ethiopia,6,1,9.219588989800876
Ethiopia,6,1,31.577092290068
Ethiopia,6,1,3.989245235971533
Ethiopia,6,1,-2.659496823981022
Ethiopia,6,1,4.87574417729854
Ethiopia,6,1,0.0
Ethiopia,6,1,-1.7729978826540145
Ethiopia,6,1,2.429007099236
Ethiopia,6,1,5.549483372707066
Ethiopia,6,1,8.067140366075765
Ethiopia,6,1,0.8864989413270072
Ethiopia,6,1,1.5956980943886132
Ethiopia,6,1,-2.8367966122464234
Ethiopia,6,1,8.51038983673927
Ethiopia,6,1,30.21188392042441
Ethiopia,6,1,14.981832108426422
Ethiopia,6,1,-1.1701786025516496
Ethiopia,6,1,5.673593224492847
Ethiopia,6,1,20.034876073990365
Ethiopia,6,1,65.15767218753504
Ethiopia,6,1,16.524340266335415
Ethiopia,6,1,-7.978490471943066
Ethiopia,6,1,4.609794494900438
Ethiopia,6,1,-1.300198627638282
Ethiopia,6,1,4.796944030924577
Ethiopia,6,1,13.120184331639708
Ethiopia,6,1,0.0
Ethiopia,6,1,-2.304897247450219
Ethiopia,6,1,3.545995765308029
Ethiopia,6,1,0.0
Ethiopia,6,1,10.637987295924088
Ethiopia,6,1,14.183983061232116
Ethiopia,6,1,3.545995765308029
Ethiopia,6,1,10.815287084189489
Ethiopia,6,1,9.60964852398476
Ethiopia,6,1,10.106087931127883
Ethiopia,6,1,49.377991031914306
Ethiopia,6,1,18.616477767867153
Ethiopia,6,1,18.793777556132554
Ethiopia,6,1,9.255048947453956
Ethiopia,6,1,-3.545995765308029
Ethiopia,6,1,-9.396888778066277
Ethiopia,6,0,21.098674803582774
Ethiopia,6,0,8.297630090820789
Ethiopia,6,0,5.957272885717489
Ethiopia,6,0,-62.58682525768671
Ethiopia,6,0,3.545995765308029
Ethiopia,6,0,16.13428073215153
Ethiopia,6,0,0.0
Ethiopia,6,0,-4.361574791328876
Ethiopia,6,0,0.0
Ethiopia,6,0,-9.237318968627417
Ethiopia,6,0,25.460249594911648
Ethiopia,6,0,10.549337401791387
Ethiopia,6,0,1.4006683272966716
Ethiopia,6,0,-1.5956980943886132
Ethiopia,6,0,30.49556358164905
Ethiopia,6,0,17.729978826540147
Ethiopia,6,0,-0.3723295553573431
Ethiopia,6,0,15.088211981385664
Ethiopia,6,0,-16.666180096947738
Ethiopia,6,0,2.4821970357156204
Ethiopia,6,0,9.219588989800876
Ethiopia,6,0,0.9219588989800875
Ethiopia,6,0,5.088503923217022
Ethiopia,6,0,33.95290945282438
Ethiopia,6,0,15.77968115562073
Ethiopia,6,0,37.070628402928136
Ethiopia,6,0,-6.719661975258715
Ethiopia,6,0,50.35313986737401
Ethiopia,6,0,4.432494706635037
Ethiopia,6,0,33.68695977042628
Ethiopia,6,0,88.68535409035381
Ethiopia,6,0,7.978490471943066
Ethiopia,6,0,78.80469141247997
Ethiopia,6,0,1.7375379250009342
Ethiopia,6,0,2.1098674803582775
Ethiopia,6,0,1.0594269706683446
Ethiopia,6,0,168.29295902151907
Ethiopia,6,0,-1.7729978826540145
Ethiopia,6,0,180.8457840307095
Ethiopia,6,0,0.0
Ethiopia,6,0,79.69625482529796
Ethiopia,6,0,-25.60208942552397
Ethiopia,6,0,4.3438448125023355
Ethiopia,6,0,3.2268561464303067
Ethiopia,6,0,-162.40660605110773
Ethiopia,6,0,0.0
Ethiopia,6,0,19.857576285724964
Ethiopia,6,0,5.318993647962044
Ethiopia,6,0,0.0
Ethiopia,6,0,9.485538672198977
Ethiopia,6,0,11.485481149554328
Ethiopia,6,0,12.765584755108906
Ethiopia,6,0,-3.545995765308029
Ethiopia,6,0,30.14096400511825
Ethiopia,6,0,-2.2694372897971387
Ethiopia,6,0,2.765876696940263
Ethiopia,6,0,6.382792377554453
Ethiopia,6,0,7.021071615309897
Ethiopia,6,0,-0.21275974591848174
Ethiopia,6,0,8.864989413270074
Ethiopia,6,0,-21.275974591848176
Ethiopia,6,0,0.7801190683677665
Ethiopia,6,0,-4.964394071431241
Ethiopia,6,0,3.3155060405630072
Ethiopia,6,0,15.956980943886132
Ethiopia,6,0,7.978490471943066
Ethiopia,6,0,10.460687507658687
Ethiopia,6,0,-17.19807946174394
Ethiopia,6,0,0.0
Ethiopia,6,0,0.0
Ethiopia,6,0,13.120184331639708
Ethiopia,6,0,15.602381367355328
Ethiopia,6,0,-16.77255996990698
Ethiopia,6,0,12.410985178578102
Ethiopia,6,0,15.956980943886132
Ethiopia,6,0,-140.06683272966714
Ethiopia,6,0,26.594968239810218
Ethiopia,6,0,-0.17729978826540146
Ethiopia,6,0,-3.545995765308029
Ethiopia,6,0,28.545265910729636
Ethiopia,6,0,13.297484119905109
Ethiopia,6,0,1.950297670919416
Ethiopia,6,0,-1.329748411990511
Ethiopia,6,0,8.864989413270074
Ethiopia,6,0,13.120184331639708
Ethiopia,6,0,22.215663469654803
Ethiopia,6,0,13.297484119905109
Ethiopia,6,0,20.158985925776147
Ethiopia,6,0,3.545995765308029
Ethiopia,6,0,10.533576939655783
Ethiopia,6,0,21.87879387195054
Ethiopia,6,0,1.950297670919416
Ethiopia,6,0,24.857430314809285
Ethiopia,6,0,-1.1524486237251095
Ethiopia,6,0,20.566775438786568
Ethiopia,6,0,12.410985178578102
Ethiopia,6,0,35.105358076549486
Ethiopia,6,0,8.953639307402774
Ethiopia,6,0,17.729978826540147
Ethiopia,6,0,16.84347988521314
Ethiopia,6,0,10.14408120667848
Ethiopia,6,0,2.1275974591848175
Ethiopia,6,0,11.347186448985694
Ethiopia,6,0,4.538874579594277
Ethiopia,6,0,-1.950297670919416
Ethiopia,6,0,7.180641424748759
Ethiopia,6,0,2.1275974591848175
Ethiopia,6,0,-3.3155060405630072
Ethiopia,6,0,5.318993647962044
Ethiopia,6,0,30.54875351812867
Ethiopia,6,0,2.6417668451544816
Ethiopia,6,0,4.698444389033138
Ethiopia,6,0,0.0
Ethiopia,6,0,20.61996537526619
Ethiopia,6,0,-10.637987295924088
Ethiopia,6,0,87.50351421754857
Ethiopia,6,0,-5.736498180803721
Ethiopia,6,0,0.0
Ethiopia,6,0,28.722565698995037
